Workbook

Sheet Buff.CM
A1: #ID | B1: #조건 | C1: #조건 값 (백분율) | D1: #지속시간 천분율 | E1: #맥스 스택 | F1: #추가 스택 | G1: #Buff Effect | H1: #END Effect | I1: #Ture버프 해제불가 | J1: #사망 버프삭제 | K1: #버프, 디버프 | L1: #프리팹 | M1: #아이콘 | N1: #이름 | O1: #설명 | P1: #자동 설명 | Q1: #Hud 노출
A2: Id | B2: ActiveCondition | C2: ConditionValue | D2: Duration | E2: MaxStack | F2: AddStack | G2: Effects | H2: EndEffects | I2: Removeable | J2: RemoveDead | K2: BuffType | L2: Prefabs | M2: Icon | N2: Name | O2: Desc | P2: UseAutoDesc | Q2: Showhit
A3: *string | B3: ActiveCondition? | C3: string | D3: int | E3: int | F3: int | G3: [$BuffEffect] | H3: [$SkillEffect] | I3: bool | J3: bool | K3: bool | L3: [string] | M3: string | N3: string | O3: string | P3: bool | Q3: bool
A4: common | B4: common | C4: common | D4: common | E4: common | F4: common | G4: common | H4: common | I4: common | J4: common | K4: common | L4: client | M4: client | N4: client | O4: client | P4: client | Q4: common
A5: comingsoon | D5: 0 | E5: 0 | F5: 0 | G5: comingsoon | I5: FALSE | J5: FALSE | K5: TRUE | P5: FALSE | Q5: FALSE
A6: comingsoon.test.buff.01 | D6: 10000 | E6: 0 | F6: 0 | G6: comingsoon.test.buff.buffeffect.01 | I6: FALSE | J6: FALSE | K6: TRUE | M6: icon_battle_damagederate | P6: FALSE | Q6: FALSE
A7: comingsoon.test.buff.02 | D7: 10000 | E7: 0 | F7: 0 | G7: comingsoon.test.buff.buffeffect.02 | I7: FALSE | J7: FALSE | K7: TRUE | M7: icon_battle_damagederate | P7: FALSE | Q7: FALSE
A8: resist.cc | D8: 0 | E8: 0 | F8: 0 | G8: resist.cc | I8: FALSE | J8: FALSE | K8: TRUE | P8: FALSE | Q8: FALSE
A9: ccimmune | D9: 20000 | E9: 0 | F9: 0 | G9: ccimmune | I9: FALSE | J9: FALSE | K9: TRUE | L9: Effect/Prefab/10_buff/EFF_buff_invincible Effect/Prefab/10_buff/EFF_immune | M9: icon_battle_ccimmune | N9: Buff.Name.CCImmune | O9: Buff.Desc.CCImmune | P9: FALSE | Q9: FALSE
A10: damageimmune | D10: 5000 | E10: 0 | F10: 0 | G10: damageimmune burndamageimmune poisondamageimmune bleeddamageimmune | I10: FALSE | J10: FALSE | K10: TRUE | L10: Effect/Prefab/10_buff/EFF_buff_invincible Effect/Prefab/10_buff/EFF_immune | M10: icon_battle_damageimmune | N10: Buff.Name.DamageImmune | O10: Buff.Desc.DamageImmune | P10: FALSE | Q10: FALSE
A11: normaldamageimmune | D11: 5000 | E11: 0 | F11: 0 | G11: damageimmune | I11: FALSE | J11: FALSE | K11: TRUE | L11: Effect/Prefab/10_buff/EFF_buff_invincible Effect/Prefab/10_buff/EFF_immune | M11: icon_battle_damageimmune | N11: Buff.Name.NormalDamageImmune | O11: Buff.Desc.NormalDamageImmune | P11: FALSE | Q11: FALSE
A12: dotdamageimmune | D12: 5000 | E12: 0 | F12: 0 | G12: burndamageimmune poisondamageimmune bleeddamageimmune | I12: FALSE | J12: FALSE | K12: TRUE | L12: Effect/Prefab/10_buff/EFF_buff_invincible Effect/Prefab/10_buff/EFF_immune | M12: icon_battle_damageimmune | N12: Buff.Name.DotDamageImmune | O12: Buff.Desc.DotDamageImmune | P12: FALSE | Q12: FALSE
A13: pre.damageimmune | D13: 0 | E13: 0 | F13: 0 | G13: damageimmune burndamageimmune poisondamageimmune bleeddamageimmune | I13: FALSE | J13: FALSE | K13: TRUE | L13: Effect/Prefab/10_buff/EFF_buff_invincible Effect/Prefab/10_buff/EFF_immune | M13: icon_battle_damageimmune | N13: Buff.Name.DamageImmune | O13: Buff.Desc.DamageImmune | P13: FALSE | Q13: FALSE
A14: pre.normaldamageimmune | D14: 0 | E14: 0 | F14: 0 | G14: damageimmune | I14: FALSE | J14: FALSE | K14: TRUE | L14: Effect/Prefab/10_buff/EFF_buff_invincible Effect/Prefab/10_buff/EFF_immune | M14: icon_battle_damageimmune | N14: Buff.Name.NormalDamageImmune | O14: Buff.Desc.NormalDamageImmune | P14: FALSE | Q14: FALSE
A15: pre.dotdamageimmune | D15: 0 | E15: 0 | F15: 0 | G15: burndamageimmune poisondamageimmune bleeddamageimmune | I15: FALSE | J15: FALSE | K15: TRUE | L15: Effect/Prefab/10_buff/EFF_buff_invincible Effect/Prefab/10_buff/EFF_immune | M15: icon_battle_damageimmune | N15: Buff.Name.DotDamageImmune | O15: Buff.Desc.DotDamageImmune | P15: FALSE | Q15: FALSE
A16: guardrate25 | D16: 0 | E16: 0 | F16: 0 | G16: guardrate25 | I16: FALSE | J16: FALSE | K16: TRUE | L16: Effect/Prefab/10_buff/EFF_buff_up | M16: icon_battle_guard | N16: Buff.Name.GuardUp | O16: Buff.Desc.GuardUp | P16: FALSE | Q16: FALSE
A17: guardrate28 | D17: 0 | E17: 0 | F17: 0 | G17: guardrate28 | I17: FALSE | J17: FALSE | K17: TRUE | L17: Effect/Prefab/10_buff/EFF_buff_up | M17: icon_battle_guard | N17: Buff.Name.GuardUp | O17: Buff.Desc.GuardUp | P17: FALSE | Q17: FALSE
A18: guardrate30 | D18: 0 | E18: 0 | F18: 0 | G18: guardrate30 | I18: FALSE | J18: FALSE | K18: TRUE | L18: Effect/Prefab/10_buff/EFF_buff_up | M18: icon_battle_guard | N18: Buff.Name.GuardUp | O18: Buff.Desc.GuardUp | P18: FALSE | Q18: FALSE
A19: guardrate35 | D19: 0 | E19: 0 | F19: 0 | G19: guardrate35 | I19: FALSE | J19: FALSE | K19: TRUE | L19: Effect/Prefab/10_buff/EFF_buff_up | M19: icon_battle_guard | N19: Buff.Name.GuardUp | O19: Buff.Desc.GuardUp | P19: FALSE | Q19: FALSE
A20: guardrate40 | D20: 0 | E20: 0 | F20: 0 | G20: guardrate40 | I20: FALSE | J20: FALSE | K20: TRUE | L20: Effect/Prefab/10_buff/EFF_buff_up | M20: icon_battle_guard | N20: Buff.Name.GuardUp | O20: Buff.Desc.GuardUp | P20: FALSE | Q20: FALSE
... A23: guardrate100 | D23: 0 | E23: 0 | F23: 0 | G23: guardrate100 | I23: FALSE | J23: FALSE | K23: TRUE | L23: Effect/Prefab/10_buff/EFF_buff_up | M23: icon_battle_guard | N23: Buff.Name.GuardUp | O23: Buff.Desc.GuardUp | P23: FALSE | Q23: FALSE
A24: critical.20 | D24: 0 | E24: 0 | F24: 0 | G24: critical.20 | I24: FALSE | J24: FALSE | K24: TRUE | M24: icon_battle_critical | N24: Buff.Name.CriticalUp | O24: Buff.Desc.CriticalUp | P24: FALSE | Q24: FALSE
A25: critical.30 | D25: 0 | E25: 0 | F25: 0 | G25: critical.30 | I25: FALSE | J25: FALSE | K25: TRUE | M25: icon_battle_critical | N25: Buff.Name.CriticalUp | O25: Buff.Desc.CriticalUp | P25: FALSE | Q25: FALSE
A26: critical.35 | D26: 0 | E26: 0 | F26: 0 | G26: critical.35 | I26: FALSE | J26: FALSE | K26: TRUE | M26: icon_battle_critical | N26: Buff.Name.CriticalUp | O26: Buff.Desc.CriticalUp | P26: FALSE | Q26: FALSE
A27: critical.40 | D27: 0 | E27: 0 | F27: 0 | G27: critical.40 | I27: FALSE | J27: FALSE | K27: TRUE | M27: icon_battle_critical | N27: Buff.Name.CriticalUp | O27: Buff.Desc.CriticalUp | P27: FALSE | Q27: FALSE
A28: critical.45 | D28: 0 | E28: 0 | F28: 0 | G28: critical.45 | I28: FALSE | J28: FALSE | K28: TRUE | M28: icon_battle_critical | N28: Buff.Name.CriticalUp | O28: Buff.Desc.CriticalUp | P28: FALSE | Q28: FALSE
A29: critical.50 | D29: 0 | E29: 0 | F29: 0 | G29: critical.50 | I29: FALSE | J29: FALSE | K29: TRUE | M29: icon_battle_critical | N29: Buff.Name.CriticalUp | O29: Buff.Desc.CriticalUp | P29: FALSE | Q29: FALSE
A30: critical.60 | D30: 0 | E30: 0 | F30: 0 | G30: critical.60 | I30: FALSE | J30: FALSE | K30: TRUE | M30: icon_battle_critical | N30: Buff.Name.CriticalUp | O30: Buff.Desc.CriticalUp | P30: FALSE | Q30: FALSE
A31: critical.100 | D31: 0 | E31: 0 | F31: 0 | G31: critical.100 | I31: FALSE | J31: FALSE | K31: TRUE | M31: icon_battle_critical | N31: Buff.Name.CriticalUp | O31: Buff.Desc.CriticalUp | P31: FALSE | Q31: FALSE
A32: ignoredefense.10 | D32: 0 | E32: 0 | F32: 0 | G32: ignoredefense.10 | I32: FALSE | J32: FALSE | K32: TRUE | M32: icon_battle_ignoredefense | N32: Buff.Name.IgnoredefenseUp | O32: Buff.Desc.IgnoredefenseUp | P32: FALSE | Q32: FALSE
A33: ignoredefense.20 | D33: 0 | E33: 0 | F33: 0 | G33: ignoredefense.20 | I33: FALSE | J33: FALSE | K33: TRUE | M33: icon_battle_ignoredefense | N33: Buff.Name.IgnoredefenseUp | O33: Buff.Desc.IgnoredefenseUp | P33: FALSE | Q33: FALSE
A34: ignoredefense.25 | D34: 0 | E34: 0 | F34: 0 | G34: ignoredefense.25 | I34: FALSE | J34: FALSE | K34: TRUE | M34: icon_battle_ignoredefense | N34: Buff.Name.IgnoredefenseUp | O34: Buff.Desc.IgnoredefenseUp | P34: FALSE | Q34: FALSE
A35: ignoredefense.30 | D35: 0 | E35: 0 | F35: 0 | G35: ignoredefense.30 | I35: FALSE | J35: FALSE | K35: TRUE | M35: icon_battle_ignoredefense | N35: Buff.Name.IgnoredefenseUp | O35: Buff.Desc.IgnoredefenseUp | P35: FALSE | Q35: FALSE
... A55: accuracy.100 | D55: 0 | E55: 0 | F55: 0 | G55: accuracy.100 | I55: FALSE | J55: FALSE | K55: TRUE | M55: icon_battle_accuracy | N55: Buff.Name.AccuracyUp | O55: Buff.Desc.AccuracyUp | P55: FALSE | Q55: FALSE
A56: knockback50 | D56: 50 | E56: 0 | F56: 0 | G56: knockback | I56: FALSE | J56: FALSE | K56: FALSE | P56: FALSE | Q56: FALSE
A57: knockback100 | D57: 100 | E57: 0 | F57: 0 | G57: knockback | I57: FALSE | J57: FALSE | K57: FALSE | P57: FALSE | Q57: FALSE
A58: knockback150 | D58: 150 | E58: 0 | F58: 0 | G58: knockback | I58: FALSE | J58: FALSE | K58: FALSE | P58: FALSE | Q58: FALSE
A59: knockback200 | D59: 200 | E59: 0 | F59: 0 | G59: knockback | I59: FALSE | J59: FALSE | K59: FALSE | P59: FALSE | Q59: FALSE
A60: knockback250 | D60: 250 | E60: 0 | F60: 0 | G60: knockback | I60: FALSE | J60: FALSE | K60: FALSE | P60: FALSE | Q60: FALSE
A61: knockback300 | D61: 300 | E61: 0 | F61: 0 | G61: knockback | I61: FALSE | J61: FALSE | K61: FALSE | P61: FALSE | Q61: FALSE
A62: pushed100 | D62: 100 | E62: 0 | F62: 0 | G62: pushed | I62: FALSE | J62: FALSE | K62: FALSE | P62: FALSE | Q62: FALSE
A63: pushed150 | D63: 150 | E63: 0 | F63: 0 | G63: pushed | I63: FALSE | J63: FALSE | K63: FALSE | P63: FALSE | Q63: FALSE
A64: pushed200 | D64: 200 | E64: 0 | F64: 0 | G64: pushed | I64: FALSE | J64: FALSE | K64: FALSE | P64: FALSE | Q64: FALSE
A65: exile.end.buff | D65: 1000 | E65: 0 | F65: 0 | G65: none | I65: FALSE | J65: FALSE | K65: FALSE | L65: Effect/Prefab/10_buff/EFF_debuff_exile_ed | P65: FALSE | Q65: FALSE
A66: info.ccimmune | D66: 0 | E66: 0 | F66: 0 | G66: none | I66: FALSE | J66: FALSE | K66: TRUE | M66: icon_battle_ccimmune | N66: Buff.Name.CCImmune | O66: Buff.Desc.CCImmune | P66: FALSE | Q66: FALSE
A67: info.damageimmune | D67: 0 | E67: 0 | F67: 0 | G67: none | I67: FALSE | J67: FALSE | K67: TRUE | M67: icon_battle_damageimmune | N67: Buff.Name.DamageImmune | O67: Buff.Desc.DamageImmune | P67: FALSE | Q67: FALSE
A68: info.normaldamageimmune | D68: 0 | E68: 0 | F68: 0 | G68: none | I68: FALSE | J68: FALSE | K68: TRUE | M68: icon_battle_damageimmune | N68: Buff.Name.NormalDamageImmune | O68: Buff.Desc.NormalDamageImmune | P68: FALSE | Q68: FALSE
A69: info.airborne | D69: 0 | E69: 0 | F69: 0 | G69: none | I69: FALSE | J69: FALSE | K69: FALSE | M69: icon_cha_skill_backstep_u | N69: Buff.Name.Airborne | O69: Buff.Desc.Airborne | P69: FALSE | Q69: FALSE
A70: info.pull | D70: 0 | E70: 0 | F70: 0 | G70: none | I70: FALSE | J70: FALSE | K70: FALSE | M70: icon_battle_grab | N70: Buff.Name.Pull | O70: Buff.Desc.Pull | P70: FALSE | Q70: FALSE
A71: info.knockback | D71: 0 | E71: 0 | F71: 0 | G71: none | I71: FALSE | J71: FALSE | K71: FALSE | M71: icon_battle_knockback | N71: Buff.Name.KnockBack | O71: Buff.Desc.KnockBack | P71: FALSE | Q71: FALSE
A72: info.pushed | D72: 0 | E72: 0 | F72: 0 | G72: none | I72: FALSE | J72: FALSE | K72: TRUE | M72: icon_cha_skill_backstep_u | N72: Buff.Name.Pushed | O72: Buff.Desc.Pushed | P72: FALSE | Q72: FALSE
A73: info.blackhole | D73: 0 | E73: 0 | F73: 0 | G73: none | I73: FALSE | J73: FALSE | K73: FALSE | M73: icon_battle_black_hole | N73: Buff.Name.BlackHole | O73: Buff.Desc.BlackHole | P73: FALSE | Q73: FALSE
A74: info.target.attacker | D74: 0 | E74: 0 | F74: 0 | G74: none | I74: FALSE | J74: FALSE | K74: TRUE | M74: icon_battle_target_attacker | N74: Buff.Name.TargetClass.Attacker | O74: Buff.Desc.TargetClass.Attacker | P74: FALSE | Q74: FALSE
A75: info.target.tanker | D75: 0 | E75: 0 | F75: 0 | G75: none | I75: FALSE | J75: FALSE | K75: TRUE | M75: icon_battle_target_tanker | N75: Buff.Name.TargetClass.Tanker | O75: Buff.Desc.TargetClass.Tanker | P75: FALSE | Q75: FALSE
A76: info.target.supporter | D76: 0 | E76: 0 | F76: 0 | G76: none | I76: FALSE | J76: FALSE | K76: TRUE | M76: icon_battle_target_supporter | N76: Buff.Name.TargetClass.Supporter | O76: Buff.Desc.TargetClass.Supporter | P76: FALSE | Q76: FALSE
A77: info.target.ranger | D77: 0 | E77: 0 | F77: 0 | G77: none | I77: FALSE | J77: FALSE | K77: TRUE | M77: icon_battle_target_ranger | N77: Buff.Name.TargetClass.Ranger | O77: Buff.Desc.TargetClass.Ranger | P77: FALSE | Q77: FALSE
... A108: info.addattack.poison | D108: 0 | E108: 0 | F108: 0 | G108: none | I108: FALSE | J108: FALSE | K108: TRUE | M108: icon_battle_addattack_poison | N108: Buff.Name.AddAttack.Poison | O108: Buff.Desc.AddAttack.Poison | P108: FALSE | Q108: FALSE
A109: sample.dot.burn | D109: 10000 | E109: 0 | F109: 0 | G109: sample.dot.burn | I109: FALSE | J109: FALSE | K109: FALSE | L109: Effect/Prefab/10_buff/EFF_debuff_fire | M109: icon_battle_burn | N109: Buff.Name.burn | O109: Buff.Desc.burn | P109: FALSE | Q109: TRUE
A110: sample.dot.poison | D110: 10000 | E110: 0 | F110: 0 | G110: sample.dot.poison | I110: FALSE | J110: FALSE | K110: FALSE | L110: Effect/Prefab/10_buff/EFF_debuff_poison | M110: icon_battle_poison | N110: Buff.Name.Poison | O110: Buff.Desc.Poison | P110: FALSE | Q110: TRUE
A111: sample.dot.bleed | D111: 10000 | E111: 0 | F111: 0 | G111: sample.dot.bleed | I111: FALSE | J111: FALSE | K111: FALSE | L111: Effect/Prefab/10_buff/EFF_debuff_bleeding | M111: icon_battle_bleeding | N111: Buff.Name.Bleeding | O111: Buff.Desc.Bleeding | P111: FALSE | Q111: TRUE
A112: sample.cooldown | D112: 0 | E112: 0 | F112: 0 | G112: none | I112: FALSE | J112: FALSE | K112: TRUE | L112: Effect/Prefab/10_buff/EFF_buff_up | M112: icon_battle_cooldown | N112: Buff.Name.CooldownDown | O112: Buff.Desc.CooldownDown | P112: FALSE | Q112: FALSE
A113: sample.coolup | D113: 0 | E113: 0 | F113: 0 | G113: none | I113: FALSE | J113: FALSE | K113: FALSE | L113: Effect/Prefab/10_buff/EFF_debuff_down | M113: icon_battle_cooldown | N113: Buff.Name.CooldownUp | O113: Buff.Desc.CooldownUp | P113: FALSE | Q113: FALSE
A114: sample.knockback | D114: 50 | E114: 0 | F114: 0 | G114: knockback | I114: FALSE | J114: FALSE | K114: FALSE | P114: FALSE | Q114: FALSE
A115: BattleTile.Atk | D115: 0 | E115: 0 | F115: 0 | G115: BattleTile.Atk.BuffEffect | I115: FALSE | J115: FALSE | K115: TRUE | L115: Effect/Prefab/05.UI/EFF_battle_tile_start | N115: Buff.Name.AttackUp | P115: TRUE | Q115: FALSE
A116: BattleTile.Def | D116: 0 | E116: 0 | F116: 0 | G116: BattleTile.Def.BuffEffect | I116: FALSE | J116: FALSE | K116: TRUE | L116: Effect/Prefab/05.UI/EFF_battle_tile_start | N116: Buff.Name.DefenseUp | P116: TRUE | Q116: FALSE
A117: BattleTile.MaxHp | D117: 0 | E117: 0 | F117: 0 | G117: BattleTile.MaxHp.BuffEffect | I117: FALSE | J117: FALSE | K117: TRUE | L117: Effect/Prefab/05.UI/EFF_battle_tile_start | N117: Buff.Name.HpUp | P117: TRUE | Q117: FALSE
A118: BattleTile.Recharge | D118: 0 | E118: 0 | F118: 0 | G118: BattleTile.Recharge.BuffEffect | I118: FALSE | J118: FALSE | K118: TRUE | L118: Effect/Prefab/05.UI/EFF_battle_tile_start | N118: Buff.Name.EPRechargeRateUP | P118: TRUE | Q118: FALSE
A119: BattleTile.Atk.Faction | D119: 0 | E119: 0 | F119: 0 | G119: BattleTile.Atk.Faction.BuffEffect | I119: FALSE | J119: FALSE | K119: TRUE | L119: Effect/Prefab/05.UI/EFF_battle_tile_start | N119: Buff.Name.AttackUp | P119: TRUE | Q119: FALSE
A120: BattleTile.Def.Faction | D120: 0 | E120: 0 | F120: 0 | G120: BattleTile.Def.Faction.BuffEffect | I120: FALSE | J120: FALSE | K120: TRUE | L120: Effect/Prefab/05.UI/EFF_battle_tile_start | N120: Buff.Name.DefenseUp | P120: TRUE | Q120: FALSE
A121: BattleTile.MaxHp.Faction | D121: 0 | E121: 0 | F121: 0 | G121: BattleTile.MaxHp.Faction.BuffEffect | I121: FALSE | J121: FALSE | K121: TRUE | L121: Effect/Prefab/05.UI/EFF_battle_tile_start | N121: Buff.Name.HpUp | P121: TRUE | Q121: FALSE
A122: EventCharacter.Buff | D122: 0 | E122: 0 | F122: 0 | G122: EventCharacter.Atk.BuffEffect EventCharacter.Def.BuffEffect EventCharacter.MaxHp.BuffEffect | I122: FALSE | J122: FALSE | K122: TRUE | P122: FALSE | Q122: FALSE
A123: Monster.Debuff.01 | D123: 0 | E123: 0 | F123: 0 | G123: Monster.Debuff.01.Atk.Down.Buffeffect Monster.Debuff.01.Def.Down.Buffeffect | I123: FALSE | J123: FALSE | K123: TRUE | P123: FALSE | Q123: FALSE
A125: Attribute.R.dmgrate.buff | B125: AttributeType | C125: AttributeRed | D125: 0 | E125: 0 | F125: 0 | G125: =A125&".buffeffect" -> Attribute.R.dmgrate.buff.buffeffect | I125: FALSE | J125: FALSE | K125: TRUE | N125: Buff.Name.DamageRateUp | P125: TRUE | Q125: FALSE
A126: Attribute.R.dmgderate.buff | B126: AttributeType | C126: AttributeRed | D126: 0 | E126: 0 | F126: 0 | G126: =A126&".buffeffect" -> Attribute.R.dmgderate.buff.buffeffect | I126: FALSE | J126: FALSE | K126: TRUE | N126: Buff.Name.DamageDerateUp | P126: TRUE | Q126: FALSE
A127: Attribute.G.dmgrate.buff | B127: AttributeType | C127: AttributeGreen | D127: 0 | E127: 0 | F127: 0 | G127: =A127&".buffeffect" -> Attribute.G.dmgrate.buff.buffeffect | I127: FALSE | J127: FALSE | K127: TRUE | N127: Buff.Name.DamageRateUp | P127: TRUE | Q127: FALSE
A128: Attribute.G.dmgderate.buff | B128: AttributeType | C128: AttributeGreen | D128: 0 | E128: 0 | F128: 0 | G128: =A128&".buffeffect" -> Attribute.G.dmgderate.buff.buffeffect | I128: FALSE | J128: FALSE | K128: TRUE | N128: Buff.Name.DamageDerateUp | P128: TRUE | Q128: FALSE
A129: Attribute.B.dmgrate.buff | B129: AttributeType | C129: AttributeBlue | D129: 0 | E129: 0 | F129: 0 | G129: =A129&".buffeffect" -> Attribute.B.dmgrate.buff.buffeffect | I129: FALSE | J129: FALSE | K129: TRUE | N129: Buff.Name.DamageRateUp | P129: TRUE | Q129: FALSE
A130: Attribute.B.dmgderate.buff | B130: AttributeType | C130: AttributeBlue | D130: 0 | E130: 0 | F130: 0 | G130: =A130&".buffeffect" -> Attribute.B.dmgderate.buff.buffeffect | I130: FALSE | J130: FALSE | K130: TRUE | N130: Buff.Name.DamageDerateUp | P130: TRUE | Q130: FALSE
A131: Attribute.GD.dmgrate.buff | B131: AttributeType | C131: AttributeGold | D131: 0 | E131: 0 | F131: 0 | G131: =A131&".buffeffect" -> Attribute.GD.dmgrate.buff.buffeffect | I131: FALSE | J131: FALSE | K131: TRUE | N131: Buff.Name.DamageRateUp | P131: TRUE | Q131: FALSE
A132: Attribute.GD.dmgderate.buff | B132: AttributeType | C132: AttributeGold | D132: 0 | E132: 0 | F132: 0 | G132: =A132&".buffeffect" -> Attribute.GD.dmgderate.buff.buffeffect | I132: FALSE | J132: FALSE | K132: TRUE | N132: Buff.Name.DamageDerateUp | P132: TRUE | Q132: FALSE
A133: Attribute.P.dmgrate.buff | B133: AttributeType | C133: AttributePurple | D133: 0 | E133: 0 | F133: 0 | G133: =A133&".buffeffect" -> Attribute.P.dmgrate.buff.buffeffect | I133: FALSE | J133: FALSE | K133: TRUE | N133: Buff.Name.DamageRateUp | P133: TRUE | Q133: FALSE
A134: Attribute.P.dmgderate.buff | B134: AttributeType | C134: AttributePurple | D134: 0 | E134: 0 | F134: 0 | G134: =A134&".buffeffect" -> Attribute.P.dmgderate.buff.buffeffect | I134: FALSE | J134: FALSE | K134: TRUE | N134: Buff.Name.DamageDerateUp | P134: TRUE | Q134: FALSE
A136: Atk.Up | D136: 0 | E136: 0 | F136: 0 | G136: none | I136: FALSE | J136: FALSE | K136: TRUE | L136: Effect/Prefab/10_buff/EFF_buff_up | M136: icon_battle_attack | N136: Buff.Name.Atk.Up.00 | O136: Buff.Desc.Atk.Up.00 | P136: FALSE | Q136: FALSE
A137: Atk.Up.01 | D137: 0 | E137: 0 | F137: 0 | G137: none | I137: FALSE | J137: FALSE | K137: TRUE | L137: Effect/Prefab/10_buff/EFF_buff_up | M137: icon_battle_attack | N137: Buff.Name.Atk.Up.01 | O137: Buff.Desc.Atk.Up.01 | P137: FALSE | Q137: FALSE
A138: Atk.Up.02 | D138: 0 | E138: 0 | F138: 0 | G138: none | I138: FALSE | J138: FALSE | K138: TRUE | L138: Effect/Prefab/10_buff/EFF_buff_up | M138: icon_battle_attack | N138: Buff.Name.Atk.Up.02 | O138: Buff.Desc.Atk.Up.02 | P138: FALSE | Q138: FALSE
A139: Atk.Up.03 | D139: 0 | E139: 0 | F139: 0 | G139: none | I139: FALSE | J139: FALSE | K139: TRUE | L139: Effect/Prefab/10_buff/EFF_buff_up | M139: icon_battle_attack | N139: Buff.Name.Atk.Up.03 | O139: Buff.Desc.Atk.Up.03 | P139: FALSE | Q139: FALSE
A140: Atk.Up.04 | D140: 0 | E140: 0 | F140: 0 | G140: none | I140: FALSE | J140: FALSE | K140: TRUE | L140: Effect/Prefab/10_buff/EFF_buff_up | M140: icon_battle_attack | N140: Buff.Name.Atk.Up.04 | O140: Buff.Desc.Atk.Up.04 | P140: FALSE | Q140: FALSE
A141: Atk.Up.05 | D141: 0 | E141: 0 | F141: 0 | G141: none | I141: FALSE | J141: FALSE | K141: TRUE | L141: Effect/Prefab/10_buff/EFF_buff_up | M141: icon_battle_attack | N141: Buff.Name.Atk.Up.05 | O141: Buff.Desc.Atk.Up.05 | P141: FALSE | Q141: FALSE
A142: Def.Up | D142: 0 | E142: 0 | F142: 0 | G142: none | I142: FALSE | J142: FALSE | K142: TRUE | L142: Effect/Prefab/10_buff/EFF_buff_up | M142: icon_battle_defense | N142: Buff.Name.Def.Up.00 | O142: Buff.Desc.Def.Up.00 | P142: FALSE | Q142: FALSE
A143: Def.Up.01 | D143: 0 | E143: 0 | F143: 0 | G143: none | I143: FALSE | J143: FALSE | K143: TRUE | L143: Effect/Prefab/10_buff/EFF_buff_up | M143: icon_battle_defense | N143: Buff.Name.Def.Up.01 | O143: Buff.Desc.Def.Up.01 | P143: FALSE | Q143: FALSE
A144: Def.Up.02 | D144: 0 | E144: 0 | F144: 0 | G144: none | I144: FALSE | J144: FALSE | K144: TRUE | L144: Effect/Prefab/10_buff/EFF_buff_up | M144: icon_battle_defense | N144: Buff.Name.Def.Up.02 | O144: Buff.Desc.Def.Up.02 | P144: FALSE | Q144: FALSE
A145: Def.Up.03 | D145: 0 | E145: 0 | F145: 0 | G145: none | I145: FALSE | J145: FALSE | K145: TRUE | L145: Effect/Prefab/10_buff/EFF_buff_up | M145: icon_battle_defense | N145: Buff.Name.Def.Up.03 | O145: Buff.Desc.Def.Up.03 | P145: FALSE | Q145: FALSE
A146: Def.Up.04 | D146: 0 | E146: 0 | F146: 0 | G146: none | I146: FALSE | J146: FALSE | K146: TRUE | L146: Effect/Prefab/10_buff/EFF_buff_up | M146: icon_battle_defense | N146: Buff.Name.Def.Up.04 | O146: Buff.Desc.Def.Up.04 | P146: FALSE | Q146: FALSE
A147: Def.Up.05 | D147: 0 | E147: 0 | F147: 0 | G147: none | I147: FALSE | J147: FALSE | K147: TRUE | L147: Effect/Prefab/10_buff/EFF_buff_up | M147: icon_battle_defense | N147: Buff.Name.Def.Up.05 | O147: Buff.Desc.Def.Up.05 | P147: FALSE | Q147: FALSE
... A592: Electric.05 | D592: 0 | E592: 0 | F592: 0 | G592: none | I592: FALSE | J592: FALSE | K592: FALSE | L592: Effect/Prefab/10_buff/EFF_debuff_electric | M592: icon_battle_shock | N592: Buff.Name.Electric.05 | O592: Buff.Desc.Electric.05 | P592: FALSE | Q592: FALSE
A594: info.airen.buff.adventure | D594: 0 | E594: 0 | F594: 0 | G594: none | I594: FALSE | J594: FALSE | K594: TRUE | M594: icon_battle_monster_damage | N594: info.airen.buff.adventure | O594: Desc.info.airen.buff.adventure | P594: FALSE | Q594: FALSE
A595: info.airen.buff.a2 | D595: 0 | E595: 0 | F595: 0 | G595: none | I595: FALSE | J595: FALSE | K595: TRUE | M595: icon_battle_effect_res | N595: info.airen.buff.a2 | O595: Desc.info.airen.buff.a2 | P595: FALSE | Q595: FALSE
A596: info.ambrosia.buff.bullet | D596: 0 | E596: 0 | F596: 0 | G596: none | I596: FALSE | J596: FALSE | K596: TRUE | M596: icon_battle_ambrosia_buff | N596: info.ambrosia.buff.bullet | O596: Desc.info.ambrosia.buff.bullet | P596: FALSE | Q596: FALSE
A597: info.angelica.buff.burn | D597: 0 | E597: 0 | F597: 0 | G597: none | I597: FALSE | J597: FALSE | K597: TRUE | M597: icon_battle_angelica_stage1 | N597: info.angelica.buff.burn | O597: Desc.info.angelica.buff.burn | P597: FALSE | Q597: FALSE
A598: info.archphase.buff.starcore | D598: 0 | E598: 0 | F598: 0 | G598: none | I598: FALSE | J598: FALSE | K598: TRUE | M598: icon_battle_archphase_starcore | N598: info.archphase.buff.starcore | O598: Desc.info.archphase.buff.starcore | P598: FALSE | Q598: FALSE
...

Sheet BuffEffect.CM
A1: #ID | B1: #조건 | C1: #조건 값 (백분율) | D1: #조건체크 반복주기 | E1: #사용횟수 기본값:1, 공백:무한 | F1: #타겟 | G1: #광여 타이 | H1: #값 | I1: #수 | J1: #타입 | K1: #값 | L1: #값 % | M1: #값 (상수) | N1: #이펙트 | O1: #사용 스택 | P1: #틱 | Q1: #이펙트 이름 | R1: #Hud
A2: Id | B2: ActiveCondition | C2: ConditionValue | D2: CoolTime | E2: LimitEffectCount | F2: TargetTendency | G2: AreaType | H2: AreaValue | I2: TargetCount | J2: #Type | K2: #Value1 | L2: #Value2 | M2: #Value3 | N2: Effect | O2: UseStack | P2: Tick | Q2: Name | R2: ShowHit
A3: *string | B3: ActiveCondition? | C3: string | D3: int | E3: int? | F3: TargetTendency | G3: AreaType | H3: [int] | I3: int | J3: #BuffEffectType | K3: #string | L3: #string | M3: #string | N3: dsl | O3: int | P3: int | Q3: string | R3: bool
A4: common | B4: common | C4: common | D4: common | E4: common | F4: common | G4: common | H4: common | I4: common | J4: # | K4: # | L4: # | M4: # | N4: common | O4: common | P4: common | Q4: client | R4: common
A5: none | D5: 0 | E5: 1 | F5: Self | G5: Single | I5: 0 | J5: None | N5: =J5&"("&IF(K5="","",K5)&IF(L5="","",", "&L5)&IF(M5="","",", "&M5)&")" -> None() | O5: 0 | P5: 0 | R5: FALSE
A6: comingsoon | D6: 0 | E6: 1 | F6: Self | G6: Single | I6: 0 | J6: None | N6: =J6&"("&IF(K6="","",K6)&IF(L6="","",", "&L6)&IF(M6="","",", "&M6)&")" -> None() | O6: 0 | P6: 0 | R6: TRUE
A7: comingsoon.test.buff.buffeffect.01 | D7: 0 | E7: 1 | F7: Self | G7: Single | I7: 0 | J7: Status | K7: DamageDerate | L7: 1000 | N7: =J7&"("&IF(K7="","",K7)&IF(L7="","",", "&L7)&IF(M7="","",", "&M7)&")" -> Status(DamageDerate, 1000) | O7: 0 | P7: 0 | R7: TRUE
A8: comingsoon.test.buff.buffeffect.02 | D8: 0 | E8: 1 | F8: Self | G8: Single | I8: 0 | J8: Status | K8: DamageDerate | L8: -1000 | N8: =J8&"("&IF(K8="","",K8)&IF(L8="","",", "&L8)&IF(M8="","",", "&M8)&")" -> Status(DamageDerate, -1000) | O8: 0 | P8: 0 | R8: TRUE
A9: ccimmune | D9: 0 | E9: 1 | F9: Self | G9: Single | I9: 0 | J9: DebuffResist | K9: CrowdControl | L9: 100 | N9: =J9&"("&IF(K9="","",K9)&IF(L9="","",", "&L9)&IF(M9="","",", "&M9)&")" -> DebuffResist(CrowdControl, 100) | O9: 0 | P9: 0 | R9: TRUE
A10: all.immune | D10: 0 | E10: 1 | F10: Self | G10: Single | I10: 0 | J10: DebuffResist | K10: All | L10: 100 | N10: =J10&"("&IF(K10="","",K10)&IF(L10="","",", "&L10)&IF(M10="","",", "&M10)&")" -> DebuffResist(All, 100) | O10: 0 | P10: 0 | R10: TRUE
A11: resist.cc | D11: 0 | E11: 1 | F11: Self | G11: Single | I11: 0 | J11: CCResist | K11: None | L11: 1000 | N11: =J11&"("&IF(K11="","",K11)&IF(L11="","",", "&L11)&IF(M11="","",", "&M11)&")" -> CCResist(None, 1000) | O11: 0 | P11: 0 | R11: TRUE
A12: resist.silence | D12: 0 | E12: 1 | F12: Self | G12: Single | I12: 0 | J12: CCResist | K12: Silence | L12: 1000 | N12: =J12&"("&IF(K12="","",K12)&IF(L12="","",", "&L12)&IF(M12="","",", "&M12)&")" -> CCResist(Silence, 1000) | O12: 0 | P12: 0 | R12: TRUE
A13: resist.blind | D13: 0 | E13: 1 | F13: Self | G13: Single | I13: 0 | J13: CCResist | K13: Blind | L13: 1000 | N13: =J13&"("&IF(K13="","",K13)&IF(L13="","",", "&L13)&IF(M13="","",", "&M13)&")" -> CCResist(Blind, 1000) | O13: 0 | P13: 0 | R13: TRUE
A14: resist.bind | D14: 0 | E14: 1 | F14: Self | G14: Single | I14: 0 | J14: CCResist | K14: Bind | L14: 1000 | N14: =J14&"("&IF(K14="","",K14)&IF(L14="","",", "&L14)&IF(M14="","",", "&M14)&")" -> CCResist(Bind, 1000) | O14: 0 | P14: 0 | R14: TRUE
A15: resist.wound | D15: 0 | E15: 1 | F15: Self | G15: Single | I15: 0 | J15: CCResist | K15: Wound | L15: 1000 | N15: =J15&"("&IF(K15="","",K15)&IF(L15="","",", "&L15)&IF(M15="","",", "&M15)&")" -> CCResist(Wound, 1000) | O15: 0 | P15: 0 | R15: TRUE
A16: resist.sleep | D16: 0 | E16: 1 | F16: Self | G16: Single | I16: 0 | J16: CCResist | K16: Sleep | L16: 1000 | N16: =J16&"("&IF(K16="","",K16)&IF(L16="","",", "&L16)&IF(M16="","",", "&M16)&")" -> CCResist(Sleep, 1000) | O16: 0 | P16: 0 | R16: TRUE
A17: resist.stun | D17: 0 | E17: 1 | F17: Self | G17: Single | I17: 0 | J17: CCResist | K17: Stun | L17: 1000 | N17: =J17&"("&IF(K17="","",K17)&IF(L17="","",", "&L17)&IF(M17="","",", "&M17)&")" -> CCResist(Stun, 1000) | O17: 0 | P17: 0 | R17: TRUE
A18: resist.shock | D18: 0 | E18: 1 | F18: Self | G18: Single | I18: 0 | J18: CCResist | K18: Shock | L18: 1000 | N18: =J18&"("&IF(K18="","",K18)&IF(L18="","",", "&L18)&IF(M18="","",", "&M18)&")" -> CCResist(Shock, 1000) | O18: 0 | P18: 0 | R18: TRUE
... A59: HealRatedown | D59: 0 | E59: 1 | F59: Self | G59: Single | I59: 0 | J59: Status | K59: ReceiveRecoveryRate | L59: -10000 | N59: =J59&"("&IF(K59="","",K59)&IF(L59="","",", "&L59)&IF(M59="","",", "&M59)&")" -> Status(ReceiveRecoveryRate, -10000) | O59: 0 | P59: 0 | R59: TRUE
A60: Invincible | D60: 0 | E60: 1 | F60: Self | G60: Single | I60: 0 | J60: Invincible | N60: =J60&"("&IF(K60="","",K60)&IF(L60="","",", "&L60)&IF(M60="","",", "&M60)&")" -> Invincible() | O60: 0 | P60: 0 | R60: TRUE
A61: stun | D61: 0 | E61: 1 | F61: Self | G61: Single | I61: 0 | J61: CrowdControl | K61: Stun | N61: =J61&"("&IF(K61="","",K61)&IF(L61="","",", "&L61)&IF(M61="","",", "&M61)&")" -> CrowdControl(Stun) | O61: 0 | P61: 0 | Q61: Buff.Name.Stun | R61: TRUE
A62: bind | D62: 0 | E62: 1 | F62: Self | G62: Single | I62: 0 | J62: CrowdControl | K62: Bind | N62: =J62&"("&IF(K62="","",K62)&IF(L62="","",", "&L62)&IF(M62="","",", "&M62)&")" -> CrowdControl(Bind) | O62: 0 | P62: 0 | Q62: Buff.Name.Bind | R62: TRUE
A63: freeze | D63: 0 | E63: 1 | F63: Self | G63: Single | I63: 0 | J63: CrowdControl | K63: Freeze | N63: =J63&"("&IF(K63="","",K63)&IF(L63="","",", "&L63)&IF(M63="","",", "&M63)&")" -> CrowdControl(Freeze) | O63: 0 | P63: 0 | Q63: Buff.Name.Freeze | R63: TRUE
A64: shock | D64: 0 | E64: 1 | F64: Self | G64: Single | I64: 0 | J64: CrowdControl | K64: Shock | N64: =J64&"("&IF(K64="","",K64)&IF(L64="","",", "&L64)&IF(M64="","",", "&M64)&")" -> CrowdControl(Shock) | O64: 0 | P64: 0 | Q64: Buff.Name.Shock | R64: TRUE
A65: paralysis | D65: 0 | E65: 1 | F65: Self | G65: Single | I65: 0 | J65: CrowdControl | K65: Paralysis | N65: =J65&"("&IF(K65="","",K65)&IF(L65="","",", "&L65)&IF(M65="","",", "&M65)&")" -> CrowdControl(Paralysis) | O65: 0 | P65: 0 | Q65: Buff.Name.Paralysis | R65: TRUE
A66: wound | D66: 0 | E66: 1 | F66: Self | G66: Single | I66: 0 | J66: CrowdControl | K66: Wound | N66: =J66&"("&IF(K66="","",K66)&IF(L66="","",", "&L66)&IF(M66="","",", "&M66)&")" -> CrowdControl(Wound) | O66: 0 | P66: 0 | Q66: Buff.Name.Wound | R66: TRUE
A67: fear | D67: 0 | E67: 1 | F67: Self | G67: Single | I67: 0 | J67: CrowdControl | K67: Fear | N67: =J67&"("&IF(K67="","",K67)&IF(L67="","",", "&L67)&IF(M67="","",", "&M67)&")" -> CrowdControl(Fear) | O67: 0 | P67: 0 | Q67: Buff.Name.Fear | R67: TRUE
A68: charm | D68: 0 | E68: 1 | F68: Self | G68: Single | I68: 0 | J68: CrowdControl | K68: Charm | N68: =J68&"("&IF(K68="","",K68)&IF(L68="","",", "&L68)&IF(M68="","",", "&M68)&")" -> CrowdControl(Charm) | O68: 0 | P68: 0 | Q68: Buff.Name.Charm | R68: TRUE
A69: silence | D69: 0 | E69: 1 | F69: Self | G69: Single | I69: 0 | J69: CrowdControl | K69: Silence | N69: =J69&"("&IF(K69="","",K69)&IF(L69="","",", "&L69)&IF(M69="","",", "&M69)&")" -> CrowdControl(Silence) | O69: 0 | P69: 0 | Q69: Buff.Name.Silence | R69: TRUE
A70: blind | D70: 0 | E70: 1 | F70: Self | G70: Single | I70: 0 | J70: CrowdControl | K70: Blind | N70: =J70&"("&IF(K70="","",K70)&IF(L70="","",", "&L70)&IF(M70="","",", "&M70)&")" -> CrowdControl(Blind) | O70: 0 | P70: 0 | Q70: Buff.Name.Blindess | R70: TRUE
A71: sleep | D71: 0 | E71: 1 | F71: Self | G71: Single | I71: 0 | J71: CrowdControl | K71: Sleep | N71: =J71&"("&IF(K71="","",K71)&IF(L71="","",", "&L71)&IF(M71="","",", "&M71)&")" -> CrowdControl(Sleep) | O71: 0 | P71: 0 | Q71: Buff.Name.Sleep | R71: TRUE
A72: exile | D72: 0 | E72: 1 | F72: Self | G72: Single | I72: 0 | J72: CrowdControl | K72: Exile | N72: =J72&"("&IF(K72="","",K72)&IF(L72="","",", "&L72)&IF(M72="","",", "&M72)&")" -> CrowdControl(Exile) | O72: 0 | P72: 0 | Q72: Buff.Name.exile | R72: TRUE
A73: knockback | D73: 0 | E73: 1 | F73: Self | G73: Single | I73: 0 | J73: CrowdControl | K73: Knockback | N73: =J73&"("&IF(K73="","",K73)&IF(L73="","",", "&L73)&IF(M73="","",", "&M73)&")" -> CrowdControl(Knockback) | O73: 0 | P73: 0 | Q73: Buff.Name.KnockBack | R73: TRUE
A74: airborne | D74: 0 | E74: 1 | F74: Self | G74: Single | I74: 0 | J74: CrowdControl | K74: Airborn | N74: =J74&"("&IF(K74="","",K74)&IF(L74="","",", "&L74)&IF(M74="","",", "&M74)&")" -> CrowdControl(Airborn) | O74: 0 | P74: 0 | R74: TRUE
A75: pushed | D75: 0 | E75: 1 | F75: Self | G75: Single | I75: 0 | J75: CrowdControl | K75: Pushed | N75: =J75&"("&IF(K75="","",K75)&IF(L75="","",", "&L75)&IF(M75="","",", "&M75)&")" -> CrowdControl(Pushed) | O75: 0 | P75: 0 | Q75: Buff.Name.Pushed | R75: TRUE
A76: Confusion | D76: 0 | E76: 1 | F76: Self | G76: Single | I76: 0 | J76: CrowdControl | K76: Confusion | N76: =J76&"("&IF(K76="","",K76)&IF(L76="","",", "&L76)&IF(M76="","",", "&M76)&")" -> CrowdControl(Confusion) | O76: 0 | P76: 0 | Q76: Buff.Name.Confusion | R76: TRUE
A77: DeathHeal | D77: 0 | E77: 1 | F77: Self | G77: Single | I77: 0 | J77: CrowdControl | K77: DeathHeal | L77: 1000 | N77: =J77&"("&IF(K77="","",K77)&IF(L77="","",", "&L77)&IF(M77="","",", "&M77)&")" -> CrowdControl(DeathHeal, 1000) | O77: 0 | P77: 0 | Q77: Buff.Name.DeathHeal | R77: TRUE
A78: provoke | D78: 0 | E78: 1 | F78: Self | G78: Single | I78: 0 | J78: Provoke | N78: =J78&"("&IF(K78="","",K78)&IF(L78="","",", "&L78)&IF(M78="","",", "&M78)&")" -> Provoke() | O78: 0 | P78: 0 | R78: TRUE
A79: aggro | D79: 0 | E79: 1 | F79: Self | G79: Single | I79: 0 | J79: Aggro | N79: =J79&"("&IF(K79="","",K79)&IF(L79="","",", "&L79)&IF(M79="","",", "&M79)&")" -> Aggro() | O79: 0 | P79: 0 | R79: TRUE
A80: linkall | D80: 0 | E80: 1 | F80: Self | G80: Single | I80: 0 | J80: Link | K80: All | N80: =J80&"("&IF(K80="","",K80)&IF(L80="","",", "&L80)&IF(M80="","",", "&M80)&")" -> Link(All) | O80: 0 | P80: 0 | R80: TRUE
A81: linkto | D81: 0 | E81: 1 | F81: Self | G81: Single | I81: 0 | J81: Link | K81: To | N81: =J81&"("&IF(K81="","",K81)&IF(L81="","",", "&L81)&IF(M81="","",", "&M81)&")" -> Link(To) | O81: 0 | P81: 0 | R81: TRUE
A82: linkform | D82: 0 | E82: 1 | F82: Self | G82: Single | I82: 0 | J82: Link | K82: From | N82: =J82&"("&IF(K82="","",K82)&IF(L82="","",", "&L82)&IF(M82="","",", "&M82)&")" -> Link(From) | O82: 0 | P82: 0 | R82: TRUE
A83: Invincible.secret | D83: 0 | E83: 1 | F83: Self | G83: Single | I83: 0 | J83: Invincible | N83: =J83&"("&IF(K83="","",K83)&IF(L83="","",", "&L83)&IF(M83="","",", "&M83)&")" -> Invincible() | O83: 0 | P83: 0 | R83: FALSE
A84: stun.secret | D84: 0 | E84: 1 | F84: Self | G84: Single | I84: 0 | J84: CrowdControl | K84: Stun | N84: =J84&"("&IF(K84="","",K84)&IF(L84="","",", "&L84)&IF(M84="","",", "&M84)&")" -> CrowdControl(Stun) | O84: 0 | P84: 0 | R84: FALSE
A85: bind.secret | D85: 0 | E85: 1 | F85: Self | G85: Single | I85: 0 | J85: CrowdControl | K85: Bind | N85: =J85&"("&IF(K85="","",K85)&IF(L85="","",", "&L85)&IF(M85="","",", "&M85)&")" -> CrowdControl(Bind) | O85: 0 | P85: 0 | R85: FALSE
A86: freeze.secret | D86: 0 | E86: 1 | F86: Self | G86: Single | I86: 0 | J86: CrowdControl | K86: Freeze | N86: =J86&"("&IF(K86="","",K86)&IF(L86="","",", "&L86)&IF(M86="","",", "&M86)&")" -> CrowdControl(Freeze) | O86: 0 | P86: 0 | R86: FALSE
A87: shock.secret | D87: 0 | E87: 1 | F87: Self | G87: Single | I87: 0 | J87: CrowdControl | K87: Shock | N87: =J87&"("&IF(K87="","",K87)&IF(L87="","",", "&L87)&IF(M87="","",", "&M87)&")" -> CrowdControl(Shock) | O87: 0 | P87: 0 | R87: FALSE
A88: paralysis.secret | D88: 0 | E88: 1 | F88: Self | G88: Single | I88: 0 | J88: CrowdControl | K88: Paralysis | N88: =J88&"("&IF(K88="","",K88)&IF(L88="","",", "&L88)&IF(M88="","",", "&M88)&")" -> CrowdControl(Paralysis) | O88: 0 | P88: 0 | R88: FALSE
A89: wound.secret | D89: 0 | E89: 1 | F89: Self | G89: Single | I89: 0 | J89: CrowdControl | K89: Wound | N89: =J89&"("&IF(K89="","",K89)&IF(L89="","",", "&L89)&IF(M89="","",", "&M89)&")" -> CrowdControl(Wound) | O89: 0 | P89: 0 | R89: FALSE
A90: fear.secret | D90: 0 | E90: 1 | F90: Self | G90: Single | I90: 0 | J90: CrowdControl | K90: Fear | N90: =J90&"("&IF(K90="","",K90)&IF(L90="","",", "&L90)&IF(M90="","",", "&M90)&")" -> CrowdControl(Fear) | O90: 0 | P90: 0 | R90: FALSE
A91: charm.secret | D91: 0 | E91: 1 | F91: Self | G91: Single | I91: 0 | J91: CrowdControl | K91: Charm | N91: =J91&"("&IF(K91="","",K91)&IF(L91="","",", "&L91)&IF(M91="","",", "&M91)&")" -> CrowdControl(Charm) | O91: 0 | P91: 0 | R91: FALSE
A92: silence.secret | D92: 0 | E92: 1 | F92: Self | G92: Single | I92: 0 | J92: CrowdControl | K92: Silence | N92: =J92&"("&IF(K92="","",K92)&IF(L92="","",", "&L92)&IF(M92="","",", "&M92)&")" -> CrowdControl(Silence) | O92: 0 | P92: 0 | R92: FALSE
A93: blind.secret | D93: 0 | E93: 1 | F93: Self | G93: Single | I93: 0 | J93: CrowdControl | K93: Blind | N93: =J93&"("&IF(K93="","",K93)&IF(L93="","",", "&L93)&IF(M93="","",", "&M93)&")" -> CrowdControl(Blind) | O93: 0 | P93: 0 | R93: FALSE
A94: sleep.secret | D94: 0 | E94: 1 | F94: Self | G94: Single | I94: 0 | J94: CrowdControl | K94: Sleep | N94: =J94&"("&IF(K94="","",K94)&IF(L94="","",", "&L94)&IF(M94="","",", "&M94)&")" -> CrowdControl(Sleep) | O94: 0 | P94: 0 | R94: FALSE
A95: exile.secret | D95: 0 | E95: 1 | F95: Self | G95: Single | I95: 0 | J95: CrowdControl | K95: Exile | N95: =J95&"("&IF(K95="","",K95)&IF(L95="","",", "&L95)&IF(M95="","",", "&M95)&")" -> CrowdControl(Exile) | O95: 0 | P95: 0 | R95: FALSE
... A99: Confusion.secret | D99: 0 | E99: 1 | F99: Self | G99: Single | I99: 0 | J99: CrowdControl | K99: Confusion | N99: =J99&"("&IF(K99="","",K99)&IF(L99="","",", "&L99)&IF(M99="","",", "&M99)&")" -> CrowdControl(Confusion) | O99: 0 | P99: 0 | R99: FALSE
A100: DeathHeal.secret | D100: 0 | E100: 1 | F100: Self | G100: Single | I100: 0 | J100: CrowdControl | K100: DeathHeal | L100: 1000 | N100: =J100&"("&IF(K100="","",K100)&IF(L100="","",", "&L100)&IF(M100="","",", "&M100)&")" -> CrowdControl(DeathHeal, 1000) | O100: 0 | P100: 0 | R100: FALSE
A101: provoke.secret | D101: 0 | E101: 1 | F101: Self | G101: Single | I101: 0 | J101: Provoke | N101: =J101&"("&IF(K101="","",K101)&IF(L101="","",", "&L101)&IF(M101="","",", "&M101)&")" -> Provoke() | O101: 0 | P101: 0 | R101: FALSE
A102: aggro.secret | D102: 0 | E102: 1 | F102: Self | G102: Single | I102: 0 | J102: Aggro | N102: =J102&"("&IF(K102="","",K102)&IF(L102="","",", "&L102)&IF(M102="","",", "&M102)&")" -> Aggro() | O102: 0 | P102: 0 | R102: FALSE
A103: linkall.secret | D103: 0 | E103: 1 | F103: Self | G103: Single | I103: 0 | J103: Link | K103: All | N103: =J103&"("&IF(K103="","",K103)&IF(L103="","",", "&L103)&IF(M103="","",", "&M103)&")" -> Link(All) | O103: 0 | P103: 0 | R103: FALSE
A104: linkto.secret | D104: 0 | E104: 1 | F104: Self | G104: Single | I104: 0 | J104: Link | K104: To | N104: =J104&"("&IF(K104="","",K104)&IF(L104="","",", "&L104)&IF(M104="","",", "&M104)&")" -> Link(To) | O104: 0 | P104: 0 | R104: FALSE
A105: linkform.secret | D105: 0 | E105: 1 | F105: Self | G105: Single | I105: 0 | J105: Link | K105: From | N105: =J105&"("&IF(K105="","",K105)&IF(L105="","",", "&L105)&IF(M105="","",", "&M105)&")" -> Link(From) | O105: 0 | P105: 0 | R105: FALSE
A106: pull1000 | D106: 0 | E106: 1 | F106: Self | G106: Single | I106: 0 | J106: CrowdControl | K106: Pull | L106: 1000 | N106: =J106&"("&IF(K106="","",K106)&IF(L106="","",", "&L106)&IF(M106="","",", "&M106)&")" -> CrowdControl(Pull, 1000) | O106: 0 | P106: 0 | R106: TRUE
A107: pull3000 | D107: 0 | E107: 1 | F107: Self | G107: Single | I107: 0 | J107: CrowdControl | K107: Pull | L107: 3000 | N107: =J107&"("&IF(K107="","",K107)&IF(L107="","",", "&L107)&IF(M107="","",", "&M107)&")" -> CrowdControl(Pull, 3000) | O107: 0 | P107: 0 | R107: TRUE
A108: pull5000 | D108: 0 | E108: 1 | F108: Self | G108: Single | I108: 0 | J108: CrowdControl | K108: Pull | L108: 5000 | N108: =J108&"("&IF(K108="","",K108)&IF(L108="","",", "&L108)&IF(M108="","",", "&M108)&")" -> CrowdControl(Pull, 5000) | O108: 0 | P108: 0 | R108: TRUE
A109: pull7500 | D109: 0 | E109: 1 | F109: Self | G109: Single | I109: 0 | J109: CrowdControl | K109: Pull | L109: 7500 | N109: =J109&"("&IF(K109="","",K109)&IF(L109="","",", "&L109)&IF(M109="","",", "&M109)&")" -> CrowdControl(Pull, 7500) | O109: 0 | P109: 0 | R109: TRUE
A110: pull10000 | D110: 0 | E110: 1 | F110: Self | G110: Single | I110: 0 | J110: CrowdControl | K110: Pull | L110: 10000 | N110: =J110&"("&IF(K110="","",K110)&IF(L110="","",", "&L110)&IF(M110="","",", "&M110)&")" -> CrowdControl(Pull, 10000) | O110: 0 | P110: 0 | R110: TRUE
A111: pull15000 | D111: 0 | E111: 1 | F111: Self | G111: Single | I111: 0 | J111: CrowdControl | K111: Pull | L111: 15000 | N111: =J111&"("&IF(K111="","",K111)&IF(L111="","",", "&L111)&IF(M111="","",", "&M111)&")" -> CrowdControl(Pull, 15000) | O111: 0 | P111: 0 | R111: TRUE
A112: pull20000 | D112: 0 | E112: 1 | F112: Self | G112: Single | I112: 0 | J112: CrowdControl | K112: Pull | L112: 20000 | N112: =J112&"("&IF(K112="","",K112)&IF(L112="","",", "&L112)&IF(M112="","",", "&M112)&")" -> CrowdControl(Pull, 20000) | O112: 0 | P112: 0 | R112: TRUE
A113: critical.20 | D113: 0 | E113: 1 | F113: Self | G113: Single | I113: 0 | J113: Status | K113: CriticalRate | L113: 200 | N113: =J113&"("&IF(K113="","",K113)&IF(L113="","",", "&L113)&IF(M113="","",", "&M113)&")" -> Status(CriticalRate, 200) | O113: 0 | P113: 0 | R113: FALSE
A114: critical.30 | D114: 0 | E114: 1 | F114: Self | G114: Single | I114: 0 | J114: Status | K114: CriticalRate | L114: 300 | N114: =J114&"("&IF(K114="","",K114)&IF(L114="","",", "&L114)&IF(M114="","",", "&M114)&")" -> Status(CriticalRate, 300) | O114: 0 | P114: 0 | R114: FALSE
A115: critical.35 | D115: 0 | E115: 1 | F115: Self | G115: Single | I115: 0 | J115: Status | K115: CriticalRate | L115: 350 | N115: =J115&"("&IF(K115="","",K115)&IF(L115="","",", "&L115)&IF(M115="","",", "&M115)&")" -> Status(CriticalRate, 350) | O115: 0 | P115: 0 | R115: FALSE
A116: critical.40 | D116: 0 | E116: 1 | F116: Self | G116: Single | I116: 0 | J116: Status | K116: CriticalRate | L116: 400 | N116: =J116&"("&IF(K116="","",K116)&IF(L116="","",", "&L116)&IF(M116="","",", "&M116)&")" -> Status(CriticalRate, 400) | O116: 0 | P116: 0 | R116: FALSE
A117: critical.45 | D117: 0 | E117: 1 | F117: Self | G117: Single | I117: 0 | J117: Status | K117: CriticalRate | L117: 450 | N117: =J117&"("&IF(K117="","",K117)&IF(L117="","",", "&L117)&IF(M117="","",", "&M117)&")" -> Status(CriticalRate, 450) | O117: 0 | P117: 0 | R117: FALSE
... A177: sample.dot.bleed | D177: 0 | E177: 1 | F177: Self | G177: Single | I177: 0 | J177: Bleed | K177: Attack | L177: 100 | N177: =J177&"("&IF(K177="","",K177)&IF(L177="","",", "&L177)&IF(M177="","",", "&M177)&")" -> Bleed(Attack, 100) | O177: 0 | P177: 1000 | R177: TRUE
A178: sample.dechpoverrate | D178: 0 | E178: 1 | F178: Self | G178: Single | I178: 0 | J178: Event | K178: DecHpOverRate | L178: sample.dechpoverrate.skilleffect | M178: HpRateCondition(100) | N178: =J178&"("&IF(K178="","",K178)&IF(L178="","",", "&L178)&IF(M178="","",", "&M178)&")" -> Event(DecHpOverRate, sample.dechpoverrate.skilleffect, HpRateCondition(100)) | O178: 0 | P178: 0 | R178: TRUE
A179: sample.inchpoverrate | D179: 0 | E179: 1 | F179: Self | G179: Single | I179: 0 | J179: Event | K179: IncHpOverRate | L179: sample.inchpoverrate.skilleffect | M179: HpRateCondition(100) | N179: =J179&"("&IF(K179="","",K179)&IF(L179="","",", "&L179)&IF(M179="","",", "&M179)&")" -> Event(IncHpOverRate, sample.inchpoverrate.skilleffect, HpRateCondition(100)) | O179: 0 | P179: 0 | R179: TRUE
A180: BattleTile.Atk.BuffEffect | D180: 0 | E180: 1 | F180: Self | G180: Single | I180: 0 | J180: Status | K180: AttackRatio | L180: 200 | N180: =J180&"("&IF(K180="","",K180)&IF(L180="","",", "&L180)&IF(M180="","",", "&M180)&")" -> Status(AttackRatio, 200) | O180: 0 | P180: 0 | R180: FALSE
A181: BattleTile.Def.BuffEffect | D181: 0 | E181: 1 | F181: Self | G181: Single | I181: 0 | J181: Status | K181: DefenseRatio | L181: 300 | N181: =J181&"("&IF(K181="","",K181)&IF(L181="","",", "&L181)&IF(M181="","",", "&M181)&")" -> Status(DefenseRatio, 300) | O181: 0 | P181: 0 | R181: FALSE
A182: BattleTile.MaxHp.BuffEffect | D182: 0 | E182: 1 | F182: Self | G182: Single | I182: 0 | J182: Status | K182: MaxHpRatio | L182: 300 | N182: =J182&"("&IF(K182="","",K182)&IF(L182="","",", "&L182)&IF(M182="","",", "&M182)&")" -> Status(MaxHpRatio, 300) | O182: 0 | P182: 0 | R182: FALSE
A183: BattleTile.Recharge.BuffEffect | D183: 0 | E183: 1 | F183: Self | G183: Single | I183: 0 | J183: Status | K183: AddEnergyRate | L183: 100 | N183: =J183&"("&IF(K183="","",K183)&IF(L183="","",", "&L183)&IF(M183="","",", "&M183)&")" -> Status(AddEnergyRate, 100) | O183: 0 | P183: 0 | R183: FALSE
A184: BattleTile.Atk.Faction.BuffEffect | D184: 0 | E184: 1 | F184: Self | G184: Single | I184: 0 | J184: Status | K184: AttackRatio | L184: 100 | N184: =J184&"("&IF(K184="","",K184)&IF(L184="","",", "&L184)&IF(M184="","",", "&M184)&")" -> Status(AttackRatio, 100) | O184: 0 | P184: 0 | R184: FALSE
A185: BattleTile.Def.Faction.BuffEffect | D185: 0 | E185: 1 | F185: Self | G185: Single | I185: 0 | J185: Status | K185: DefenseRatio | L185: 150 | N185: =J185&"("&IF(K185="","",K185)&IF(L185="","",", "&L185)&IF(M185="","",", "&M185)&")" -> Status(DefenseRatio, 150) | O185: 0 | P185: 0 | R185: FALSE
A186: BattleTile.MaxHp.Faction.BuffEffect | D186: 0 | E186: 1 | F186: Self | G186: Single | I186: 0 | J186: Status | K186: MaxHpRatio | L186: 150 | N186: =J186&"("&IF(K186="","",K186)&IF(L186="","",", "&L186)&IF(M186="","",", "&M186)&")" -> Status(MaxHpRatio, 150) | O186: 0 | P186: 0 | R186: FALSE
A187: EventCharacter.Atk.BuffEffect | D187: 0 | E187: 1 | F187: Self | G187: Single | I187: 0 | J187: Status | K187: AttackRatio | L187: 150 | N187: =J187&"("&IF(K187="","",K187)&IF(L187="","",", "&L187)&IF(M187="","",", "&M187)&")" -> Status(AttackRatio, 150) | O187: 0 | P187: 0 | R187: FALSE
A188: EventCharacter.Def.BuffEffect | D188: 0 | E188: 1 | F188: Self | G188: Single | I188: 0 | J188: Status | K188: DefenseRatio | L188: 150 | N188: =J188&"("&IF(K188="","",K188)&IF(L188="","",", "&L188)&IF(M188="","",", "&M188)&")" -> Status(DefenseRatio, 150) | O188: 0 | P188: 0 | R188: FALSE
A189: EventCharacter.MaxHp.BuffEffect | D189: 0 | E189: 1 | F189: Self | G189: Single | I189: 0 | J189: Status | K189: MaxHpRatio | L189: 150 | N189: =J189&"("&IF(K189="","",K189)&IF(L189="","",", "&L189)&IF(M189="","",", "&M189)&")" -> Status(MaxHpRatio, 150) | O189: 0 | P189: 0 | R189: FALSE
A190: defencedown.monster | D190: 0 | E190: 1 | F190: Self | G190: Single | I190: 0 | J190: Status | K190: DefenseRatio | L190: -300 | N190: =J190&"("&IF(K190="","",K190)&IF(L190="","",", "&L190)&IF(M190="","",", "&M190)&")" -> Status(DefenseRatio, -300) | O190: 0 | P190: 0 | R190: TRUE
A191: attackdown.monster | D191: 0 | E191: 1 | F191: Self | G191: Single | I191: 0 | J191: Status | K191: AttackRatio | L191: -200 | N191: =J191&"("&IF(K191="","",K191)&IF(L191="","",", "&L191)&IF(M191="","",", "&M191)&")" -> Status(AttackRatio, -200) | O191: 0 | P191: 0 | R191: TRUE
... A338: RechargeRate.Up.05 | D338: 0 | E338: 1 | F338: Self | G338: Single | I338: 0 | J338: StatusDistict | K338: AddEnergyRate | L338: 420 | N338: =J338&"("&IF(K338="","",K338)&IF(L338="","",", "&L338)&IF(M338="","",", "&M338)&")" -> StatusDistict(AddEnergyRate, 420) | O338: 0 | P338: 0 | R338: TRUE
A339: AccelerationSkillTime.Up.01 | D339: 0 | E339: 1 | F339: Self | G339: Single | I339: 0 | J339: AccelerationSkillTime | K339: 100 | N339: =J339&"("&IF(K339="","",K339)&IF(L339="","",", "&L339)&IF(M339="","",", "&M339)&")" -> AccelerationSkillTime(100) | O339: 0 | P339: 0 | R339: TRUE
A340: AccelerationSkillTime.Up.02 | D340: 0 | E340: 1 | F340: Self | G340: Single | I340: 0 | J340: AccelerationSkillTime | K340: 200 | N340: =J340&"("&IF(K340="","",K340)&IF(L340="","",", "&L340)&IF(M340="","",", "&M340)&")" -> AccelerationSkillTime(200) | O340: 0 | P340: 0 | R340: TRUE
A341: AccelerationSkillTime.Up.03 | D341: 0 | E341: 1 | F341: Self | G341: Single | I341: 0 | J341: AccelerationSkillTime | K341: 300 | N341: =J341&"("&IF(K341="","",K341)&IF(L341="","",", "&L341)&IF(M341="","",", "&M341)&")" -> AccelerationSkillTime(300) | O341: 0 | P341: 0 | R341: TRUE
A342: AccelerationSkillTime.Up.04 | D342: 0 | E342: 1 | F342: Self | G342: Single | I342: 0 | J342: AccelerationSkillTime | K342: 400 | N342: =J342&"("&IF(K342="","",K342)&IF(L342="","",", "&L342)&IF(M342="","",", "&M342)&")" -> AccelerationSkillTime(400) | O342: 0 | P342: 0 | R342: TRUE
A343: AccelerationSkillTime.Up.05 | D343: 0 | E343: 1 | F343: Self | G343: Single | I343: 0 | J343: AccelerationSkillTime | K343: 500 | N343: =J343&"("&IF(K343="","",K343)&IF(L343="","",", "&L343)&IF(M343="","",", "&M343)&")" -> AccelerationSkillTime(500) | O343: 0 | P343: 0 | R343: TRUE
A344: NormalDamage.Up.01 | D344: 0 | E344: 1 | F344: Self | G344: Single | I344: 0 | J344: StatusDistict | K344: NormalDamageRate | L344: 250 | N344: =J344&"("&IF(K344="","",K344)&IF(L344="","",", "&L344)&IF(M344="","",", "&M344)&")" -> StatusDistict(NormalDamageRate, 250) | O344: 0 | P344: 0 | R344: TRUE
A345: NormalDamage.Up.02 | D345: 0 | E345: 1 | F345: Self | G345: Single | I345: 0 | J345: StatusDistict | K345: NormalDamageRate | L345: 500 | N345: =J345&"("&IF(K345="","",K345)&IF(L345="","",", "&L345)&IF(M345="","",", "&M345)&")" -> StatusDistict(NormalDamageRate, 500) | O345: 0 | P345: 0 | R345: TRUE
A346: NormalDamage.Up.03 | D346: 0 | E346: 1 | F346: Self | G346: Single | I346: 0 | J346: StatusDistict | K346: NormalDamageRate | L346: 750 | N346: =J346&"("&IF(K346="","",K346)&IF(L346="","",", "&L346)&IF(M346="","",", "&M346)&")" -> StatusDistict(NormalDamageRate, 750) | O346: 0 | P346: 0 | R346: TRUE
A347: NormalDamage.Up.04 | D347: 0 | E347: 1 | F347: Self | G347: Single | I347: 0 | J347: StatusDistict | K347: NormalDamageRate | L347: 1000 | N347: =J347&"("&IF(K347="","",K347)&IF(L347="","",", "&L347)&IF(M347="","",", "&M347)&")" -> StatusDistict(NormalDamageRate, 1000) | O347: 0 | P347: 0 | R347: TRUE
A348: NormalDamage.Up.05 | D348: 0 | E348: 1 | F348: Self | G348: Single | I348: 0 | J348: StatusDistict | K348: NormalDamageRate | L348: 1250 | N348: =J348&"("&IF(K348="","",K348)&IF(L348="","",", "&L348)&IF(M348="","",", "&M348)&")" -> StatusDistict(NormalDamageRate, 1250) | O348: 0 | P348: 0 | R348: TRUE
...

Sheet Buff.T
A1: #ID | B1: #조건 | C1: #조건 값 (백분율) | D1: #지속시간 천분율 | E1: #맥스 스택 | F1: #추가 스택 | G1: #Buff Effect | H1: #END Effect | I1: #Ture버프 해제불가 | J1: #사망 버프삭제 | K1: #버프, 디버프 | L1: #프리팹 | M1: #버프 | N1: #아이콘 | O1: #이름 | P1: #설명 | Q1: #자동 설명 | R1: #Hud 노출
A2: Id | B2: ActiveCondition | C2: ConditionValue | D2: Duration | E2: MaxStack | F2: AddStack | G2: Effects | H2: EndEffects | I2: Removeable | J2: RemoveDead | K2: BuffType | L2: Prefabs | M2: # | N2: Icon | O2: Name | P2: Desc | Q2: UseAutoDesc | R2: Showhit
A3: *string | B3: ActiveCondition? | C3: string | D3: int | E3: int | F3: int | G3: [$BuffEffect] | H3: [$SkillEffect] | I3: bool | J3: bool | K3: bool | L3: [string] | M3: # | N3: string | O3: string | P3: string | Q3: bool | R3: bool
A4: common | B4: common | C4: common | D4: common | E4: common | F4: common | G4: common | H4: common | I4: common | J4: common | K4: common | L4: client | M4: # | N4: client | O4: client | P4: client | Q4: client | R4: common
A5: itus.ult.attack.self.buff.01 | D5: 2000 | E5: 0 | F5: 0 | G5: itus.ult.attack.shield.buff.buffeffect.01 | I5: FALSE | J5: TRUE | K5: TRUE | L5: Effect/Prefab/10_buff/EFF_buff_shield | M5: info.shield | N5: =_xlfn.IFNA(VLOOKUP($M5,Buff.CM!$A:$O,13,FALSE),"") -> icon_battle_shield | O5: =_xlfn.IFNA(VLOOKUP($M5,Buff.CM!$A:$O,14,FALSE),"") -> Buff.Name.Shield | P5: =_xlfn.IFNA(VLOOKUP($M5,Buff.CM!$A:$O,15,FALSE),"") -> Buff.Desc.Shield | Q5: FALSE | R5: FALSE
A6: itus.ult.attack.self.buff.02 | D6: 2000 | E6: 0 | F6: 0 | G6: itus.ult.attack.shield.buff.buffeffect.02 | I6: FALSE | J6: TRUE | K6: TRUE | L6: Effect/Prefab/10_buff/EFF_buff_shield | M6: info.shield | N6: =_xlfn.IFNA(VLOOKUP($M6,Buff.CM!$A:$O,13,FALSE),"") -> icon_battle_shield | O6: =_xlfn.IFNA(VLOOKUP($M6,Buff.CM!$A:$O,14,FALSE),"") -> Buff.Name.Shield | P6: =_xlfn.IFNA(VLOOKUP($M6,Buff.CM!$A:$O,15,FALSE),"") -> Buff.Desc.Shield | Q6: FALSE | R6: FALSE
A7: itus.ult.attack.self.buff.03 | D7: 2000 | E7: 0 | F7: 0 | G7: itus.ult.attack.shield.buff.buffeffect.03 | I7: FALSE | J7: TRUE | K7: TRUE | L7: Effect/Prefab/10_buff/EFF_buff_shield | M7: info.shield | N7: =_xlfn.IFNA(VLOOKUP($M7,Buff.CM!$A:$O,13,FALSE),"") -> icon_battle_shield | O7: =_xlfn.IFNA(VLOOKUP($M7,Buff.CM!$A:$O,14,FALSE),"") -> Buff.Name.Shield | P7: =_xlfn.IFNA(VLOOKUP($M7,Buff.CM!$A:$O,15,FALSE),"") -> Buff.Desc.Shield | Q7: FALSE | R7: FALSE
A8: itus.ult.attack.self.buff.04 | D8: 2000 | E8: 0 | F8: 0 | G8: itus.ult.attack.shield.buff.buffeffect.04 | I8: FALSE | J8: TRUE | K8: TRUE | L8: Effect/Prefab/10_buff/EFF_buff_shield | M8: info.shield | N8: =_xlfn.IFNA(VLOOKUP($M8,Buff.CM!$A:$O,13,FALSE),"") -> icon_battle_shield | O8: =_xlfn.IFNA(VLOOKUP($M8,Buff.CM!$A:$O,14,FALSE),"") -> Buff.Name.Shield | P8: =_xlfn.IFNA(VLOOKUP($M8,Buff.CM!$A:$O,15,FALSE),"") -> Buff.Desc.Shield | Q8: FALSE | R8: FALSE
A9: itus.ult.attack.self.buff.05 | D9: 2000 | E9: 0 | F9: 0 | G9: itus.ult.attack.shield.buff.buffeffect.05 | I9: FALSE | J9: TRUE | K9: TRUE | L9: Effect/Prefab/10_buff/EFF_buff_shield | M9: info.shield | N9: =_xlfn.IFNA(VLOOKUP($M9,Buff.CM!$A:$O,13,FALSE),"") -> icon_battle_shield | O9: =_xlfn.IFNA(VLOOKUP($M9,Buff.CM!$A:$O,14,FALSE),"") -> Buff.Name.Shield | P9: =_xlfn.IFNA(VLOOKUP($M9,Buff.CM!$A:$O,15,FALSE),"") -> Buff.Desc.Shield | Q9: FALSE | R9: FALSE
A10: itus.ult.attack.self.buff.06 | D10: 2000 | E10: 0 | F10: 0 | G10: itus.ult.attack.shield.buff.buffeffect.06 | I10: FALSE | J10: TRUE | K10: TRUE | L10: Effect/Prefab/10_buff/EFF_buff_shield | M10: info.shield | N10: =_xlfn.IFNA(VLOOKUP($M10,Buff.CM!$A:$O,13,FALSE),"") -> icon_battle_shield | O10: =_xlfn.IFNA(VLOOKUP($M10,Buff.CM!$A:$O,14,FALSE),"") -> Buff.Name.Shield | P10: =_xlfn.IFNA(VLOOKUP($M10,Buff.CM!$A:$O,15,FALSE),"") -> Buff.Desc.Shield | Q10: FALSE | R10: FALSE
A11: itus.ult.attack.self.buff.07 | D11: 2000 | E11: 0 | F11: 0 | G11: itus.ult.attack.shield.buff.buffeffect.07 | I11: FALSE | J11: TRUE | K11: TRUE | L11: Effect/Prefab/10_buff/EFF_buff_shield | M11: info.shield | N11: =_xlfn.IFNA(VLOOKUP($M11,Buff.CM!$A:$O,13,FALSE),"") -> icon_battle_shield | O11: =_xlfn.IFNA(VLOOKUP($M11,Buff.CM!$A:$O,14,FALSE),"") -> Buff.Name.Shield | P11: =_xlfn.IFNA(VLOOKUP($M11,Buff.CM!$A:$O,15,FALSE),"") -> Buff.Desc.Shield | Q11: FALSE | R11: FALSE
A12: itus.ult.self.buff.01 | D12: 0 | E12: 0 | F12: 0 | G12: itus.ult.self.buff.buffeffect.01 itus.ult.self.buff.buffeffect.02.01 itus.ult.self.buff.buffeffect.03.01 itus.ult.self.buff.buffeffect.04.01 | I12: TRUE | J12: TRUE | K12: TRUE | L12: Effect/Prefab/10_buff/EFF_buff_itus_ult_weapon | M12: info.itus.buff.ult | N12: =_xlfn.IFNA(VLOOKUP($M12,Buff.CM!$A:$O,13,FALSE),"") -> icon_battle_itus_buff_01 | O12: =_xlfn.IFNA(VLOOKUP($M12,Buff.CM!$A:$O,14,FALSE),"") -> info.itus.buff.ult | P12: =_xlfn.IFNA(VLOOKUP($M12,Buff.CM!$A:$O,15,FALSE),"") -> Desc.info.itus.buff.ult | Q12: FALSE | R12: FALSE
A13: itus.ult.self.buff.02 | D13: 0 | E13: 0 | F13: 0 | G13: itus.ult.self.buff.buffeffect.01 itus.ult.self.buff.buffeffect.02.02 itus.ult.self.buff.buffeffect.03.02 itus.ult.self.buff.buffeffect.04.02 | I13: TRUE | J13: TRUE | K13: TRUE | L13: Effect/Prefab/10_buff/EFF_buff_itus_ult_weapon | M13: info.itus.buff.ult | N13: =_xlfn.IFNA(VLOOKUP($M13,Buff.CM!$A:$O,13,FALSE),"") -> icon_battle_itus_buff_01 | O13: =_xlfn.IFNA(VLOOKUP($M13,Buff.CM!$A:$O,14,FALSE),"") -> info.itus.buff.ult | P13: =_xlfn.IFNA(VLOOKUP($M13,Buff.CM!$A:$O,15,FALSE),"") -> Desc.info.itus.buff.ult | Q13: FALSE | R13: FALSE
A14: itus.ult.self.buff.03 | D14: 0 | E14: 0 | F14: 0 | G14: itus.ult.self.buff.buffeffect.01 itus.ult.self.buff.buffeffect.02.03 itus.ult.self.buff.buffeffect.03.03 itus.ult.self.buff.buffeffect.04.03 | I14: TRUE | J14: TRUE | K14: TRUE | L14: Effect/Prefab/10_buff/EFF_buff_itus_ult_weapon | M14: info.itus.buff.ult | N14: =_xlfn.IFNA(VLOOKUP($M14,Buff.CM!$A:$O,13,FALSE),"") -> icon_battle_itus_buff_01 | O14: =_xlfn.IFNA(VLOOKUP($M14,Buff.CM!$A:$O,14,FALSE),"") -> info.itus.buff.ult | P14: =_xlfn.IFNA(VLOOKUP($M14,Buff.CM!$A:$O,15,FALSE),"") -> Desc.info.itus.buff.ult | Q14: FALSE | R14: FALSE
A15: itus.ult.self.buff.04 | D15: 0 | E15: 0 | F15: 0 | G15: itus.ult.self.buff.buffeffect.01 itus.ult.self.buff.buffeffect.02.04 itus.ult.self.buff.buffeffect.03.04 itus.ult.self.buff.buffeffect.04.04 | I15: TRUE | J15: TRUE | K15: TRUE | L15: Effect/Prefab/10_buff/EFF_buff_itus_ult_weapon | M15: info.itus.buff.ult | N15: =_xlfn.IFNA(VLOOKUP($M15,Buff.CM!$A:$O,13,FALSE),"") -> icon_battle_itus_buff_01 | O15: =_xlfn.IFNA(VLOOKUP($M15,Buff.CM!$A:$O,14,FALSE),"") -> info.itus.buff.ult | P15: =_xlfn.IFNA(VLOOKUP($M15,Buff.CM!$A:$O,15,FALSE),"") -> Desc.info.itus.buff.ult | Q15: FALSE | R15: FALSE
A16: itus.ult.self.buff.05 | D16: 0 | E16: 0 | F16: 0 | G16: itus.ult.self.buff.buffeffect.01 itus.ult.self.buff.buffeffect.02.05 itus.ult.self.buff.buffeffect.03.05 itus.ult.self.buff.buffeffect.04.05 | I16: TRUE | J16: TRUE | K16: TRUE | L16: Effect/Prefab/10_buff/EFF_buff_itus_ult_weapon | M16: info.itus.buff.ult | N16: =_xlfn.IFNA(VLOOKUP($M16,Buff.CM!$A:$O,13,FALSE),"") -> icon_battle_itus_buff_01 | O16: =_xlfn.IFNA(VLOOKUP($M16,Buff.CM!$A:$O,14,FALSE),"") -> info.itus.buff.ult | P16: =_xlfn.IFNA(VLOOKUP($M16,Buff.CM!$A:$O,15,FALSE),"") -> Desc.info.itus.buff.ult | Q16: FALSE | R16: FALSE
... A32: itus.ult.shield.buff.07 | D32: 2000 | E32: 0 | F32: 0 | G32: itus.ult.shield.buff.buffeffect.07 | I32: FALSE | J32: TRUE | K32: TRUE | L32: Effect/Prefab/10_buff/EFF_buff_shield | M32: info.shield | N32: =_xlfn.IFNA(VLOOKUP($M32,Buff.CM!$A:$O,13,FALSE),"") -> icon_battle_shield | O32: =_xlfn.IFNA(VLOOKUP($M32,Buff.CM!$A:$O,14,FALSE),"") -> Buff.Name.Shield | P32: =_xlfn.IFNA(VLOOKUP($M32,Buff.CM!$A:$O,15,FALSE),"") -> Buff.Desc.Shield | Q32: FALSE | R32: FALSE
A33: itus.ult.B.buff.01 | D33: 500 | E33: 0 | F33: 0 | G33: airborne | I33: FALSE | J33: FALSE | K33: FALSE | N33: =_xlfn.IFNA(VLOOKUP($M33,Buff.CM!$A:$O,13,FALSE),"") | O33: =_xlfn.IFNA(VLOOKUP($M33,Buff.CM!$A:$O,14,FALSE),"") | P33: =_xlfn.IFNA(VLOOKUP($M33,Buff.CM!$A:$O,15,FALSE),"") | Q33: FALSE | R33: FALSE
A34: itus.ult.B.buff.02 | D34: 500 | E34: 0 | F34: 0 | G34: airborne | I34: FALSE | J34: FALSE | K34: FALSE | N34: =_xlfn.IFNA(VLOOKUP($M34,Buff.CM!$A:$O,13,FALSE),"") | O34: =_xlfn.IFNA(VLOOKUP($M34,Buff.CM!$A:$O,14,FALSE),"") | P34: =_xlfn.IFNA(VLOOKUP($M34,Buff.CM!$A:$O,15,FALSE),"") | Q34: FALSE | R34: FALSE
A35: itus.ult.B.buff.03 | D35: 500 | E35: 0 | F35: 0 | G35: airborne | I35: FALSE | J35: FALSE | K35: FALSE | N35: =_xlfn.IFNA(VLOOKUP($M35,Buff.CM!$A:$O,13,FALSE),"") | O35: =_xlfn.IFNA(VLOOKUP($M35,Buff.CM!$A:$O,14,FALSE),"") | P35: =_xlfn.IFNA(VLOOKUP($M35,Buff.CM!$A:$O,15,FALSE),"") | Q35: FALSE | R35: FALSE
A36: itus.ult.B.buff.04 | D36: 500 | E36: 0 | F36: 0 | G36: airborne | I36: FALSE | J36: FALSE | K36: FALSE | N36: =_xlfn.IFNA(VLOOKUP($M36,Buff.CM!$A:$O,13,FALSE),"") | O36: =_xlfn.IFNA(VLOOKUP($M36,Buff.CM!$A:$O,14,FALSE),"") | P36: =_xlfn.IFNA(VLOOKUP($M36,Buff.CM!$A:$O,15,FALSE),"") | Q36: FALSE | R36: FALSE
A37: itus.ult.B.buff.05 | D37: 500 | E37: 0 | F37: 0 | G37: airborne | I37: FALSE | J37: FALSE | K37: FALSE | N37: =_xlfn.IFNA(VLOOKUP($M37,Buff.CM!$A:$O,13,FALSE),"") | O37: =_xlfn.IFNA(VLOOKUP($M37,Buff.CM!$A:$O,14,FALSE),"") | P37: =_xlfn.IFNA(VLOOKUP($M37,Buff.CM!$A:$O,15,FALSE),"") | Q37: FALSE | R37: FALSE
A38: itus.ult.B.buff.06 | D38: 500 | E38: 0 | F38: 0 | G38: airborne | I38: FALSE | J38: FALSE | K38: FALSE | N38: =_xlfn.IFNA(VLOOKUP($M38,Buff.CM!$A:$O,13,FALSE),"") | O38: =_xlfn.IFNA(VLOOKUP($M38,Buff.CM!$A:$O,14,FALSE),"") | P38: =_xlfn.IFNA(VLOOKUP($M38,Buff.CM!$A:$O,15,FALSE),"") | Q38: FALSE | R38: FALSE
A39: itus.ult.B.buff.07 | D39: 500 | E39: 0 | F39: 0 | G39: airborne | I39: FALSE | J39: FALSE | K39: FALSE | N39: =_xlfn.IFNA(VLOOKUP($M39,Buff.CM!$A:$O,13,FALSE),"") | O39: =_xlfn.IFNA(VLOOKUP($M39,Buff.CM!$A:$O,14,FALSE),"") | P39: =_xlfn.IFNA(VLOOKUP($M39,Buff.CM!$A:$O,15,FALSE),"") | Q39: FALSE | R39: FALSE
A40: itus.ult.B.post.buff.01 | D40: 5000 | E40: 0 | F40: 0 | G40: itus.ult.B.post.buff.buffeffect.01 | I40: FALSE | J40: FALSE | K40: TRUE | N40: =_xlfn.IFNA(VLOOKUP($M40,Buff.CM!$A:$O,13,FALSE),"") | O40: =_xlfn.IFNA(VLOOKUP($M40,Buff.CM!$A:$O,14,FALSE),"") | P40: =_xlfn.IFNA(VLOOKUP($M40,Buff.CM!$A:$O,15,FALSE),"") | Q40: FALSE | R40: FALSE
A41: itus.ult.B.post.buff.02 | D41: 5000 | E41: 0 | F41: 0 | G41: itus.ult.B.post.buff.buffeffect.02 | I41: FALSE | J41: FALSE | K41: TRUE | N41: =_xlfn.IFNA(VLOOKUP($M41,Buff.CM!$A:$O,13,FALSE),"") | O41: =_xlfn.IFNA(VLOOKUP($M41,Buff.CM!$A:$O,14,FALSE),"") | P41: =_xlfn.IFNA(VLOOKUP($M41,Buff.CM!$A:$O,15,FALSE),"") | Q41: FALSE | R41: FALSE
A42: itus.ult.B.post.buff.03 | D42: 5000 | E42: 0 | F42: 0 | G42: itus.ult.B.post.buff.buffeffect.03 | I42: FALSE | J42: FALSE | K42: TRUE | N42: =_xlfn.IFNA(VLOOKUP($M42,Buff.CM!$A:$O,13,FALSE),"") | O42: =_xlfn.IFNA(VLOOKUP($M42,Buff.CM!$A:$O,14,FALSE),"") | P42: =_xlfn.IFNA(VLOOKUP($M42,Buff.CM!$A:$O,15,FALSE),"") | Q42: FALSE | R42: FALSE
A43: itus.ult.B.post.buff.04 | D43: 5000 | E43: 0 | F43: 0 | G43: itus.ult.B.post.buff.buffeffect.04 | I43: FALSE | J43: FALSE | K43: TRUE | N43: =_xlfn.IFNA(VLOOKUP($M43,Buff.CM!$A:$O,13,FALSE),"") | O43: =_xlfn.IFNA(VLOOKUP($M43,Buff.CM!$A:$O,14,FALSE),"") | P43: =_xlfn.IFNA(VLOOKUP($M43,Buff.CM!$A:$O,15,FALSE),"") | Q43: FALSE | R43: FALSE
A44: itus.ult.B.post.buff.05 | D44: 5000 | E44: 0 | F44: 0 | G44: itus.ult.B.post.buff.buffeffect.05 | I44: FALSE | J44: FALSE | K44: TRUE | N44: =_xlfn.IFNA(VLOOKUP($M44,Buff.CM!$A:$O,13,FALSE),"") | O44: =_xlfn.IFNA(VLOOKUP($M44,Buff.CM!$A:$O,14,FALSE),"") | P44: =_xlfn.IFNA(VLOOKUP($M44,Buff.CM!$A:$O,15,FALSE),"") | Q44: FALSE | R44: FALSE
... A46: itus.ult.B.post.buff.07 | D46: 5000 | E46: 0 | F46: 0 | G46: itus.ult.B.post.buff.buffeffect.07 | I46: FALSE | J46: FALSE | K46: TRUE | N46: =_xlfn.IFNA(VLOOKUP($M46,Buff.CM!$A:$O,13,FALSE),"") | O46: =_xlfn.IFNA(VLOOKUP($M46,Buff.CM!$A:$O,14,FALSE),"") | P46: =_xlfn.IFNA(VLOOKUP($M46,Buff.CM!$A:$O,15,FALSE),"") | Q46: FALSE | R46: FALSE
A47: itus.ult.B.shield.buff.01 | D47: 2100 | E47: 0 | F47: 0 | G47: itus.ult.B.shield.buff.buffeffect.01 | I47: FALSE | J47: FALSE | K47: TRUE | L47: Effect/Prefab/10_buff/EFF_buff_shield | M47: info.shield | N47: =_xlfn.IFNA(VLOOKUP($M47,Buff.CM!$A:$O,13,FALSE),"") -> icon_battle_shield | O47: =_xlfn.IFNA(VLOOKUP($M47,Buff.CM!$A:$O,14,FALSE),"") -> Buff.Name.Shield | P47: =_xlfn.IFNA(VLOOKUP($M47,Buff.CM!$A:$O,15,FALSE),"") -> Buff.Desc.Shield | Q47: FALSE | R47: FALSE
A48: itus.ult.B.shield.buff.02 | D48: 2100 | E48: 0 | F48: 0 | G48: itus.ult.B.shield.buff.buffeffect.02 | I48: FALSE | J48: FALSE | K48: TRUE | L48: Effect/Prefab/10_buff/EFF_buff_shield | M48: info.shield | N48: =_xlfn.IFNA(VLOOKUP($M48,Buff.CM!$A:$O,13,FALSE),"") -> icon_battle_shield | O48: =_xlfn.IFNA(VLOOKUP($M48,Buff.CM!$A:$O,14,FALSE),"") -> Buff.Name.Shield | P48: =_xlfn.IFNA(VLOOKUP($M48,Buff.CM!$A:$O,15,FALSE),"") -> Buff.Desc.Shield | Q48: FALSE | R48: FALSE
A49: itus.ult.B.shield.buff.03 | D49: 2100 | E49: 0 | F49: 0 | G49: itus.ult.B.shield.buff.buffeffect.03 | I49: FALSE | J49: FALSE | K49: TRUE | L49: Effect/Prefab/10_buff/EFF_buff_shield | M49: info.shield | N49: =_xlfn.IFNA(VLOOKUP($M49,Buff.CM!$A:$O,13,FALSE),"") -> icon_battle_shield | O49: =_xlfn.IFNA(VLOOKUP($M49,Buff.CM!$A:$O,14,FALSE),"") -> Buff.Name.Shield | P49: =_xlfn.IFNA(VLOOKUP($M49,Buff.CM!$A:$O,15,FALSE),"") -> Buff.Desc.Shield | Q49: FALSE | R49: FALSE
A50: itus.ult.B.shield.buff.04 | D50: 2100 | E50: 0 | F50: 0 | G50: itus.ult.B.shield.buff.buffeffect.04 | I50: FALSE | J50: FALSE | K50: TRUE | L50: Effect/Prefab/10_buff/EFF_buff_shield | M50: info.shield | N50: =_xlfn.IFNA(VLOOKUP($M50,Buff.CM!$A:$O,13,FALSE),"") -> icon_battle_shield | O50: =_xlfn.IFNA(VLOOKUP($M50,Buff.CM!$A:$O,14,FALSE),"") -> Buff.Name.Shield | P50: =_xlfn.IFNA(VLOOKUP($M50,Buff.CM!$A:$O,15,FALSE),"") -> Buff.Desc.Shield | Q50: FALSE | R50: FALSE
A51: itus.ult.B.shield.buff.05 | D51: 2100 | E51: 0 | F51: 0 | G51: itus.ult.B.shield.buff.buffeffect.05 | I51: FALSE | J51: FALSE | K51: TRUE | L51: Effect/Prefab/10_buff/EFF_buff_shield | M51: info.shield | N51: =_xlfn.IFNA(VLOOKUP($M51,Buff.CM!$A:$O,13,FALSE),"") -> icon_battle_shield | O51: =_xlfn.IFNA(VLOOKUP($M51,Buff.CM!$A:$O,14,FALSE),"") -> Buff.Name.Shield | P51: =_xlfn.IFNA(VLOOKUP($M51,Buff.CM!$A:$O,15,FALSE),"") -> Buff.Desc.Shield | Q51: FALSE | R51: FALSE
A52: itus.ult.B.shield.buff.06 | D52: 2100 | E52: 0 | F52: 0 | G52: itus.ult.B.shield.buff.buffeffect.06 | I52: FALSE | J52: FALSE | K52: TRUE | L52: Effect/Prefab/10_buff/EFF_buff_shield | M52: info.shield | N52: =_xlfn.IFNA(VLOOKUP($M52,Buff.CM!$A:$O,13,FALSE),"") -> icon_battle_shield | O52: =_xlfn.IFNA(VLOOKUP($M52,Buff.CM!$A:$O,14,FALSE),"") -> Buff.Name.Shield | P52: =_xlfn.IFNA(VLOOKUP($M52,Buff.CM!$A:$O,15,FALSE),"") -> Buff.Desc.Shield | Q52: FALSE | R52: FALSE
A53: itus.ult.B.shield.buff.07 | D53: 2100 | E53: 0 | F53: 0 | G53: itus.ult.B.shield.buff.buffeffect.07 | I53: FALSE | J53: FALSE | K53: TRUE | L53: Effect/Prefab/10_buff/EFF_buff_shield | M53: info.shield | N53: =_xlfn.IFNA(VLOOKUP($M53,Buff.CM!$A:$O,13,FALSE),"") -> icon_battle_shield | O53: =_xlfn.IFNA(VLOOKUP($M53,Buff.CM!$A:$O,14,FALSE),"") -> Buff.Name.Shield | P53: =_xlfn.IFNA(VLOOKUP($M53,Buff.CM!$A:$O,15,FALSE),"") -> Buff.Desc.Shield | Q53: FALSE | R53: FALSE
A54: itus.ult.B.shield.buff.01.01 | D54: 1100 | E54: 0 | F54: 0 | G54: itus.ult.B.shield.buff.buffeffect.01.01 | I54: FALSE | J54: FALSE | K54: TRUE | L54: Effect/Prefab/10_buff/EFF_buff_shield | M54: info.shield | N54: =_xlfn.IFNA(VLOOKUP($M54,Buff.CM!$A:$O,13,FALSE),"") -> icon_battle_shield | O54: =_xlfn.IFNA(VLOOKUP($M54,Buff.CM!$A:$O,14,FALSE),"") -> Buff.Name.Shield | P54: =_xlfn.IFNA(VLOOKUP($M54,Buff.CM!$A:$O,15,FALSE),"") -> Buff.Desc.Shield | Q54: FALSE | R54: FALSE
A55: itus.ult.B.shield.buff.01.02 | D55: 1100 | E55: 0 | F55: 0 | G55: itus.ult.B.shield.buff.buffeffect.01.02 | I55: FALSE | J55: FALSE | K55: TRUE | L55: Effect/Prefab/10_buff/EFF_buff_shield | M55: info.shield | N55: =_xlfn.IFNA(VLOOKUP($M55,Buff.CM!$A:$O,13,FALSE),"") -> icon_battle_shield | O55: =_xlfn.IFNA(VLOOKUP($M55,Buff.CM!$A:$O,14,FALSE),"") -> Buff.Name.Shield | P55: =_xlfn.IFNA(VLOOKUP($M55,Buff.CM!$A:$O,15,FALSE),"") -> Buff.Desc.Shield | Q55: FALSE | R55: FALSE
A56: itus.ult.B.shield.buff.01.03 | D56: 1100 | E56: 0 | F56: 0 | G56: itus.ult.B.shield.buff.buffeffect.01.03 | I56: FALSE | J56: FALSE | K56: TRUE | L56: Effect/Prefab/10_buff/EFF_buff_shield | M56: info.shield | N56: =_xlfn.IFNA(VLOOKUP($M56,Buff.CM!$A:$O,13,FALSE),"") -> icon_battle_shield | O56: =_xlfn.IFNA(VLOOKUP($M56,Buff.CM!$A:$O,14,FALSE),"") -> Buff.Name.Shield | P56: =_xlfn.IFNA(VLOOKUP($M56,Buff.CM!$A:$O,15,FALSE),"") -> Buff.Desc.Shield | Q56: FALSE | R56: FALSE
A57: itus.ult.B.shield.buff.01.04 | D57: 1100 | E57: 0 | F57: 0 | G57: itus.ult.B.shield.buff.buffeffect.01.04 | I57: FALSE | J57: FALSE | K57: TRUE | L57: Effect/Prefab/10_buff/EFF_buff_shield | M57: info.shield | N57: =_xlfn.IFNA(VLOOKUP($M57,Buff.CM!$A:$O,13,FALSE),"") -> icon_battle_shield | O57: =_xlfn.IFNA(VLOOKUP($M57,Buff.CM!$A:$O,14,FALSE),"") -> Buff.Name.Shield | P57: =_xlfn.IFNA(VLOOKUP($M57,Buff.CM!$A:$O,15,FALSE),"") -> Buff.Desc.Shield | Q57: FALSE | R57: FALSE
A58: itus.ult.B.shield.buff.01.05 | D58: 1100 | E58: 0 | F58: 0 | G58: itus.ult.B.shield.buff.buffeffect.01.05 | I58: FALSE | J58: FALSE | K58: TRUE | L58: Effect/Prefab/10_buff/EFF_buff_shield | M58: info.shield | N58: =_xlfn.IFNA(VLOOKUP($M58,Buff.CM!$A:$O,13,FALSE),"") -> icon_battle_shield | O58: =_xlfn.IFNA(VLOOKUP($M58,Buff.CM!$A:$O,14,FALSE),"") -> Buff.Name.Shield | P58: =_xlfn.IFNA(VLOOKUP($M58,Buff.CM!$A:$O,15,FALSE),"") -> Buff.Desc.Shield | Q58: FALSE | R58: FALSE
... A91: itus.active2.dmgdown.buff.02.06 | D91: 3000 | E91: 0 | F91: 0 | G91: silence | I91: FALSE | J91: FALSE | K91: FALSE | L91: Effect/Prefab/10_buff/EFF_debuff_silence | M91: info.silence | N91: =_xlfn.IFNA(VLOOKUP($M91,Buff.CM!$A:$O,13,FALSE),"") -> icon_battle_silence | O91: =_xlfn.IFNA(VLOOKUP($M91,Buff.CM!$A:$O,14,FALSE),"") -> Buff.Name.Silence | P91: =_xlfn.IFNA(VLOOKUP($M91,Buff.CM!$A:$O,15,FALSE),"") -> Buff.Desc.Silence | Q91: FALSE | R91: FALSE
A92: itus.passive.buff.01 | D92: 0 | E92: 0 | F92: 0 | G92: itus.passive.buff.buffeffect.00.00 itus.passive.buff.buffeffect.01.01 itus.passive.buff.buffeffect.02.01 itus.passive.buff.buffeffect.03.01 | I92: FALSE | J92: TRUE | K92: TRUE | N92: =_xlfn.IFNA(VLOOKUP($M92,Buff.CM!$A:$O,13,FALSE),"") | O92: =_xlfn.IFNA(VLOOKUP($M92,Buff.CM!$A:$O,14,FALSE),"") | P92: =_xlfn.IFNA(VLOOKUP($M92,Buff.CM!$A:$O,15,FALSE),"") | Q92: FALSE | R92: FALSE
A93: itus.passive.buff.02 | D93: 0 | E93: 0 | F93: 0 | G93: itus.passive.buff.buffeffect.00.00 itus.passive.buff.buffeffect.01.02 itus.passive.buff.buffeffect.02.02 itus.passive.buff.buffeffect.03.02 | I93: FALSE | J93: TRUE | K93: TRUE | N93: =_xlfn.IFNA(VLOOKUP($M93,Buff.CM!$A:$O,13,FALSE),"") | O93: =_xlfn.IFNA(VLOOKUP($M93,Buff.CM!$A:$O,14,FALSE),"") | P93: =_xlfn.IFNA(VLOOKUP($M93,Buff.CM!$A:$O,15,FALSE),"") | Q93: FALSE | R93: FALSE
A94: itus.passive.buff.03 | D94: 0 | E94: 0 | F94: 0 | G94: itus.passive.buff.buffeffect.00.00 itus.passive.buff.buffeffect.01.03 itus.passive.buff.buffeffect.02.03 itus.passive.buff.buffeffect.03.03 | I94: FALSE | J94: TRUE | K94: TRUE | N94: =_xlfn.IFNA(VLOOKUP($M94,Buff.CM!$A:$O,13,FALSE),"") | O94: =_xlfn.IFNA(VLOOKUP($M94,Buff.CM!$A:$O,14,FALSE),"") | P94: =_xlfn.IFNA(VLOOKUP($M94,Buff.CM!$A:$O,15,FALSE),"") | Q94: FALSE | R94: FALSE
A95: itus.passive.buff.04 | D95: 0 | E95: 0 | F95: 0 | G95: itus.passive.buff.buffeffect.00.00 itus.passive.buff.buffeffect.01.04 itus.passive.buff.buffeffect.02.04 itus.passive.buff.buffeffect.03.04 | I95: FALSE | J95: TRUE | K95: TRUE | N95: =_xlfn.IFNA(VLOOKUP($M95,Buff.CM!$A:$O,13,FALSE),"") | O95: =_xlfn.IFNA(VLOOKUP($M95,Buff.CM!$A:$O,14,FALSE),"") | P95: =_xlfn.IFNA(VLOOKUP($M95,Buff.CM!$A:$O,15,FALSE),"") | Q95: FALSE | R95: FALSE
A96: itus.passive.buff.05 | D96: 0 | E96: 0 | F96: 0 | G96: itus.passive.buff.buffeffect.00.00 itus.passive.buff.buffeffect.01.05 itus.passive.buff.buffeffect.02.05 itus.passive.buff.buffeffect.03.05 | I96: FALSE | J96: TRUE | K96: TRUE | N96: =_xlfn.IFNA(VLOOKUP($M96,Buff.CM!$A:$O,13,FALSE),"") | O96: =_xlfn.IFNA(VLOOKUP($M96,Buff.CM!$A:$O,14,FALSE),"") | P96: =_xlfn.IFNA(VLOOKUP($M96,Buff.CM!$A:$O,15,FALSE),"") | Q96: FALSE | R96: FALSE
A97: itus.passive.buff.06 | D97: 0 | E97: 0 | F97: 0 | G97: itus.passive.buff.buffeffect.00.00 itus.passive.buff.buffeffect.01.06 itus.passive.buff.buffeffect.02.06 itus.passive.buff.buffeffect.03.06 | I97: FALSE | J97: TRUE | K97: TRUE | N97: =_xlfn.IFNA(VLOOKUP($M97,Buff.CM!$A:$O,13,FALSE),"") | O97: =_xlfn.IFNA(VLOOKUP($M97,Buff.CM!$A:$O,14,FALSE),"") | P97: =_xlfn.IFNA(VLOOKUP($M97,Buff.CM!$A:$O,15,FALSE),"") | Q97: FALSE | R97: FALSE
A98: itus.passive.op.buff.01.01 | D98: 2000 | E98: 3 | F98: 1 | G98: itus.passive.op.buff.buffeffect.01.01 itus.passive.op.buff.buffeffect.02.01 | I98: FALSE | J98: TRUE | K98: FALSE | M98: info.itus.debuff.passive | N98: =_xlfn.IFNA(VLOOKUP($M98,Buff.CM!$A:$O,13,FALSE),"") -> icon_battle_itus_buff_02 | O98: =_xlfn.IFNA(VLOOKUP($M98,Buff.CM!$A:$O,14,FALSE),"") -> info.itus.debuff.passive | P98: =_xlfn.IFNA(VLOOKUP($M98,Buff.CM!$A:$O,15,FALSE),"") -> Desc.info.itus.debuff.passive | Q98: FALSE | R98: FALSE
A99: itus.passive.op.buff.01.02 | D99: 2000 | E99: 3 | F99: 1 | G99: itus.passive.op.buff.buffeffect.01.02 itus.passive.op.buff.buffeffect.02.02 | I99: FALSE | J99: TRUE | K99: FALSE | M99: info.itus.debuff.passive | N99: =_xlfn.IFNA(VLOOKUP($M99,Buff.CM!$A:$O,13,FALSE),"") -> icon_battle_itus_buff_02 | O99: =_xlfn.IFNA(VLOOKUP($M99,Buff.CM!$A:$O,14,FALSE),"") -> info.itus.debuff.passive | P99: =_xlfn.IFNA(VLOOKUP($M99,Buff.CM!$A:$O,15,FALSE),"") -> Desc.info.itus.debuff.passive | Q99: FALSE | R99: FALSE
A100: itus.passive.op.buff.01.03 | D100: 2000 | E100: 3 | F100: 1 | G100: itus.passive.op.buff.buffeffect.01.03 itus.passive.op.buff.buffeffect.02.03 | I100: FALSE | J100: TRUE | K100: FALSE | M100: info.itus.debuff.passive | N100: =_xlfn.IFNA(VLOOKUP($M100,Buff.CM!$A:$O,13,FALSE),"") -> icon_battle_itus_buff_02 | O100: =_xlfn.IFNA(VLOOKUP($M100,Buff.CM!$A:$O,14,FALSE),"") -> info.itus.debuff.passive | P100: =_xlfn.IFNA(VLOOKUP($M100,Buff.CM!$A:$O,15,FALSE),"") -> Desc.info.itus.debuff.passive | Q100: FALSE | R100: FALSE
A101: itus.passive.op.buff.01.04 | D101: 2000 | E101: 3 | F101: 1 | G101: itus.passive.op.buff.buffeffect.01.04 itus.passive.op.buff.buffeffect.02.04 | I101: FALSE | J101: TRUE | K101: FALSE | M101: info.itus.debuff.passive | N101: =_xlfn.IFNA(VLOOKUP($M101,Buff.CM!$A:$O,13,FALSE),"") -> icon_battle_itus_buff_02 | O101: =_xlfn.IFNA(VLOOKUP($M101,Buff.CM!$A:$O,14,FALSE),"") -> info.itus.debuff.passive | P101: =_xlfn.IFNA(VLOOKUP($M101,Buff.CM!$A:$O,15,FALSE),"") -> Desc.info.itus.debuff.passive | Q101: FALSE | R101: FALSE
A102: itus.passive.op.buff.01.05 | D102: 2000 | E102: 3 | F102: 1 | G102: itus.passive.op.buff.buffeffect.01.05 itus.passive.op.buff.buffeffect.02.05 | I102: FALSE | J102: TRUE | K102: FALSE | M102: info.itus.debuff.passive | N102: =_xlfn.IFNA(VLOOKUP($M102,Buff.CM!$A:$O,13,FALSE),"") -> icon_battle_itus_buff_02 | O102: =_xlfn.IFNA(VLOOKUP($M102,Buff.CM!$A:$O,14,FALSE),"") -> info.itus.debuff.passive | P102: =_xlfn.IFNA(VLOOKUP($M102,Buff.CM!$A:$O,15,FALSE),"") -> Desc.info.itus.debuff.passive | Q102: FALSE | R102: FALSE
A103: itus.passive.op.buff.01.06 | D103: 2000 | E103: 3 | F103: 1 | G103: itus.passive.op.buff.buffeffect.01.06 itus.passive.op.buff.buffeffect.02.06 | I103: FALSE | J103: TRUE | K103: FALSE | M103: info.itus.debuff.passive | N103: =_xlfn.IFNA(VLOOKUP($M103,Buff.CM!$A:$O,13,FALSE),"") -> icon_battle_itus_buff_02 | O103: =_xlfn.IFNA(VLOOKUP($M103,Buff.CM!$A:$O,14,FALSE),"") -> info.itus.debuff.passive | P103: =_xlfn.IFNA(VLOOKUP($M103,Buff.CM!$A:$O,15,FALSE),"") -> Desc.info.itus.debuff.passive | Q103: FALSE | R103: FALSE
A104: itus.passive.ex.buff.01 | D104: 0 | E104: 0 | F104: 0 | G104: itus.passive.ex.buff.buffeffect.01.01 itus.passive.ex.buff.buffeffect.02.01 | I104: FALSE | J104: TRUE | K104: TRUE | N104: =_xlfn.IFNA(VLOOKUP($M104,Buff.CM!$A:$O,13,FALSE),"") | O104: =_xlfn.IFNA(VLOOKUP($M104,Buff.CM!$A:$O,14,FALSE),"") | P104: =_xlfn.IFNA(VLOOKUP($M104,Buff.CM!$A:$O,15,FALSE),"") | Q104: FALSE | R104: FALSE
A105: itus.passive.ex.buff.02 | D105: 0 | E105: 0 | F105: 0 | G105: itus.passive.ex.buff.buffeffect.01.02 itus.passive.ex.buff.buffeffect.02.02 | I105: FALSE | J105: TRUE | K105: TRUE | N105: =_xlfn.IFNA(VLOOKUP($M105,Buff.CM!$A:$O,13,FALSE),"") | O105: =_xlfn.IFNA(VLOOKUP($M105,Buff.CM!$A:$O,14,FALSE),"") | P105: =_xlfn.IFNA(VLOOKUP($M105,Buff.CM!$A:$O,15,FALSE),"") | Q105: FALSE | R105: FALSE
A106: itus.passive.ex.buff.03 | D106: 0 | E106: 0 | F106: 0 | G106: itus.passive.ex.buff.buffeffect.01.03 itus.passive.ex.buff.buffeffect.02.03 | I106: FALSE | J106: TRUE | K106: TRUE | N106: =_xlfn.IFNA(VLOOKUP($M106,Buff.CM!$A:$O,13,FALSE),"") | O106: =_xlfn.IFNA(VLOOKUP($M106,Buff.CM!$A:$O,14,FALSE),"") | P106: =_xlfn.IFNA(VLOOKUP($M106,Buff.CM!$A:$O,15,FALSE),"") | Q106: FALSE | R106: FALSE
A107: itus.passive.ex.buff.04 | D107: 0 | E107: 0 | F107: 0 | G107: itus.passive.ex.buff.buffeffect.01.04 itus.passive.ex.buff.buffeffect.02.04 | I107: FALSE | J107: TRUE | K107: TRUE | N107: =_xlfn.IFNA(VLOOKUP($M107,Buff.CM!$A:$O,13,FALSE),"") | O107: =_xlfn.IFNA(VLOOKUP($M107,Buff.CM!$A:$O,14,FALSE),"") | P107: =_xlfn.IFNA(VLOOKUP($M107,Buff.CM!$A:$O,15,FALSE),"") | Q107: FALSE | R107: FALSE
A108: itus.passive.ex.buff.05 | D108: 0 | E108: 0 | F108: 0 | G108: itus.passive.ex.buff.buffeffect.01.05 itus.passive.ex.buff.buffeffect.02.05 | I108: FALSE | J108: TRUE | K108: TRUE | N108: =_xlfn.IFNA(VLOOKUP($M108,Buff.CM!$A:$O,13,FALSE),"") | O108: =_xlfn.IFNA(VLOOKUP($M108,Buff.CM!$A:$O,14,FALSE),"") | P108: =_xlfn.IFNA(VLOOKUP($M108,Buff.CM!$A:$O,15,FALSE),"") | Q108: FALSE | R108: FALSE
A109: itus.passive.ex.buff.06 | D109: 0 | E109: 0 | F109: 0 | G109: itus.passive.ex.buff.buffeffect.01.06 itus.passive.ex.buff.buffeffect.02.06 | I109: FALSE | J109: TRUE | K109: TRUE | N109: =_xlfn.IFNA(VLOOKUP($M109,Buff.CM!$A:$O,13,FALSE),"") | O109: =_xlfn.IFNA(VLOOKUP($M109,Buff.CM!$A:$O,14,FALSE),"") | P109: =_xlfn.IFNA(VLOOKUP($M109,Buff.CM!$A:$O,15,FALSE),"") | Q109: FALSE | R109: FALSE
A110: itus.passive.ex.allynself.buff.01 | D110: 0 | E110: 0 | F110: 0 | G110: itus.passive.ex.allynself.buff.buffeffect.01.01 itus.passive.ex.allynself.buff.buffeffect.02.01 itus.passive.ex.allynself.buff.buffeffect.03.01 | I110: FALSE | J110: TRUE | K110: TRUE | M110: info.itus.buff.ex | N110: =_xlfn.IFNA(VLOOKUP($M110,Buff.CM!$A:$O,13,FALSE),"") -> icon_battle_itus_buff_03 | O110: =_xlfn.IFNA(VLOOKUP($M110,Buff.CM!$A:$O,14,FALSE),"") -> info.itus.buff.ex | P110: =_xlfn.IFNA(VLOOKUP($M110,Buff.CM!$A:$O,15,FALSE),"") -> Desc.info.itus.buff.ex | Q110: FALSE | R110: FALSE
A111: itus.passive.ex.allynself.buff.02 | D111: 0 | E111: 0 | F111: 0 | G111: itus.passive.ex.allynself.buff.buffeffect.01.02 itus.passive.ex.allynself.buff.buffeffect.02.02 itus.passive.ex.allynself.buff.buffeffect.03.02 | I111: FALSE | J111: TRUE | K111: TRUE | M111: info.itus.buff.ex | N111: =_xlfn.IFNA(VLOOKUP($M111,Buff.CM!$A:$O,13,FALSE),"") -> icon_battle_itus_buff_03 | O111: =_xlfn.IFNA(VLOOKUP($M111,Buff.CM!$A:$O,14,FALSE),"") -> info.itus.buff.ex | P111: =_xlfn.IFNA(VLOOKUP($M111,Buff.CM!$A:$O,15,FALSE),"") -> Desc.info.itus.buff.ex | Q111: FALSE | R111: FALSE
A112: itus.passive.ex.allynself.buff.03 | D112: 0 | E112: 0 | F112: 0 | G112: itus.passive.ex.allynself.buff.buffeffect.01.03 itus.passive.ex.allynself.buff.buffeffect.02.03 itus.passive.ex.allynself.buff.buffeffect.03.03 | I112: FALSE | J112: TRUE | K112: TRUE | M112: info.itus.buff.ex | N112: =_xlfn.IFNA(VLOOKUP($M112,Buff.CM!$A:$O,13,FALSE),"") -> icon_battle_itus_buff_03 | O112: =_xlfn.IFNA(VLOOKUP($M112,Buff.CM!$A:$O,14,FALSE),"") -> info.itus.buff.ex | P112: =_xlfn.IFNA(VLOOKUP($M112,Buff.CM!$A:$O,15,FALSE),"") -> Desc.info.itus.buff.ex | Q112: FALSE | R112: FALSE
A113: itus.passive.ex.allynself.buff.04 | D113: 0 | E113: 0 | F113: 0 | G113: itus.passive.ex.allynself.buff.buffeffect.01.04 itus.passive.ex.allynself.buff.buffeffect.02.04 itus.passive.ex.allynself.buff.buffeffect.03.04 | I113: FALSE | J113: TRUE | K113: TRUE | M113: info.itus.buff.ex | N113: =_xlfn.IFNA(VLOOKUP($M113,Buff.CM!$A:$O,13,FALSE),"") -> icon_battle_itus_buff_03 | O113: =_xlfn.IFNA(VLOOKUP($M113,Buff.CM!$A:$O,14,FALSE),"") -> info.itus.buff.ex | P113: =_xlfn.IFNA(VLOOKUP($M113,Buff.CM!$A:$O,15,FALSE),"") -> Desc.info.itus.buff.ex | Q113: FALSE | R113: FALSE
A114: itus.passive.ex.allynself.buff.05 | D114: 0 | E114: 0 | F114: 0 | G114: itus.passive.ex.allynself.buff.buffeffect.01.05 itus.passive.ex.allynself.buff.buffeffect.02.05 itus.passive.ex.allynself.buff.buffeffect.03.05 | I114: FALSE | J114: TRUE | K114: TRUE | M114: info.itus.buff.ex | N114: =_xlfn.IFNA(VLOOKUP($M114,Buff.CM!$A:$O,13,FALSE),"") -> icon_battle_itus_buff_03 | O114: =_xlfn.IFNA(VLOOKUP($M114,Buff.CM!$A:$O,14,FALSE),"") -> info.itus.buff.ex | P114: =_xlfn.IFNA(VLOOKUP($M114,Buff.CM!$A:$O,15,FALSE),"") -> Desc.info.itus.buff.ex | Q114: FALSE | R114: FALSE
A115: itus.passive.ex.allynself.buff.06 | D115: 0 | E115: 0 | F115: 0 | G115: itus.passive.ex.allynself.buff.buffeffect.01.06 itus.passive.ex.allynself.buff.buffeffect.02.06 itus.passive.ex.allynself.buff.buffeffect.03.06 | I115: FALSE | J115: TRUE | K115: TRUE | M115: info.itus.buff.ex | N115: =_xlfn.IFNA(VLOOKUP($M115,Buff.CM!$A:$O,13,FALSE),"") -> icon_battle_itus_buff_03 | O115: =_xlfn.IFNA(VLOOKUP($M115,Buff.CM!$A:$O,14,FALSE),"") -> info.itus.buff.ex | P115: =_xlfn.IFNA(VLOOKUP($M115,Buff.CM!$A:$O,15,FALSE),"") -> Desc.info.itus.buff.ex | Q115: FALSE | R115: FALSE
A116: melissa.summon.passive.buff.01 | D116: 0 | E116: 0 | F116: 0 | G116: melissa.summon.passive.buff.buffeffect.01 | I116: FALSE | J116: FALSE | K116: TRUE | N116: =_xlfn.IFNA(VLOOKUP($M116,Buff.CM!$A:$O,13,FALSE),"") | O116: =_xlfn.IFNA(VLOOKUP($M116,Buff.CM!$A:$O,14,FALSE),"") | P116: =_xlfn.IFNA(VLOOKUP($M116,Buff.CM!$A:$O,15,FALSE),"") | Q116: FALSE | R116: FALSE
A117: melissa.summon.passive.buff.02 | D117: 0 | E117: 0 | F117: 0 | G117: melissa.summon.passive.buff.buffeffect.02 | I117: FALSE | J117: FALSE | K117: TRUE | N117: =_xlfn.IFNA(VLOOKUP($M117,Buff.CM!$A:$O,13,FALSE),"") | O117: =_xlfn.IFNA(VLOOKUP($M117,Buff.CM!$A:$O,14,FALSE),"") | P117: =_xlfn.IFNA(VLOOKUP($M117,Buff.CM!$A:$O,15,FALSE),"") | Q117: FALSE | R117: FALSE
A118: melissa.summon.passive.buff.03 | D118: 0 | E118: 0 | F118: 0 | G118: melissa.summon.passive.buff.buffeffect.03 | I118: FALSE | J118: FALSE | K118: TRUE | N118: =_xlfn.IFNA(VLOOKUP($M118,Buff.CM!$A:$O,13,FALSE),"") | O118: =_xlfn.IFNA(VLOOKUP($M118,Buff.CM!$A:$O,14,FALSE),"") | P118: =_xlfn.IFNA(VLOOKUP($M118,Buff.CM!$A:$O,15,FALSE),"") | Q118: FALSE | R118: FALSE
A119: melissa.summon.passive.buff.04 | D119: 0 | E119: 0 | F119: 0 | G119: melissa.summon.passive.buff.buffeffect.04 | I119: FALSE | J119: FALSE | K119: TRUE | N119: =_xlfn.IFNA(VLOOKUP($M119,Buff.CM!$A:$O,13,FALSE),"") | O119: =_xlfn.IFNA(VLOOKUP($M119,Buff.CM!$A:$O,14,FALSE),"") | P119: =_xlfn.IFNA(VLOOKUP($M119,Buff.CM!$A:$O,15,FALSE),"") | Q119: FALSE | R119: FALSE
A120: melissa.summon.passive.buff.05 | D120: 0 | E120: 0 | F120: 0 | G120: melissa.summon.passive.buff.buffeffect.05 | I120: FALSE | J120: FALSE | K120: TRUE | N120: =_xlfn.IFNA(VLOOKUP($M120,Buff.CM!$A:$O,13,FALSE),"") | O120: =_xlfn.IFNA(VLOOKUP($M120,Buff.CM!$A:$O,14,FALSE),"") | P120: =_xlfn.IFNA(VLOOKUP($M120,Buff.CM!$A:$O,15,FALSE),"") | Q120: FALSE | R120: FALSE
A121: melissa.summon.passive.buff.06 | D121: 0 | E121: 0 | F121: 0 | G121: melissa.summon.passive.buff.buffeffect.06 | I121: FALSE | J121: FALSE | K121: TRUE | N121: =_xlfn.IFNA(VLOOKUP($M121,Buff.CM!$A:$O,13,FALSE),"") | O121: =_xlfn.IFNA(VLOOKUP($M121,Buff.CM!$A:$O,14,FALSE),"") | P121: =_xlfn.IFNA(VLOOKUP($M121,Buff.CM!$A:$O,15,FALSE),"") | Q121: FALSE | R121: FALSE
A122: melissa.summon.passive.taunt.buff.01 | D122: 0 | E122: 0 | F122: 0 | G122: melissa.summon.passive.taunt.buff.buffeffect.01 | I122: FALSE | J122: FALSE | K122: TRUE | N122: =_xlfn.IFNA(VLOOKUP($M122,Buff.CM!$A:$O,13,FALSE),"") | O122: =_xlfn.IFNA(VLOOKUP($M122,Buff.CM!$A:$O,14,FALSE),"") | P122: =_xlfn.IFNA(VLOOKUP($M122,Buff.CM!$A:$O,15,FALSE),"") | Q122: FALSE | R122: FALSE
A123: melissa.summon.passive.taunt.buff.02 | D123: 0 | E123: 0 | F123: 0 | G123: melissa.summon.passive.taunt.buff.buffeffect.02 | I123: FALSE | J123: FALSE | K123: TRUE | N123: =_xlfn.IFNA(VLOOKUP($M123,Buff.CM!$A:$O,13,FALSE),"") | O123: =_xlfn.IFNA(VLOOKUP($M123,Buff.CM!$A:$O,14,FALSE),"") | P123: =_xlfn.IFNA(VLOOKUP($M123,Buff.CM!$A:$O,15,FALSE),"") | Q123: FALSE | R123: FALSE
A124: melissa.summon.passive.taunt.buff.03 | D124: 0 | E124: 0 | F124: 0 | G124: melissa.summon.passive.taunt.buff.buffeffect.03 | I124: FALSE | J124: FALSE | K124: TRUE | N124: =_xlfn.IFNA(VLOOKUP($M124,Buff.CM!$A:$O,13,FALSE),"") | O124: =_xlfn.IFNA(VLOOKUP($M124,Buff.CM!$A:$O,14,FALSE),"") | P124: =_xlfn.IFNA(VLOOKUP($M124,Buff.CM!$A:$O,15,FALSE),"") | Q124: FALSE | R124: FALSE
A125: melissa.summon.passive.taunt.buff.04 | D125: 0 | E125: 0 | F125: 0 | G125: melissa.summon.passive.taunt.buff.buffeffect.04 | I125: FALSE | J125: FALSE | K125: TRUE | N125: =_xlfn.IFNA(VLOOKUP($M125,Buff.CM!$A:$O,13,FALSE),"") | O125: =_xlfn.IFNA(VLOOKUP($M125,Buff.CM!$A:$O,14,FALSE),"") | P125: =_xlfn.IFNA(VLOOKUP($M125,Buff.CM!$A:$O,15,FALSE),"") | Q125: FALSE | R125: FALSE
A126: melissa.summon.passive.taunt.buff.05 | D126: 0 | E126: 0 | F126: 0 | G126: melissa.summon.passive.taunt.buff.buffeffect.05 | I126: FALSE | J126: FALSE | K126: TRUE | N126: =_xlfn.IFNA(VLOOKUP($M126,Buff.CM!$A:$O,13,FALSE),"") | O126: =_xlfn.IFNA(VLOOKUP($M126,Buff.CM!$A:$O,14,FALSE),"") | P126: =_xlfn.IFNA(VLOOKUP($M126,Buff.CM!$A:$O,15,FALSE),"") | Q126: FALSE | R126: FALSE
A127: melissa.summon.passive.taunt.buff.06 | D127: 0 | E127: 0 | F127: 0 | G127: melissa.summon.passive.taunt.buff.buffeffect.06 | I127: FALSE | J127: FALSE | K127: TRUE | N127: =_xlfn.IFNA(VLOOKUP($M127,Buff.CM!$A:$O,13,FALSE),"") | O127: =_xlfn.IFNA(VLOOKUP($M127,Buff.CM!$A:$O,14,FALSE),"") | P127: =_xlfn.IFNA(VLOOKUP($M127,Buff.CM!$A:$O,15,FALSE),"") | Q127: FALSE | R127: FALSE
A128: melissa.summon.taunt.buff.01 | D128: 2000 | E128: 0 | F128: 0 | G128: provoke | I128: FALSE | J128: TRUE | K128: FALSE | L128: Effect/Prefab/10_buff/EFF_debuff_taunt | M128: info.taunt | N128: =_xlfn.IFNA(VLOOKUP($M128,Buff.CM!$A:$O,13,FALSE),"") -> icon_battle_provoke | O128: =_xlfn.IFNA(VLOOKUP($M128,Buff.CM!$A:$O,14,FALSE),"") -> Buff.Name.Provoke | P128: =_xlfn.IFNA(VLOOKUP($M128,Buff.CM!$A:$O,15,FALSE),"") -> Buff.Desc.Provoke | Q128: FALSE | R128: FALSE
A129: melissa.summon.taunt.buff.02 | D129: 2000 | E129: 0 | F129: 0 | G129: provoke | I129: FALSE | J129: TRUE | K129: FALSE | L129: Effect/Prefab/10_buff/EFF_debuff_taunt | M129: info.taunt | N129: =_xlfn.IFNA(VLOOKUP($M129,Buff.CM!$A:$O,13,FALSE),"") -> icon_battle_provoke | O129: =_xlfn.IFNA(VLOOKUP($M129,Buff.CM!$A:$O,14,FALSE),"") -> Buff.Name.Provoke | P129: =_xlfn.IFNA(VLOOKUP($M129,Buff.CM!$A:$O,15,FALSE),"") -> Buff.Desc.Provoke | Q129: FALSE | R129: FALSE
A130: melissa.summon.taunt.buff.03 | D130: 2500 | E130: 0 | F130: 0 | G130: provoke | I130: FALSE | J130: TRUE | K130: FALSE | L130: Effect/Prefab/10_buff/EFF_debuff_taunt | M130: info.taunt | N130: =_xlfn.IFNA(VLOOKUP($M130,Buff.CM!$A:$O,13,FALSE),"") -> icon_battle_provoke | O130: =_xlfn.IFNA(VLOOKUP($M130,Buff.CM!$A:$O,14,FALSE),"") -> Buff.Name.Provoke | P130: =_xlfn.IFNA(VLOOKUP($M130,Buff.CM!$A:$O,15,FALSE),"") -> Buff.Desc.Provoke | Q130: FALSE | R130: FALSE
A131: melissa.summon.taunt.buff.04 | D131: 2500 | E131: 0 | F131: 0 | G131: provoke | I131: FALSE | J131: TRUE | K131: FALSE | L131: Effect/Prefab/10_buff/EFF_debuff_taunt | M131: info.taunt | N131: =_xlfn.IFNA(VLOOKUP($M131,Buff.CM!$A:$O,13,FALSE),"") -> icon_battle_provoke | O131: =_xlfn.IFNA(VLOOKUP($M131,Buff.CM!$A:$O,14,FALSE),"") -> Buff.Name.Provoke | P131: =_xlfn.IFNA(VLOOKUP($M131,Buff.CM!$A:$O,15,FALSE),"") -> Buff.Desc.Provoke | Q131: FALSE | R131: FALSE
A132: melissa.summon.taunt.buff.05 | D132: 3000 | E132: 0 | F132: 0 | G132: provoke | I132: FALSE | J132: TRUE | K132: FALSE | L132: Effect/Prefab/10_buff/EFF_debuff_taunt | M132: info.taunt | N132: =_xlfn.IFNA(VLOOKUP($M132,Buff.CM!$A:$O,13,FALSE),"") -> icon_battle_provoke | O132: =_xlfn.IFNA(VLOOKUP($M132,Buff.CM!$A:$O,14,FALSE),"") -> Buff.Name.Provoke | P132: =_xlfn.IFNA(VLOOKUP($M132,Buff.CM!$A:$O,15,FALSE),"") -> Buff.Desc.Provoke | Q132: FALSE | R132: FALSE
A133: melissa.summon.taunt.buff.06 | D133: 8000 | E133: 0 | F133: 0 | G133: provoke | I133: FALSE | J133: TRUE | K133: FALSE | L133: Effect/Prefab/10_buff/EFF_debuff_taunt | M133: info.taunt | N133: =_xlfn.IFNA(VLOOKUP($M133,Buff.CM!$A:$O,13,FALSE),"") -> icon_battle_provoke | O133: =_xlfn.IFNA(VLOOKUP($M133,Buff.CM!$A:$O,14,FALSE),"") -> Buff.Name.Provoke | P133: =_xlfn.IFNA(VLOOKUP($M133,Buff.CM!$A:$O,15,FALSE),"") -> Buff.Desc.Provoke | Q133: FALSE | R133: FALSE
A134: melissa.summon.passive.end.buff.01 | D134: 0 | E134: 0 | F134: 0 | G134: melissa.summon.passive.end.buff.buffeffect.01 | I134: FALSE | J134: FALSE | K134: TRUE | N134: =_xlfn.IFNA(VLOOKUP($M134,Buff.CM!$A:$O,13,FALSE),"") | O134: =_xlfn.IFNA(VLOOKUP($M134,Buff.CM!$A:$O,14,FALSE),"") | P134: =_xlfn.IFNA(VLOOKUP($M134,Buff.CM!$A:$O,15,FALSE),"") | Q134: FALSE | R134: FALSE
A135: melissa.summon.passive.end.buff.02 | D135: 0 | E135: 0 | F135: 0 | G135: melissa.summon.passive.end.buff.buffeffect.02 | I135: FALSE | J135: FALSE | K135: TRUE | N135: =_xlfn.IFNA(VLOOKUP($M135,Buff.CM!$A:$O,13,FALSE),"") | O135: =_xlfn.IFNA(VLOOKUP($M135,Buff.CM!$A:$O,14,FALSE),"") | P135: =_xlfn.IFNA(VLOOKUP($M135,Buff.CM!$A:$O,15,FALSE),"") | Q135: FALSE | R135: FALSE
A136: melissa.summon.passive.end.buff.03 | D136: 0 | E136: 0 | F136: 0 | G136: melissa.summon.passive.end.buff.buffeffect.03 | I136: FALSE | J136: FALSE | K136: TRUE | N136: =_xlfn.IFNA(VLOOKUP($M136,Buff.CM!$A:$O,13,FALSE),"") | O136: =_xlfn.IFNA(VLOOKUP($M136,Buff.CM!$A:$O,14,FALSE),"") | P136: =_xlfn.IFNA(VLOOKUP($M136,Buff.CM!$A:$O,15,FALSE),"") | Q136: FALSE | R136: FALSE
A137: melissa.summon.passive.end.buff.04 | D137: 0 | E137: 0 | F137: 0 | G137: melissa.summon.passive.end.buff.buffeffect.04 | I137: FALSE | J137: FALSE | K137: TRUE | N137: =_xlfn.IFNA(VLOOKUP($M137,Buff.CM!$A:$O,13,FALSE),"") | O137: =_xlfn.IFNA(VLOOKUP($M137,Buff.CM!$A:$O,14,FALSE),"") | P137: =_xlfn.IFNA(VLOOKUP($M137,Buff.CM!$A:$O,15,FALSE),"") | Q137: FALSE | R137: FALSE
A138: melissa.summon.passive.end.buff.05 | D138: 0 | E138: 0 | F138: 0 | G138: melissa.summon.passive.end.buff.buffeffect.05 | I138: FALSE | J138: FALSE | K138: TRUE | N138: =_xlfn.IFNA(VLOOKUP($M138,Buff.CM!$A:$O,13,FALSE),"") | O138: =_xlfn.IFNA(VLOOKUP($M138,Buff.CM!$A:$O,14,FALSE),"") | P138: =_xlfn.IFNA(VLOOKUP($M138,Buff.CM!$A:$O,15,FALSE),"") | Q138: FALSE | R138: FALSE
A139: melissa.summon.passive.end.buff.06 | D139: 0 | E139: 0 | F139: 0 | G139: melissa.summon.passive.end.buff.buffeffect.06 | I139: FALSE | J139: FALSE | K139: TRUE | N139: =_xlfn.IFNA(VLOOKUP($M139,Buff.CM!$A:$O,13,FALSE),"") | O139: =_xlfn.IFNA(VLOOKUP($M139,Buff.CM!$A:$O,14,FALSE),"") | P139: =_xlfn.IFNA(VLOOKUP($M139,Buff.CM!$A:$O,15,FALSE),"") | Q139: FALSE | R139: FALSE
A140: melissa.summon.blind.buff.01 | D140: 2000 | E140: 0 | F140: 0 | G140: blind | I140: FALSE | J140: TRUE | K140: FALSE | L140: Effect/Prefab/10_buff/EFF_debuff_blind | M140: info.blind | N140: =_xlfn.IFNA(VLOOKUP($M140,Buff.CM!$A:$O,13,FALSE),"") -> icon_battle_blindess | O140: =_xlfn.IFNA(VLOOKUP($M140,Buff.CM!$A:$O,14,FALSE),"") -> Buff.Name.Blindess | P140: =_xlfn.IFNA(VLOOKUP($M140,Buff.CM!$A:$O,15,FALSE),"") -> Buff.Desc.Blindess | Q140: FALSE | R140: FALSE
A141: melissa.summon.blind.buff.02 | D141: 2000 | E141: 0 | F141: 0 | G141: blind | I141: FALSE | J141: TRUE | K141: FALSE | L141: Effect/Prefab/10_buff/EFF_debuff_blind | M141: info.blind | N141: =_xlfn.IFNA(VLOOKUP($M141,Buff.CM!$A:$O,13,FALSE),"") -> icon_battle_blindess | O141: =_xlfn.IFNA(VLOOKUP($M141,Buff.CM!$A:$O,14,FALSE),"") -> Buff.Name.Blindess | P141: =_xlfn.IFNA(VLOOKUP($M141,Buff.CM!$A:$O,15,FALSE),"") -> Buff.Desc.Blindess | Q141: FALSE | R141: FALSE
A142: melissa.summon.blind.buff.03 | D142: 2000 | E142: 0 | F142: 0 | G142: blind | I142: FALSE | J142: TRUE | K142: FALSE | L142: Effect/Prefab/10_buff/EFF_debuff_blind | M142: info.blind | N142: =_xlfn.IFNA(VLOOKUP($M142,Buff.CM!$A:$O,13,FALSE),"") -> icon_battle_blindess | O142: =_xlfn.IFNA(VLOOKUP($M142,Buff.CM!$A:$O,14,FALSE),"") -> Buff.Name.Blindess | P142: =_xlfn.IFNA(VLOOKUP($M142,Buff.CM!$A:$O,15,FALSE),"") -> Buff.Desc.Blindess | Q142: FALSE | R142: FALSE
A143: melissa.summon.blind.buff.04 | D143: 2000 | E143: 0 | F143: 0 | G143: blind | I143: FALSE | J143: TRUE | K143: FALSE | L143: Effect/Prefab/10_buff/EFF_debuff_blind | M143: info.blind | N143: =_xlfn.IFNA(VLOOKUP($M143,Buff.CM!$A:$O,13,FALSE),"") -> icon_battle_blindess | O143: =_xlfn.IFNA(VLOOKUP($M143,Buff.CM!$A:$O,14,FALSE),"") -> Buff.Name.Blindess | P143: =_xlfn.IFNA(VLOOKUP($M143,Buff.CM!$A:$O,15,FALSE),"") -> Buff.Desc.Blindess | Q143: FALSE | R143: FALSE
A144: melissa.summon.blind.buff.05 | D144: 2000 | E144: 0 | F144: 0 | G144: blind | I144: FALSE | J144: TRUE | K144: FALSE | L144: Effect/Prefab/10_buff/EFF_debuff_blind | M144: info.blind | N144: =_xlfn.IFNA(VLOOKUP($M144,Buff.CM!$A:$O,13,FALSE),"") -> icon_battle_blindess | O144: =_xlfn.IFNA(VLOOKUP($M144,Buff.CM!$A:$O,14,FALSE),"") -> Buff.Name.Blindess | P144: =_xlfn.IFNA(VLOOKUP($M144,Buff.CM!$A:$O,15,FALSE),"") -> Buff.Desc.Blindess | Q144: FALSE | R144: FALSE
A145: melissa.summon.blind.buff.06 | D145: 2000 | E145: 0 | F145: 0 | G145: blind | I145: FALSE | J145: TRUE | K145: FALSE | L145: Effect/Prefab/10_buff/EFF_debuff_blind | M145: info.blind | N145: =_xlfn.IFNA(VLOOKUP($M145,Buff.CM!$A:$O,13,FALSE),"") -> icon_battle_blindess | O145: =_xlfn.IFNA(VLOOKUP($M145,Buff.CM!$A:$O,14,FALSE),"") -> Buff.Name.Blindess | P145: =_xlfn.IFNA(VLOOKUP($M145,Buff.CM!$A:$O,15,FALSE),"") -> Buff.Desc.Blindess | Q145: FALSE | R145: FALSE
A146: melissa.active2.atkdown.buff.01 | D146: 5000 | E146: 0 | F146: 0 | G146: AtkSpeed.Down.01 | I146: FALSE | J146: FALSE | K146: FALSE | L146: Effect/Prefab/10_buff/EFF_debuff_down | M146: AtkSpeed.Down.01 | N146: =_xlfn.IFNA(VLOOKUP($M146,Buff.CM!$A:$O,13,FALSE),"") -> icon_battle_attackspeed | O146: =_xlfn.IFNA(VLOOKUP($M146,Buff.CM!$A:$O,14,FALSE),"") -> Buff.Name.AtkSpeed.Down.01 | P146: =_xlfn.IFNA(VLOOKUP($M146,Buff.CM!$A:$O,15,FALSE),"") -> Buff.Desc.AtkSpeed.Down.01 | Q146: FALSE | R146: FALSE
A147: melissa.active2.atkdown.buff.02 | D147: 6000 | E147: 0 | F147: 0 | G147: AtkSpeed.Down.01 | I147: FALSE | J147: FALSE | K147: FALSE | L147: Effect/Prefab/10_buff/EFF_debuff_down | M147: AtkSpeed.Down.01 | N147: =_xlfn.IFNA(VLOOKUP($M147,Buff.CM!$A:$O,13,FALSE),"") -> icon_battle_attackspeed | O147: =_xlfn.IFNA(VLOOKUP($M147,Buff.CM!$A:$O,14,FALSE),"") -> Buff.Name.AtkSpeed.Down.01 | P147: =_xlfn.IFNA(VLOOKUP($M147,Buff.CM!$A:$O,15,FALSE),"") -> Buff.Desc.AtkSpeed.Down.01 | Q147: FALSE | R147: FALSE
A148: melissa.active2.atkdown.buff.03 | D148: 6000 | E148: 0 | F148: 0 | G148: AtkSpeed.Down.02 | I148: FALSE | J148: FALSE | K148: FALSE | L148: Effect/Prefab/10_buff/EFF_debuff_down | M148: AtkSpeed.Down.02 | N148: =_xlfn.IFNA(VLOOKUP($M148,Buff.CM!$A:$O,13,FALSE),"") -> icon_battle_attackspeed | O148: =_xlfn.IFNA(VLOOKUP($M148,Buff.CM!$A:$O,14,FALSE),"") -> Buff.Name.AtkSpeed.Down.02 | P148: =_xlfn.IFNA(VLOOKUP($M148,Buff.CM!$A:$O,15,FALSE),"") -> Buff.Desc.AtkSpeed.Down.02 | Q148: FALSE | R148: FALSE
...

Sheet BuffEffect.T
A1: #ID | B1: #조건 | C1: #조건 값 (백분율) | D1: #조건체크 반복주기 | E1: #사용횟수 기본값:1, 공백:무한 | F1: #타겟 | G1: #광여 타이 | H1: #값 | I1: #수 | J1: #타입 | K1: #값 | L1: #값 % | M1: #값 (상수) | N1: #이펙트 | O1: #사용 스택 | P1: #틱 | Q1: #이펙트 이름 | R1: #Hud
A2: Id | B2: ActiveCondition | C2: ConditionValue | D2: CoolTime | E2: LimitEffectCount | F2: TargetTendency | G2: AreaType | H2: AreaValue | I2: TargetCount | J2: #Type | K2: #Value1 | L2: #Value2 | M2: #Value3 | N2: Effect | O2: UseStack | P2: Tick | Q2: Name | R2: ShowHit
A3: *string | B3: ActiveCondition? | C3: string | D3: int | E3: int? | F3: TargetTendency | G3: AreaType | H3: [int] | I3: int | J3: #BuffEffectType | K3: #string | L3: #string | M3: #string | N3: dsl | O3: int | P3: int | Q3: string | R3: bool
A4: common | B4: common | C4: common | D4: common | E4: common | F4: common | G4: common | H4: common | I4: common | J4: # | K4: # | L4: # | M4: # | N4: common | O4: common | P4: common | Q4: client | R4: common
A5: itus.ult.self.buff.buffeffect.01 | D5: 0 | E5: 1 | F5: Self | G5: Single | I5: 0 | J5: ChangeSkill | K5: Normal | N5: =J5&"("&IF(K5="","",K5)&IF(L5="","",", "&L5)&IF(M5="","",", "&M5)&")" -> ChangeSkill(Normal) | O5: 0 | P5: 0 | R5: TRUE
A6: itus.ult.attack.shield.buff.buffeffect.01 | D6: 0 | E6: 1 | F6: Self | G6: Single | I6: 0 | J6: Shield | K6: Defense | L6: 1000 | N6: =J6&"("&IF(K6="","",K6)&IF(L6="","",", "&L6)&IF(M6="","",", "&M6)&")" -> Shield(Defense, 1000) | O6: 0 | P6: 0 | R6: TRUE
A7: itus.ult.attack.shield.buff.buffeffect.02 | D7: 0 | E7: 1 | F7: Self | G7: Single | I7: 0 | J7: Shield | K7: Defense | L7: 1250 | N7: =J7&"("&IF(K7="","",K7)&IF(L7="","",", "&L7)&IF(M7="","",", "&M7)&")" -> Shield(Defense, 1250) | O7: 0 | P7: 0 | R7: TRUE
A8: itus.ult.attack.shield.buff.buffeffect.03 | D8: 0 | E8: 1 | F8: Self | G8: Single | I8: 0 | J8: Shield | K8: Defense | L8: 1500 | N8: =J8&"("&IF(K8="","",K8)&IF(L8="","",", "&L8)&IF(M8="","",", "&M8)&")" -> Shield(Defense, 1500) | O8: 0 | P8: 0 | R8: TRUE
A9: itus.ult.attack.shield.buff.buffeffect.04 | D9: 0 | E9: 1 | F9: Self | G9: Single | I9: 0 | J9: Shield | K9: Defense | L9: 1750 | N9: =J9&"("&IF(K9="","",K9)&IF(L9="","",", "&L9)&IF(M9="","",", "&M9)&")" -> Shield(Defense, 1750) | O9: 0 | P9: 0 | R9: TRUE
A10: itus.ult.attack.shield.buff.buffeffect.05 | D10: 0 | E10: 1 | F10: Self | G10: Single | I10: 0 | J10: Shield | K10: Defense | L10: 2000 | N10: =J10&"("&IF(K10="","",K10)&IF(L10="","",", "&L10)&IF(M10="","",", "&M10)&")" -> Shield(Defense, 2000) | O10: 0 | P10: 0 | R10: TRUE
A11: itus.ult.attack.shield.buff.buffeffect.06 | D11: 0 | E11: 1 | F11: Self | G11: Single | I11: 0 | J11: Shield | K11: Defense | L11: 2000 | N11: =J11&"("&IF(K11="","",K11)&IF(L11="","",", "&L11)&IF(M11="","",", "&M11)&")" -> Shield(Defense, 2000) | O11: 0 | P11: 0 | R11: TRUE
A12: itus.ult.attack.shield.buff.buffeffect.07 | D12: 0 | E12: 1 | F12: Self | G12: Single | I12: 0 | J12: Shield | K12: Defense | L12: 2000 | N12: =J12&"("&IF(K12="","",K12)&IF(L12="","",", "&L12)&IF(M12="","",", "&M12)&")" -> Shield(Defense, 2000) | O12: 0 | P12: 0 | R12: TRUE
A13: itus.ult.self.buff.buffeffect.02.01 | D13: 0 | E13: 1 | F13: Self | G13: Single | I13: 0 | J13: Active | K13: itus.ult.self.buff.cost.skilleffect.01 | N13: =J13&"("&IF(K13="","",K13)&IF(L13="","",", "&L13)&IF(M13="","",", "&M13)&")" -> Active(itus.ult.self.buff.cost.skilleffect.01) | O13: 0 | P13: 500 | R13: TRUE
A14: itus.ult.self.buff.buffeffect.02.02 | D14: 0 | E14: 1 | F14: Self | G14: Single | I14: 0 | J14: Active | K14: itus.ult.self.buff.cost.skilleffect.02 | N14: =J14&"("&IF(K14="","",K14)&IF(L14="","",", "&L14)&IF(M14="","",", "&M14)&")" -> Active(itus.ult.self.buff.cost.skilleffect.02) | O14: 0 | P14: 500 | R14: TRUE
A15: itus.ult.self.buff.buffeffect.02.03 | D15: 0 | E15: 1 | F15: Self | G15: Single | I15: 0 | J15: Active | K15: itus.ult.self.buff.cost.skilleffect.03 | N15: =J15&"("&IF(K15="","",K15)&IF(L15="","",", "&L15)&IF(M15="","",", "&M15)&")" -> Active(itus.ult.self.buff.cost.skilleffect.03) | O15: 0 | P15: 500 | R15: TRUE
A16: itus.ult.self.buff.buffeffect.02.04 | D16: 0 | E16: 1 | F16: Self | G16: Single | I16: 0 | J16: Active | K16: itus.ult.self.buff.cost.skilleffect.04 | N16: =J16&"("&IF(K16="","",K16)&IF(L16="","",", "&L16)&IF(M16="","",", "&M16)&")" -> Active(itus.ult.self.buff.cost.skilleffect.04) | O16: 0 | P16: 500 | R16: TRUE
A17: itus.ult.self.buff.buffeffect.02.05 | D17: 0 | E17: 1 | F17: Self | G17: Single | I17: 0 | J17: Active | K17: itus.ult.self.buff.cost.skilleffect.05 | N17: =J17&"("&IF(K17="","",K17)&IF(L17="","",", "&L17)&IF(M17="","",", "&M17)&")" -> Active(itus.ult.self.buff.cost.skilleffect.05) | O17: 0 | P17: 500 | R17: TRUE
A18: itus.ult.self.buff.buffeffect.02.06 | D18: 0 | E18: 1 | F18: Self | G18: Single | I18: 0 | J18: Active | K18: itus.ult.self.buff.cost.skilleffect.06 | N18: =J18&"("&IF(K18="","",K18)&IF(L18="","",", "&L18)&IF(M18="","",", "&M18)&")" -> Active(itus.ult.self.buff.cost.skilleffect.06) | O18: 0 | P18: 500 | R18: TRUE
A19: itus.ult.self.buff.buffeffect.02.07 | D19: 0 | E19: 1 | F19: Self | G19: Single | I19: 0 | J19: Active | K19: itus.ult.self.buff.cost.skilleffect.07 | N19: =J19&"("&IF(K19="","",K19)&IF(L19="","",", "&L19)&IF(M19="","",", "&M19)&")" -> Active(itus.ult.self.buff.cost.skilleffect.07) | O19: 0 | P19: 500 | R19: TRUE
A20: itus.ult.self.buff.buffeffect.03.01 | D20: 0 | E20: 1 | F20: Self | G20: Single | I20: 0 | J20: SkillEffectModifier | K20: Op | L20: itus.ult.skill.effect.modifier.01 | N20: =J20&"("&IF(K20="","",K20)&IF(L20="","",", "&L20)&IF(M20="","",", "&M20)&")" -> SkillEffectModifier(Op, itus.ult.skill.effect.modifier.01) | O20: 0 | P20: 0 | R20: TRUE
A21: itus.ult.self.buff.buffeffect.03.02 | D21: 0 | E21: 1 | F21: Self | G21: Single | I21: 0 | J21: SkillEffectModifier | K21: Op | L21: itus.ult.skill.effect.modifier.02 | N21: =J21&"("&IF(K21="","",K21)&IF(L21="","",", "&L21)&IF(M21="","",", "&M21)&")" -> SkillEffectModifier(Op, itus.ult.skill.effect.modifier.02) | O21: 0 | P21: 0 | R21: TRUE
A22: itus.ult.self.buff.buffeffect.03.03 | D22: 0 | E22: 1 | F22: Self | G22: Single | I22: 0 | J22: SkillEffectModifier | K22: Op | L22: itus.ult.skill.effect.modifier.03 | N22: =J22&"("&IF(K22="","",K22)&IF(L22="","",", "&L22)&IF(M22="","",", "&M22)&")" -> SkillEffectModifier(Op, itus.ult.skill.effect.modifier.03) | O22: 0 | P22: 0 | R22: TRUE
A23: itus.ult.self.buff.buffeffect.03.04 | D23: 0 | E23: 1 | F23: Self | G23: Single | I23: 0 | J23: SkillEffectModifier | K23: Op | L23: itus.ult.skill.effect.modifier.04 | N23: =J23&"("&IF(K23="","",K23)&IF(L23="","",", "&L23)&IF(M23="","",", "&M23)&")" -> SkillEffectModifier(Op, itus.ult.skill.effect.modifier.04) | O23: 0 | P23: 0 | R23: TRUE
A24: itus.ult.self.buff.buffeffect.03.05 | D24: 0 | E24: 1 | F24: Self | G24: Single | I24: 0 | J24: SkillEffectModifier | K24: Op | L24: itus.ult.skill.effect.modifier.05 | N24: =J24&"("&IF(K24="","",K24)&IF(L24="","",", "&L24)&IF(M24="","",", "&M24)&")" -> SkillEffectModifier(Op, itus.ult.skill.effect.modifier.05) | O24: 0 | P24: 0 | R24: TRUE
A25: itus.ult.self.buff.buffeffect.03.06 | D25: 0 | E25: 1 | F25: Self | G25: Single | I25: 0 | J25: SkillEffectModifier | K25: Op | L25: itus.ult.skill.effect.modifier.06 | N25: =J25&"("&IF(K25="","",K25)&IF(L25="","",", "&L25)&IF(M25="","",", "&M25)&")" -> SkillEffectModifier(Op, itus.ult.skill.effect.modifier.06) | O25: 0 | P25: 0 | R25: TRUE
A26: itus.ult.self.buff.buffeffect.03.07 | D26: 0 | E26: 1 | F26: Self | G26: Single | I26: 0 | J26: SkillEffectModifier | K26: Op | L26: itus.ult.skill.effect.modifier.07 | N26: =J26&"("&IF(K26="","",K26)&IF(L26="","",", "&L26)&IF(M26="","",", "&M26)&")" -> SkillEffectModifier(Op, itus.ult.skill.effect.modifier.07) | O26: 0 | P26: 0 | R26: TRUE
A27: itus.ult.self.buff.buffeffect.04.01 | D27: 0 | E27: 1 | F27: Self | G27: Single | I27: 0 | J27: Effect | K27: OnHitNormal | L27: itus.ult.attack.event.effect.02.01 | N27: =J27&"("&IF(K27="","",K27)&IF(L27="","",", "&L27)&IF(M27="","",", "&M27)&")" -> Effect(OnHitNormal, itus.ult.attack.event.effect.02.01) | O27: 0 | P27: 500 | R27: TRUE
A28: itus.ult.self.buff.buffeffect.04.02 | D28: 0 | E28: 1 | F28: Self | G28: Single | I28: 0 | J28: Effect | K28: OnHitNormal | L28: itus.ult.attack.event.effect.02.02 | N28: =J28&"("&IF(K28="","",K28)&IF(L28="","",", "&L28)&IF(M28="","",", "&M28)&")" -> Effect(OnHitNormal, itus.ult.attack.event.effect.02.02) | O28: 0 | P28: 500 | R28: TRUE
A29: itus.ult.self.buff.buffeffect.04.03 | D29: 0 | E29: 1 | F29: Self | G29: Single | I29: 0 | J29: Effect | K29: OnHitNormal | L29: itus.ult.attack.event.effect.02.03 | N29: =J29&"("&IF(K29="","",K29)&IF(L29="","",", "&L29)&IF(M29="","",", "&M29)&")" -> Effect(OnHitNormal, itus.ult.attack.event.effect.02.03) | O29: 0 | P29: 500 | R29: TRUE
A30: itus.ult.self.buff.buffeffect.04.04 | D30: 0 | E30: 1 | F30: Self | G30: Single | I30: 0 | J30: Effect | K30: OnHitNormal | L30: itus.ult.attack.event.effect.02.04 | N30: =J30&"("&IF(K30="","",K30)&IF(L30="","",", "&L30)&IF(M30="","",", "&M30)&")" -> Effect(OnHitNormal, itus.ult.attack.event.effect.02.04) | O30: 0 | P30: 500 | R30: TRUE
A31: itus.ult.self.buff.buffeffect.04.05 | D31: 0 | E31: 1 | F31: Self | G31: Single | I31: 0 | J31: Effect | K31: OnHitNormal | L31: itus.ult.attack.event.effect.02.05 | N31: =J31&"("&IF(K31="","",K31)&IF(L31="","",", "&L31)&IF(M31="","",", "&M31)&")" -> Effect(OnHitNormal, itus.ult.attack.event.effect.02.05) | O31: 0 | P31: 500 | R31: TRUE
... A33: itus.ult.self.buff.buffeffect.04.07 | D33: 0 | E33: 1 | F33: Self | G33: Single | I33: 0 | J33: Effect | K33: OnHitNormal | L33: itus.ult.attack.event.effect.02.07 | N33: =J33&"("&IF(K33="","",K33)&IF(L33="","",", "&L33)&IF(M33="","",", "&M33)&")" -> Effect(OnHitNormal, itus.ult.attack.event.effect.02.07) | O33: 0 | P33: 500 | R33: TRUE
A34: itus.ult.shield.buff.buffeffect.01 | D34: 0 | E34: 1 | F34: Self | G34: Single | I34: 0 | J34: Shield | K34: Defense | L34: 1000 | N34: =J34&"("&IF(K34="","",K34)&IF(L34="","",", "&L34)&IF(M34="","",", "&M34)&")" -> Shield(Defense, 1000) | O34: 0 | P34: 0 | R34: TRUE
A35: itus.ult.shield.buff.buffeffect.02 | D35: 0 | E35: 1 | F35: Self | G35: Single | I35: 0 | J35: Shield | K35: Defense | L35: 1250 | N35: =J35&"("&IF(K35="","",K35)&IF(L35="","",", "&L35)&IF(M35="","",", "&M35)&")" -> Shield(Defense, 1250) | O35: 0 | P35: 0 | R35: TRUE
A36: itus.ult.shield.buff.buffeffect.03 | D36: 0 | E36: 1 | F36: Self | G36: Single | I36: 0 | J36: Shield | K36: Defense | L36: 1500 | N36: =J36&"("&IF(K36="","",K36)&IF(L36="","",", "&L36)&IF(M36="","",", "&M36)&")" -> Shield(Defense, 1500) | O36: 0 | P36: 0 | R36: TRUE
A37: itus.ult.shield.buff.buffeffect.04 | D37: 0 | E37: 1 | F37: Self | G37: Single | I37: 0 | J37: Shield | K37: Defense | L37: 1750 | N37: =J37&"("&IF(K37="","",K37)&IF(L37="","",", "&L37)&IF(M37="","",", "&M37)&")" -> Shield(Defense, 1750) | O37: 0 | P37: 0 | R37: TRUE
A38: itus.ult.shield.buff.buffeffect.05 | D38: 0 | E38: 1 | F38: Self | G38: Single | I38: 0 | J38: Shield | K38: Defense | L38: 2000 | N38: =J38&"("&IF(K38="","",K38)&IF(L38="","",", "&L38)&IF(M38="","",", "&M38)&")" -> Shield(Defense, 2000) | O38: 0 | P38: 0 | R38: TRUE
A39: itus.ult.shield.buff.buffeffect.06 | D39: 0 | E39: 1 | F39: Self | G39: Single | I39: 0 | J39: Shield | K39: Defense | L39: 2000 | N39: =J39&"("&IF(K39="","",K39)&IF(L39="","",", "&L39)&IF(M39="","",", "&M39)&")" -> Shield(Defense, 2000) | O39: 0 | P39: 0 | R39: TRUE
A40: itus.ult.shield.buff.buffeffect.07 | D40: 0 | E40: 1 | F40: Self | G40: Single | I40: 0 | J40: Shield | K40: Defense | L40: 2000 | N40: =J40&"("&IF(K40="","",K40)&IF(L40="","",", "&L40)&IF(M40="","",", "&M40)&")" -> Shield(Defense, 2000) | O40: 0 | P40: 0 | R40: TRUE
A41: itus.ult.B.post.buff.buffeffect.01 | D41: 0 | E41: 1 | F41: Self | G41: Single | I41: 0 | J41: Active | K41: itus.ult.B.post.buff.skilleffect.01 | N41: =J41&"("&IF(K41="","",K41)&IF(L41="","",", "&L41)&IF(M41="","",", "&M41)&")" -> Active(itus.ult.B.post.buff.skilleffect.01) | O41: 0 | P41: 1000 | R41: TRUE
A42: itus.ult.B.post.buff.buffeffect.02 | D42: 0 | E42: 1 | F42: Self | G42: Single | I42: 0 | J42: Active | K42: itus.ult.B.post.buff.skilleffect.02 | N42: =J42&"("&IF(K42="","",K42)&IF(L42="","",", "&L42)&IF(M42="","",", "&M42)&")" -> Active(itus.ult.B.post.buff.skilleffect.02) | O42: 0 | P42: 1000 | R42: TRUE
A43: itus.ult.B.post.buff.buffeffect.03 | D43: 0 | E43: 1 | F43: Self | G43: Single | I43: 0 | J43: Active | K43: itus.ult.B.post.buff.skilleffect.03 | N43: =J43&"("&IF(K43="","",K43)&IF(L43="","",", "&L43)&IF(M43="","",", "&M43)&")" -> Active(itus.ult.B.post.buff.skilleffect.03) | O43: 0 | P43: 1000 | R43: TRUE
A44: itus.ult.B.post.buff.buffeffect.04 | D44: 0 | E44: 1 | F44: Self | G44: Single | I44: 0 | J44: Active | K44: itus.ult.B.post.buff.skilleffect.04 | N44: =J44&"("&IF(K44="","",K44)&IF(L44="","",", "&L44)&IF(M44="","",", "&M44)&")" -> Active(itus.ult.B.post.buff.skilleffect.04) | O44: 0 | P44: 1000 | R44: TRUE
A45: itus.ult.B.post.buff.buffeffect.05 | D45: 0 | E45: 1 | F45: Self | G45: Single | I45: 0 | J45: Active | K45: itus.ult.B.post.buff.skilleffect.05 | N45: =J45&"("&IF(K45="","",K45)&IF(L45="","",", "&L45)&IF(M45="","",", "&M45)&")" -> Active(itus.ult.B.post.buff.skilleffect.05) | O45: 0 | P45: 1000 | R45: TRUE
A46: itus.ult.B.post.buff.buffeffect.06 | D46: 0 | E46: 1 | F46: Self | G46: Single | I46: 0 | J46: Active | K46: itus.ult.B.post.buff.skilleffect.06 | N46: =J46&"("&IF(K46="","",K46)&IF(L46="","",", "&L46)&IF(M46="","",", "&M46)&")" -> Active(itus.ult.B.post.buff.skilleffect.06) | O46: 0 | P46: 1000 | R46: TRUE
A47: itus.ult.B.post.buff.buffeffect.07 | D47: 0 | E47: 1 | F47: Self | G47: Single | I47: 0 | J47: Active | K47: itus.ult.B.post.buff.skilleffect.07 | N47: =J47&"("&IF(K47="","",K47)&IF(L47="","",", "&L47)&IF(M47="","",", "&M47)&")" -> Active(itus.ult.B.post.buff.skilleffect.07) | O47: 0 | P47: 1000 | R47: TRUE
A48: itus.ult.B.shield.buff.buffeffect.01 | D48: 0 | E48: 1 | F48: Self | G48: Single | I48: 0 | J48: Shield | K48: Defense | L48: 3750 | N48: =J48&"("&IF(K48="","",K48)&IF(L48="","",", "&L48)&IF(M48="","",", "&M48)&")" -> Shield(Defense, 3750) | O48: 0 | P48: 0 | R48: TRUE
A49: itus.ult.B.shield.buff.buffeffect.02 | D49: 0 | E49: 1 | F49: Self | G49: Single | I49: 0 | J49: Shield | K49: Defense | L49: 4200 | N49: =J49&"("&IF(K49="","",K49)&IF(L49="","",", "&L49)&IF(M49="","",", "&M49)&")" -> Shield(Defense, 4200) | O49: 0 | P49: 0 | R49: TRUE
A50: itus.ult.B.shield.buff.buffeffect.03 | D50: 0 | E50: 1 | F50: Self | G50: Single | I50: 0 | J50: Shield | K50: Defense | L50: 4650 | N50: =J50&"("&IF(K50="","",K50)&IF(L50="","",", "&L50)&IF(M50="","",", "&M50)&")" -> Shield(Defense, 4650) | O50: 0 | P50: 0 | R50: TRUE
A51: itus.ult.B.shield.buff.buffeffect.04 | D51: 0 | E51: 1 | F51: Self | G51: Single | I51: 0 | J51: Shield | K51: Defense | L51: 5100 | N51: =J51&"("&IF(K51="","",K51)&IF(L51="","",", "&L51)&IF(M51="","",", "&M51)&")" -> Shield(Defense, 5100) | O51: 0 | P51: 0 | R51: TRUE
A52: itus.ult.B.shield.buff.buffeffect.05 | D52: 0 | E52: 1 | F52: Self | G52: Single | I52: 0 | J52: Shield | K52: Defense | L52: 5550 | N52: =J52&"("&IF(K52="","",K52)&IF(L52="","",", "&L52)&IF(M52="","",", "&M52)&")" -> Shield(Defense, 5550) | O52: 0 | P52: 0 | R52: TRUE
A53: itus.ult.B.shield.buff.buffeffect.06 | D53: 0 | E53: 1 | F53: Self | G53: Single | I53: 0 | J53: Shield | K53: Defense | L53: 5500 | N53: =J53&"("&IF(K53="","",K53)&IF(L53="","",", "&L53)&IF(M53="","",", "&M53)&")" -> Shield(Defense, 5500) | O53: 0 | P53: 0 | R53: TRUE
A54: itus.ult.B.shield.buff.buffeffect.07 | D54: 0 | E54: 1 | F54: Self | G54: Single | I54: 0 | J54: Shield | K54: Defense | L54: 5500 | N54: =J54&"("&IF(K54="","",K54)&IF(L54="","",", "&L54)&IF(M54="","",", "&M54)&")" -> Shield(Defense, 5500) | O54: 0 | P54: 0 | R54: TRUE
A55: itus.ult.B.shield.buff.buffeffect.01.01 | D55: 0 | E55: 1 | F55: Self | G55: Single | I55: 0 | J55: Shield | K55: Defense | L55: 2500 | N55: =J55&"("&IF(K55="","",K55)&IF(L55="","",", "&L55)&IF(M55="","",", "&M55)&")" -> Shield(Defense, 2500) | O55: 0 | P55: 0 | R55: TRUE
A56: itus.ult.B.shield.buff.buffeffect.01.02 | D56: 0 | E56: 1 | F56: Self | G56: Single | I56: 0 | J56: Shield | K56: Defense | L56: 2800 | N56: =J56&"("&IF(K56="","",K56)&IF(L56="","",", "&L56)&IF(M56="","",", "&M56)&")" -> Shield(Defense, 2800) | O56: 0 | P56: 0 | R56: TRUE
A57: itus.ult.B.shield.buff.buffeffect.01.03 | D57: 0 | E57: 1 | F57: Self | G57: Single | I57: 0 | J57: Shield | K57: Defense | L57: 3100 | N57: =J57&"("&IF(K57="","",K57)&IF(L57="","",", "&L57)&IF(M57="","",", "&M57)&")" -> Shield(Defense, 3100) | O57: 0 | P57: 0 | R57: TRUE
A58: itus.ult.B.shield.buff.buffeffect.01.04 | D58: 0 | E58: 1 | F58: Self | G58: Single | I58: 0 | J58: Shield | K58: Defense | L58: 3400 | N58: =J58&"("&IF(K58="","",K58)&IF(L58="","",", "&L58)&IF(M58="","",", "&M58)&")" -> Shield(Defense, 3400) | O58: 0 | P58: 0 | R58: TRUE
A59: itus.ult.B.shield.buff.buffeffect.01.05 | D59: 0 | E59: 1 | F59: Self | G59: Single | I59: 0 | J59: Shield | K59: Defense | L59: 3700 | N59: =J59&"("&IF(K59="","",K59)&IF(L59="","",", "&L59)&IF(M59="","",", "&M59)&")" -> Shield(Defense, 3700) | O59: 0 | P59: 0 | R59: TRUE
... A73: itus.active1.shield.buff.buffeffect.02.06 | D73: 0 | E73: 1 | F73: Self | G73: Single | I73: 0 | J73: Shield | K73: Defense | L73: 2750 | N73: =J73&"("&IF(K73="","",K73)&IF(L73="","",", "&L73)&IF(M73="","",", "&M73)&")" -> Shield(Defense, 2750) | O73: 0 | P73: 0 | R73: TRUE
A74: itus.passive.buff.buffeffect.00.00 | D74: 0 | E74: 1 | F74: Enemy | G74: Circle | H74: 0 | I74: 0 | J74: Passive | K74: itus.passive.op.buff.01.01 | N74: =J74&"("&IF(K74="","",K74)&IF(L74="","",", "&L74)&IF(M74="","",", "&M74)&")" -> Passive(itus.passive.op.buff.01.01) | O74: 0 | P74: 1000 | R74: TRUE
A75: itus.passive.buff.buffeffect.01.01 | D75: 0 | E75: 1 | F75: Enemy | G75: Circle | H75: 15 | I75: 0 | J75: Passive | K75: itus.passive.op.buff.01.01 | N75: =J75&"("&IF(K75="","",K75)&IF(L75="","",", "&L75)&IF(M75="","",", "&M75)&")" -> Passive(itus.passive.op.buff.01.01) | O75: 0 | P75: 1000 | R75: TRUE
A76: itus.passive.buff.buffeffect.01.02 | D76: 0 | E76: 1 | F76: Enemy | G76: Circle | H76: 15 | I76: 0 | J76: Passive | K76: itus.passive.op.buff.01.02 | N76: =J76&"("&IF(K76="","",K76)&IF(L76="","",", "&L76)&IF(M76="","",", "&M76)&")" -> Passive(itus.passive.op.buff.01.02) | O76: 0 | P76: 1000 | R76: TRUE
A77: itus.passive.buff.buffeffect.01.03 | D77: 0 | E77: 1 | F77: Enemy | G77: Circle | H77: 15 | I77: 0 | J77: Passive | K77: itus.passive.op.buff.01.03 | N77: =J77&"("&IF(K77="","",K77)&IF(L77="","",", "&L77)&IF(M77="","",", "&M77)&")" -> Passive(itus.passive.op.buff.01.03) | O77: 0 | P77: 1000 | R77: TRUE
A78: itus.passive.buff.buffeffect.01.04 | D78: 0 | E78: 1 | F78: Enemy | G78: Circle | H78: 15 | I78: 0 | J78: Passive | K78: itus.passive.op.buff.01.04 | N78: =J78&"("&IF(K78="","",K78)&IF(L78="","",", "&L78)&IF(M78="","",", "&M78)&")" -> Passive(itus.passive.op.buff.01.04) | O78: 0 | P78: 1000 | R78: TRUE
A79: itus.passive.buff.buffeffect.01.05 | D79: 0 | E79: 1 | F79: Enemy | G79: Circle | H79: 15 | I79: 0 | J79: Passive | K79: itus.passive.op.buff.01.05 | N79: =J79&"("&IF(K79="","",K79)&IF(L79="","",", "&L79)&IF(M79="","",", "&M79)&")" -> Passive(itus.passive.op.buff.01.05) | O79: 0 | P79: 1000 | R79: TRUE
A80: itus.passive.buff.buffeffect.01.06 | D80: 0 | E80: 1 | F80: Enemy | G80: Circle | H80: 15 | I80: 0 | J80: Passive | K80: itus.passive.op.buff.01.06 | N80: =J80&"("&IF(K80="","",K80)&IF(L80="","",", "&L80)&IF(M80="","",", "&M80)&")" -> Passive(itus.passive.op.buff.01.06) | O80: 0 | P80: 1000 | R80: TRUE
A81: itus.passive.buff.buffeffect.02.01 | D81: 0 | E81: 1 | F81: Enemy | G81: Circle | H81: 30 | I81: 0 | J81: Passive | K81: itus.passive.op.buff.01.01 | N81: =J81&"("&IF(K81="","",K81)&IF(L81="","",", "&L81)&IF(M81="","",", "&M81)&")" -> Passive(itus.passive.op.buff.01.01) | O81: 0 | P81: 1000 | R81: TRUE
A82: itus.passive.buff.buffeffect.02.02 | D82: 0 | E82: 1 | F82: Enemy | G82: Circle | H82: 30 | I82: 0 | J82: Passive | K82: itus.passive.op.buff.01.02 | N82: =J82&"("&IF(K82="","",K82)&IF(L82="","",", "&L82)&IF(M82="","",", "&M82)&")" -> Passive(itus.passive.op.buff.01.02) | O82: 0 | P82: 1000 | R82: TRUE
A83: itus.passive.buff.buffeffect.02.03 | D83: 0 | E83: 1 | F83: Enemy | G83: Circle | H83: 30 | I83: 0 | J83: Passive | K83: itus.passive.op.buff.01.03 | N83: =J83&"("&IF(K83="","",K83)&IF(L83="","",", "&L83)&IF(M83="","",", "&M83)&")" -> Passive(itus.passive.op.buff.01.03) | O83: 0 | P83: 1000 | R83: TRUE
A84: itus.passive.buff.buffeffect.02.04 | D84: 0 | E84: 1 | F84: Enemy | G84: Circle | H84: 30 | I84: 0 | J84: Passive | K84: itus.passive.op.buff.01.04 | N84: =J84&"("&IF(K84="","",K84)&IF(L84="","",", "&L84)&IF(M84="","",", "&M84)&")" -> Passive(itus.passive.op.buff.01.04) | O84: 0 | P84: 1000 | R84: TRUE
A85: itus.passive.buff.buffeffect.02.05 | D85: 0 | E85: 1 | F85: Enemy | G85: Circle | H85: 30 | I85: 0 | J85: Passive | K85: itus.passive.op.buff.01.05 | N85: =J85&"("&IF(K85="","",K85)&IF(L85="","",", "&L85)&IF(M85="","",", "&M85)&")" -> Passive(itus.passive.op.buff.01.05) | O85: 0 | P85: 1000 | R85: TRUE
... A92: itus.passive.buff.buffeffect.03.06 | D92: 0 | E92: 1 | F92: Enemy | G92: Circle | H92: 40 | I92: 0 | J92: Passive | K92: itus.passive.op.buff.01.06 | N92: =J92&"("&IF(K92="","",K92)&IF(L92="","",", "&L92)&IF(M92="","",", "&M92)&")" -> Passive(itus.passive.op.buff.01.06) | O92: 0 | P92: 1000 | R92: TRUE
A93: itus.passive.op.buff.buffeffect.01.01 | D93: 0 | E93: 1 | F93: Self | G93: Single | I93: 0 | J93: Status | K93: DamageDerate | L93: -40 | N93: =J93&"("&IF(K93="","",K93)&IF(L93="","",", "&L93)&IF(M93="","",", "&M93)&")" -> Status(DamageDerate, -40) | O93: 0 | P93: 0 | R93: FALSE
A94: itus.passive.op.buff.buffeffect.01.02 | D94: 0 | E94: 1 | F94: Self | G94: Single | I94: 0 | J94: Status | K94: DamageDerate | L94: -45 | N94: =J94&"("&IF(K94="","",K94)&IF(L94="","",", "&L94)&IF(M94="","",", "&M94)&")" -> Status(DamageDerate, -45) | O94: 0 | P94: 0 | R94: FALSE
A95: itus.passive.op.buff.buffeffect.01.03 | D95: 0 | E95: 1 | F95: Self | G95: Single | I95: 0 | J95: Status | K95: DamageDerate | L95: -55 | N95: =J95&"("&IF(K95="","",K95)&IF(L95="","",", "&L95)&IF(M95="","",", "&M95)&")" -> Status(DamageDerate, -55) | O95: 0 | P95: 0 | R95: FALSE
A96: itus.passive.op.buff.buffeffect.01.04 | D96: 0 | E96: 1 | F96: Self | G96: Single | I96: 0 | J96: Status | K96: DamageDerate | L96: -65 | N96: =J96&"("&IF(K96="","",K96)&IF(L96="","",", "&L96)&IF(M96="","",", "&M96)&")" -> Status(DamageDerate, -65) | O96: 0 | P96: 0 | R96: FALSE
A97: itus.passive.op.buff.buffeffect.01.05 | D97: 0 | E97: 1 | F97: Self | G97: Single | I97: 0 | J97: Status | K97: DamageDerate | L97: -80 | N97: =J97&"("&IF(K97="","",K97)&IF(L97="","",", "&L97)&IF(M97="","",", "&M97)&")" -> Status(DamageDerate, -80) | O97: 0 | P97: 0 | R97: FALSE
A98: itus.passive.op.buff.buffeffect.01.06 | D98: 0 | E98: 1 | F98: Self | G98: Single | I98: 0 | J98: Status | K98: DamageDerate | L98: -110 | N98: =J98&"("&IF(K98="","",K98)&IF(L98="","",", "&L98)&IF(M98="","",", "&M98)&")" -> Status(DamageDerate, -110) | O98: 0 | P98: 0 | R98: FALSE
A99: itus.passive.op.buff.buffeffect.02.01 | D99: 0 | E99: 1 | F99: Self | G99: Single | I99: 0 | J99: Status | K99: DamageRate | L99: -40 | N99: =J99&"("&IF(K99="","",K99)&IF(L99="","",", "&L99)&IF(M99="","",", "&M99)&")" -> Status(DamageRate, -40) | O99: 0 | P99: 0 | R99: FALSE
A100: itus.passive.op.buff.buffeffect.02.02 | D100: 0 | E100: 1 | F100: Self | G100: Single | I100: 0 | J100: Status | K100: DamageRate | L100: -45 | N100: =J100&"("&IF(K100="","",K100)&IF(L100="","",", "&L100)&IF(M100="","",", "&M100)&")" -> Status(DamageRate, -45) | O100: 0 | P100: 0 | R100: FALSE
A101: itus.passive.op.buff.buffeffect.02.03 | D101: 0 | E101: 1 | F101: Self | G101: Single | I101: 0 | J101: Status | K101: DamageRate | L101: -55 | N101: =J101&"("&IF(K101="","",K101)&IF(L101="","",", "&L101)&IF(M101="","",", "&M101)&")" -> Status(DamageRate, -55) | O101: 0 | P101: 0 | R101: FALSE
A102: itus.passive.op.buff.buffeffect.02.04 | D102: 0 | E102: 1 | F102: Self | G102: Single | I102: 0 | J102: Status | K102: DamageRate | L102: -65 | N102: =J102&"("&IF(K102="","",K102)&IF(L102="","",", "&L102)&IF(M102="","",", "&M102)&")" -> Status(DamageRate, -65) | O102: 0 | P102: 0 | R102: FALSE
A103: itus.passive.op.buff.buffeffect.02.05 | D103: 0 | E103: 1 | F103: Self | G103: Single | I103: 0 | J103: Status | K103: DamageRate | L103: -80 | N103: =J103&"("&IF(K103="","",K103)&IF(L103="","",", "&L103)&IF(M103="","",", "&M103)&")" -> Status(DamageRate, -80) | O103: 0 | P103: 0 | R103: FALSE
A104: itus.passive.op.buff.buffeffect.02.06 | D104: 0 | E104: 1 | F104: Self | G104: Single | I104: 0 | J104: Status | K104: DamageRate | L104: -110 | N104: =J104&"("&IF(K104="","",K104)&IF(L104="","",", "&L104)&IF(M104="","",", "&M104)&")" -> Status(DamageRate, -110) | O104: 0 | P104: 0 | R104: FALSE
A105: itus.passive.ex.buff.buffeffect.01.01 | D105: 0 | E105: 1 | F105: Self | G105: Single | I105: 0 | J105: Active | K105: itus.passive.ex.buff.skilleffect.01.01 | N105: =J105&"("&IF(K105="","",K105)&IF(L105="","",", "&L105)&IF(M105="","",", "&M105)&")" -> Active(itus.passive.ex.buff.skilleffect.01.01) | O105: 0 | P105: 1000 | R105: TRUE
A106: itus.passive.ex.buff.buffeffect.01.02 | D106: 0 | E106: 1 | F106: Self | G106: Single | I106: 0 | J106: Active | K106: itus.passive.ex.buff.skilleffect.01.02 | N106: =J106&"("&IF(K106="","",K106)&IF(L106="","",", "&L106)&IF(M106="","",", "&M106)&")" -> Active(itus.passive.ex.buff.skilleffect.01.02) | O106: 0 | P106: 1000 | R106: TRUE
A107: itus.passive.ex.buff.buffeffect.01.03 | D107: 0 | E107: 1 | F107: Self | G107: Single | I107: 0 | J107: Active | K107: itus.passive.ex.buff.skilleffect.01.03 | N107: =J107&"("&IF(K107="","",K107)&IF(L107="","",", "&L107)&IF(M107="","",", "&M107)&")" -> Active(itus.passive.ex.buff.skilleffect.01.03) | O107: 0 | P107: 1000 | R107: TRUE
A108: itus.passive.ex.buff.buffeffect.01.04 | D108: 0 | E108: 1 | F108: Self | G108: Single | I108: 0 | J108: Active | K108: itus.passive.ex.buff.skilleffect.01.04 | N108: =J108&"("&IF(K108="","",K108)&IF(L108="","",", "&L108)&IF(M108="","",", "&M108)&")" -> Active(itus.passive.ex.buff.skilleffect.01.04) | O108: 0 | P108: 1000 | R108: TRUE
A109: itus.passive.ex.buff.buffeffect.01.05 | D109: 0 | E109: 1 | F109: Self | G109: Single | I109: 0 | J109: Active | K109: itus.passive.ex.buff.skilleffect.01.05 | N109: =J109&"("&IF(K109="","",K109)&IF(L109="","",", "&L109)&IF(M109="","",", "&M109)&")" -> Active(itus.passive.ex.buff.skilleffect.01.05) | O109: 0 | P109: 1000 | R109: TRUE
A110: itus.passive.ex.buff.buffeffect.01.06 | D110: 0 | E110: 1 | F110: Self | G110: Single | I110: 0 | J110: Active | K110: itus.passive.ex.buff.skilleffect.01.06 | N110: =J110&"("&IF(K110="","",K110)&IF(L110="","",", "&L110)&IF(M110="","",", "&M110)&")" -> Active(itus.passive.ex.buff.skilleffect.01.06) | O110: 0 | P110: 1000 | R110: TRUE
A111: itus.passive.ex.buff.buffeffect.02.01 | D111: 0 | E111: 1 | F111: Self | G111: Single | I111: 0 | J111: Active | K111: itus.passive.ex.buff.skilleffect.02.01 | N111: =J111&"("&IF(K111="","",K111)&IF(L111="","",", "&L111)&IF(M111="","",", "&M111)&")" -> Active(itus.passive.ex.buff.skilleffect.02.01) | O111: 0 | P111: 1000 | R111: TRUE
A112: itus.passive.ex.buff.buffeffect.02.02 | D112: 0 | E112: 1 | F112: Self | G112: Single | I112: 0 | J112: Active | K112: itus.passive.ex.buff.skilleffect.02.02 | N112: =J112&"("&IF(K112="","",K112)&IF(L112="","",", "&L112)&IF(M112="","",", "&M112)&")" -> Active(itus.passive.ex.buff.skilleffect.02.02) | O112: 0 | P112: 1000 | R112: TRUE
A113: itus.passive.ex.buff.buffeffect.02.03 | D113: 0 | E113: 1 | F113: Self | G113: Single | I113: 0 | J113: Active | K113: itus.passive.ex.buff.skilleffect.02.03 | N113: =J113&"("&IF(K113="","",K113)&IF(L113="","",", "&L113)&IF(M113="","",", "&M113)&")" -> Active(itus.passive.ex.buff.skilleffect.02.03) | O113: 0 | P113: 1000 | R113: TRUE
A114: itus.passive.ex.buff.buffeffect.02.04 | D114: 0 | E114: 1 | F114: Self | G114: Single | I114: 0 | J114: Active | K114: itus.passive.ex.buff.skilleffect.02.04 | N114: =J114&"("&IF(K114="","",K114)&IF(L114="","",", "&L114)&IF(M114="","",", "&M114)&")" -> Active(itus.passive.ex.buff.skilleffect.02.04) | O114: 0 | P114: 1000 | R114: TRUE
A115: itus.passive.ex.buff.buffeffect.02.05 | D115: 0 | E115: 1 | F115: Self | G115: Single | I115: 0 | J115: Active | K115: itus.passive.ex.buff.skilleffect.02.05 | N115: =J115&"("&IF(K115="","",K115)&IF(L115="","",", "&L115)&IF(M115="","",", "&M115)&")" -> Active(itus.passive.ex.buff.skilleffect.02.05) | O115: 0 | P115: 1000 | R115: TRUE
A116: itus.passive.ex.buff.buffeffect.02.06 | D116: 0 | E116: 1 | F116: Self | G116: Single | I116: 0 | J116: Active | K116: itus.passive.ex.buff.skilleffect.02.06 | N116: =J116&"("&IF(K116="","",K116)&IF(L116="","",", "&L116)&IF(M116="","",", "&M116)&")" -> Active(itus.passive.ex.buff.skilleffect.02.06) | O116: 0 | P116: 1000 | R116: TRUE
A117: itus.passive.ex.allynself.buff.buffeffect.01.01 | D117: 0 | E117: 1 | F117: Self | G117: Single | I117: 0 | J117: Status | K117: AttackSpeedRate | L117: 120 | N117: =J117&"("&IF(K117="","",K117)&IF(L117="","",", "&L117)&IF(M117="","",", "&M117)&")" -> Status(AttackSpeedRate, 120) | O117: 0 | P117: 0 | R117: TRUE
A118: itus.passive.ex.allynself.buff.buffeffect.01.02 | D118: 0 | E118: 1 | F118: Self | G118: Single | I118: 0 | J118: Status | K118: AttackSpeedRate | L118: 140 | N118: =J118&"("&IF(K118="","",K118)&IF(L118="","",", "&L118)&IF(M118="","",", "&M118)&")" -> Status(AttackSpeedRate, 140) | O118: 0 | P118: 0 | R118: TRUE
A119: itus.passive.ex.allynself.buff.buffeffect.01.03 | D119: 0 | E119: 1 | F119: Self | G119: Single | I119: 0 | J119: Status | K119: AttackSpeedRate | L119: 160 | N119: =J119&"("&IF(K119="","",K119)&IF(L119="","",", "&L119)&IF(M119="","",", "&M119)&")" -> Status(AttackSpeedRate, 160) | O119: 0 | P119: 0 | R119: TRUE
A120: itus.passive.ex.allynself.buff.buffeffect.01.04 | D120: 0 | E120: 1 | F120: Self | G120: Single | I120: 0 | J120: Status | K120: AttackSpeedRate | L120: 180 | N120: =J120&"("&IF(K120="","",K120)&IF(L120="","",", "&L120)&IF(M120="","",", "&M120)&")" -> Status(AttackSpeedRate, 180) | O120: 0 | P120: 0 | R120: TRUE
...

Sheet Buff.A
A1: #ID | B1: #조건 | C1: #조건 값 (백분율) | D1: #지속시간 천분율 | E1: #맥스스택 | F1: #추가스택 | G1: #Buff Effect | H1: #END Effect | I1: #Ture 버프 해제 불가 | J1: #사망 버프삭제 | K1: #버프, 디버프 | L1: #프리팹 | M1: #버프 | N1: #아이콘 | O1: #이름 | P1: #설명 | Q1: #자동 설명 | R1: #Hud 노출
A2: Id | B2: ActiveCondition | C2: ConditionValue | D2: Duration | E2: MaxStack | F2: AddStack | G2: Effects | H2: EndEffects | I2: Removeable | J2: RemoveDead | K2: BuffType | L2: Prefabs | M2: # | N2: Icon | O2: Name | P2: Desc | Q2: UseAutoDesc | R2: Showhit
A3: *string | B3: ActiveCondition? | C3: string | D3: int | E3: int | F3: int | G3: [$BuffEffect] | H3: [$SkillEffect] | I3: bool | J3: bool | K3: bool | L3: [string] | M3: # | N3: string | O3: string | P3: string | Q3: bool | R3: bool
A4: common | B4: common | C4: common | D4: common | E4: common | F4: common | G4: common | H4: common | I4: common | J4: common | K4: common | L4: client | M4: # | N4: client | O4: client | P4: client | Q4: client | R4: common
A5: kaito.aile.summon.passive.buff.01 | D5: 0 | E5: 0 | F5: 0 | G5: kaito.aile.summon.passive.buff.buffeffect.01.01 kaito.aile.summon.passive.buff.buffeffect.02.01 kaito.aile.summon.passive.buff.dmg.down | I5: FALSE | J5: FALSE | K5: TRUE | N5: =_xlfn.IFNA(VLOOKUP($M5,Buff.CM!$A:$O,13,FALSE),"") | O5: =_xlfn.IFNA(VLOOKUP($M5,Buff.CM!$A:$O,14,FALSE),"") | P5: =_xlfn.IFNA(VLOOKUP($M5,Buff.CM!$A:$O,15,FALSE),"") | Q5: FALSE | R5: FALSE
A6: kaito.aile.summon.passive.buff.02 | D6: 0 | E6: 0 | F6: 0 | G6: kaito.aile.summon.passive.buff.buffeffect.01.02 kaito.aile.summon.passive.buff.buffeffect.02.02 kaito.aile.summon.passive.buff.dmg.down | I6: FALSE | J6: FALSE | K6: TRUE | N6: =_xlfn.IFNA(VLOOKUP($M6,Buff.CM!$A:$O,13,FALSE),"") | O6: =_xlfn.IFNA(VLOOKUP($M6,Buff.CM!$A:$O,14,FALSE),"") | P6: =_xlfn.IFNA(VLOOKUP($M6,Buff.CM!$A:$O,15,FALSE),"") | Q6: FALSE | R6: FALSE
A7: kaito.aile.summon.passive.buff.03 | D7: 0 | E7: 0 | F7: 0 | G7: kaito.aile.summon.passive.buff.buffeffect.01.03 kaito.aile.summon.passive.buff.buffeffect.02.03 kaito.aile.summon.passive.buff.dmg.down | I7: FALSE | J7: FALSE | K7: TRUE | N7: =_xlfn.IFNA(VLOOKUP($M7,Buff.CM!$A:$O,13,FALSE),"") | O7: =_xlfn.IFNA(VLOOKUP($M7,Buff.CM!$A:$O,14,FALSE),"") | P7: =_xlfn.IFNA(VLOOKUP($M7,Buff.CM!$A:$O,15,FALSE),"") | Q7: FALSE | R7: FALSE
A8: kaito.aile.summon.passive.buff.04 | D8: 0 | E8: 0 | F8: 0 | G8: kaito.aile.summon.passive.buff.buffeffect.01.04 kaito.aile.summon.passive.buff.buffeffect.02.04 kaito.aile.summon.passive.buff.dmg.down | I8: FALSE | J8: FALSE | K8: TRUE | N8: =_xlfn.IFNA(VLOOKUP($M8,Buff.CM!$A:$O,13,FALSE),"") | O8: =_xlfn.IFNA(VLOOKUP($M8,Buff.CM!$A:$O,14,FALSE),"") | P8: =_xlfn.IFNA(VLOOKUP($M8,Buff.CM!$A:$O,15,FALSE),"") | Q8: FALSE | R8: FALSE
A9: kaito.aile.summon.passive.buff.05 | D9: 0 | E9: 0 | F9: 0 | G9: kaito.aile.summon.passive.buff.buffeffect.01.05 kaito.aile.summon.passive.buff.buffeffect.02.05 kaito.aile.summon.passive.buff.dmg.down | I9: FALSE | J9: FALSE | K9: TRUE | N9: =_xlfn.IFNA(VLOOKUP($M9,Buff.CM!$A:$O,13,FALSE),"") | O9: =_xlfn.IFNA(VLOOKUP($M9,Buff.CM!$A:$O,14,FALSE),"") | P9: =_xlfn.IFNA(VLOOKUP($M9,Buff.CM!$A:$O,15,FALSE),"") | Q9: FALSE | R9: FALSE
A10: kaito.aile.summon.passive.buff.06 | D10: 0 | E10: 0 | F10: 0 | G10: kaito.aile.summon.passive.buff.buffeffect.01.06 kaito.aile.summon.passive.buff.buffeffect.02.06 kaito.aile.summon.passive.buff.dmg.down | I10: FALSE | J10: FALSE | K10: TRUE | N10: =_xlfn.IFNA(VLOOKUP($M10,Buff.CM!$A:$O,13,FALSE),"") | O10: =_xlfn.IFNA(VLOOKUP($M10,Buff.CM!$A:$O,14,FALSE),"") | P10: =_xlfn.IFNA(VLOOKUP($M10,Buff.CM!$A:$O,15,FALSE),"") | Q10: FALSE | R10: FALSE
A11: kaito.aile.summon.taunt.buff.01 | D11: 3000 | E11: 0 | F11: 0 | G11: provoke | I11: FALSE | J11: TRUE | K11: FALSE | L11: Effect/Prefab/10_buff/EFF_debuff_taunt | M11: info.taunt | N11: =_xlfn.IFNA(VLOOKUP($M11,Buff.CM!$A:$O,13,FALSE),"") -> icon_battle_provoke | O11: =_xlfn.IFNA(VLOOKUP($M11,Buff.CM!$A:$O,14,FALSE),"") -> Buff.Name.Provoke | P11: =_xlfn.IFNA(VLOOKUP($M11,Buff.CM!$A:$O,15,FALSE),"") -> Buff.Desc.Provoke | Q11: FALSE | R11: FALSE
A12: kaito.aile.summon.taunt.buff.02 | D12: 3000 | E12: 0 | F12: 0 | G12: provoke | I12: FALSE | J12: TRUE | K12: FALSE | L12: Effect/Prefab/10_buff/EFF_debuff_taunt | M12: info.taunt | N12: =_xlfn.IFNA(VLOOKUP($M12,Buff.CM!$A:$O,13,FALSE),"") -> icon_battle_provoke | O12: =_xlfn.IFNA(VLOOKUP($M12,Buff.CM!$A:$O,14,FALSE),"") -> Buff.Name.Provoke | P12: =_xlfn.IFNA(VLOOKUP($M12,Buff.CM!$A:$O,15,FALSE),"") -> Buff.Desc.Provoke | Q12: FALSE | R12: FALSE
A13: kaito.aile.summon.taunt.buff.03 | D13: 3000 | E13: 0 | F13: 0 | G13: provoke | I13: FALSE | J13: TRUE | K13: FALSE | L13: Effect/Prefab/10_buff/EFF_debuff_taunt | M13: info.taunt | N13: =_xlfn.IFNA(VLOOKUP($M13,Buff.CM!$A:$O,13,FALSE),"") -> icon_battle_provoke | O13: =_xlfn.IFNA(VLOOKUP($M13,Buff.CM!$A:$O,14,FALSE),"") -> Buff.Name.Provoke | P13: =_xlfn.IFNA(VLOOKUP($M13,Buff.CM!$A:$O,15,FALSE),"") -> Buff.Desc.Provoke | Q13: FALSE | R13: FALSE
A14: kaito.aile.summon.taunt.buff.04 | D14: 3000 | E14: 0 | F14: 0 | G14: provoke | I14: FALSE | J14: TRUE | K14: FALSE | L14: Effect/Prefab/10_buff/EFF_debuff_taunt | M14: info.taunt | N14: =_xlfn.IFNA(VLOOKUP($M14,Buff.CM!$A:$O,13,FALSE),"") -> icon_battle_provoke | O14: =_xlfn.IFNA(VLOOKUP($M14,Buff.CM!$A:$O,14,FALSE),"") -> Buff.Name.Provoke | P14: =_xlfn.IFNA(VLOOKUP($M14,Buff.CM!$A:$O,15,FALSE),"") -> Buff.Desc.Provoke | Q14: FALSE | R14: FALSE
A15: kaito.aile.summon.taunt.buff.05 | D15: 3000 | E15: 0 | F15: 0 | G15: provoke | I15: FALSE | J15: TRUE | K15: FALSE | L15: Effect/Prefab/10_buff/EFF_debuff_taunt | M15: info.taunt | N15: =_xlfn.IFNA(VLOOKUP($M15,Buff.CM!$A:$O,13,FALSE),"") -> icon_battle_provoke | O15: =_xlfn.IFNA(VLOOKUP($M15,Buff.CM!$A:$O,14,FALSE),"") -> Buff.Name.Provoke | P15: =_xlfn.IFNA(VLOOKUP($M15,Buff.CM!$A:$O,15,FALSE),"") -> Buff.Desc.Provoke | Q15: FALSE | R15: FALSE
A16: kaito.aile.summon.taunt.buff.06 | D16: 3000 | E16: 0 | F16: 0 | G16: provoke | I16: FALSE | J16: TRUE | K16: FALSE | L16: Effect/Prefab/10_buff/EFF_debuff_taunt | M16: info.taunt | N16: =_xlfn.IFNA(VLOOKUP($M16,Buff.CM!$A:$O,13,FALSE),"") -> icon_battle_provoke | O16: =_xlfn.IFNA(VLOOKUP($M16,Buff.CM!$A:$O,14,FALSE),"") -> Buff.Name.Provoke | P16: =_xlfn.IFNA(VLOOKUP($M16,Buff.CM!$A:$O,15,FALSE),"") -> Buff.Desc.Provoke | Q16: FALSE | R16: FALSE
A17: kaito.aile.summon.die.confuse.buff.01 | D17: 2000 | E17: 0 | F17: 0 | G17: shock shock.impossible.eprecharge | I17: FALSE | J17: FALSE | K17: FALSE | L17: Effect/Prefab/10_buff/EFF_debuff_stun | N17: =_xlfn.IFNA(VLOOKUP($M17,Buff.CM!$A:$O,13,FALSE),"") | O17: =_xlfn.IFNA(VLOOKUP($M17,Buff.CM!$A:$O,14,FALSE),"") | P17: =_xlfn.IFNA(VLOOKUP($M17,Buff.CM!$A:$O,15,FALSE),"") | Q17: FALSE | R17: FALSE
A18: kaito.aile.summon.die.confuse.buff.02 | D18: 3000 | E18: 0 | F18: 0 | G18: shock shock.impossible.eprecharge | I18: FALSE | J18: FALSE | K18: FALSE | L18: Effect/Prefab/10_buff/EFF_debuff_stun | N18: =_xlfn.IFNA(VLOOKUP($M18,Buff.CM!$A:$O,13,FALSE),"") | O18: =_xlfn.IFNA(VLOOKUP($M18,Buff.CM!$A:$O,14,FALSE),"") | P18: =_xlfn.IFNA(VLOOKUP($M18,Buff.CM!$A:$O,15,FALSE),"") | Q18: FALSE | R18: FALSE
A19: kaito.aile.summon.die.confuse.buff.03 | D19: 4000 | E19: 0 | F19: 0 | G19: shock shock.impossible.eprecharge | I19: FALSE | J19: FALSE | K19: FALSE | L19: Effect/Prefab/10_buff/EFF_debuff_stun | N19: =_xlfn.IFNA(VLOOKUP($M19,Buff.CM!$A:$O,13,FALSE),"") | O19: =_xlfn.IFNA(VLOOKUP($M19,Buff.CM!$A:$O,14,FALSE),"") | P19: =_xlfn.IFNA(VLOOKUP($M19,Buff.CM!$A:$O,15,FALSE),"") | Q19: FALSE | R19: FALSE
A20: kaito.aile.summon.die.confuse.buff.04 | D20: 4000 | E20: 0 | F20: 0 | G20: shock shock.impossible.eprecharge | I20: FALSE | J20: FALSE | K20: FALSE | L20: Effect/Prefab/10_buff/EFF_debuff_stun | N20: =_xlfn.IFNA(VLOOKUP($M20,Buff.CM!$A:$O,13,FALSE),"") | O20: =_xlfn.IFNA(VLOOKUP($M20,Buff.CM!$A:$O,14,FALSE),"") | P20: =_xlfn.IFNA(VLOOKUP($M20,Buff.CM!$A:$O,15,FALSE),"") | Q20: FALSE | R20: FALSE
A21: kaito.aile.summon.die.confuse.buff.05 | D21: 4000 | E21: 0 | F21: 0 | G21: shock shock.impossible.eprecharge | I21: FALSE | J21: FALSE | K21: FALSE | L21: Effect/Prefab/10_buff/EFF_debuff_stun | N21: =_xlfn.IFNA(VLOOKUP($M21,Buff.CM!$A:$O,13,FALSE),"") | O21: =_xlfn.IFNA(VLOOKUP($M21,Buff.CM!$A:$O,14,FALSE),"") | P21: =_xlfn.IFNA(VLOOKUP($M21,Buff.CM!$A:$O,15,FALSE),"") | Q21: FALSE | R21: FALSE
A22: kaito.aile.summon.die.confuse.buff.06 | D22: 4000 | E22: 0 | F22: 0 | G22: shock shock.impossible.eprecharge | I22: FALSE | J22: FALSE | K22: FALSE | L22: Effect/Prefab/10_buff/EFF_debuff_stun | N22: =_xlfn.IFNA(VLOOKUP($M22,Buff.CM!$A:$O,13,FALSE),"") | O22: =_xlfn.IFNA(VLOOKUP($M22,Buff.CM!$A:$O,14,FALSE),"") | P22: =_xlfn.IFNA(VLOOKUP($M22,Buff.CM!$A:$O,15,FALSE),"") | Q22: FALSE | R22: FALSE
A23: kaito.aile.ult.effect.event.shock.buff.01 | D23: 4000 | E23: 0 | F23: 0 | G23: shock shock.impossible.eprecharge | I23: FALSE | J23: FALSE | K23: FALSE | L23: Effect/Prefab/10_buff/EFF_debuff_stun | N23: =_xlfn.IFNA(VLOOKUP($M23,Buff.CM!$A:$O,13,FALSE),"") | O23: =_xlfn.IFNA(VLOOKUP($M23,Buff.CM!$A:$O,14,FALSE),"") | P23: =_xlfn.IFNA(VLOOKUP($M23,Buff.CM!$A:$O,15,FALSE),"") | Q23: FALSE | R23: FALSE
A24: kaito.aile.ult.effect.event.shock.buff.02 | D24: 5000 | E24: 0 | F24: 0 | G24: shock shock.impossible.eprecharge | I24: FALSE | J24: FALSE | K24: FALSE | L24: Effect/Prefab/10_buff/EFF_debuff_stun | N24: =_xlfn.IFNA(VLOOKUP($M24,Buff.CM!$A:$O,13,FALSE),"") | O24: =_xlfn.IFNA(VLOOKUP($M24,Buff.CM!$A:$O,14,FALSE),"") | P24: =_xlfn.IFNA(VLOOKUP($M24,Buff.CM!$A:$O,15,FALSE),"") | Q24: FALSE | R24: FALSE
A25: kaito.aile.ult.effect.event.shock.buff.03 | D25: 6000 | E25: 0 | F25: 0 | G25: shock shock.impossible.eprecharge | I25: FALSE | J25: FALSE | K25: FALSE | L25: Effect/Prefab/10_buff/EFF_debuff_stun | N25: =_xlfn.IFNA(VLOOKUP($M25,Buff.CM!$A:$O,13,FALSE),"") | O25: =_xlfn.IFNA(VLOOKUP($M25,Buff.CM!$A:$O,14,FALSE),"") | P25: =_xlfn.IFNA(VLOOKUP($M25,Buff.CM!$A:$O,15,FALSE),"") | Q25: FALSE | R25: FALSE
A26: kaito.aile.ult.effect.event.shock.buff.04 | D26: 7000 | E26: 0 | F26: 0 | G26: shock shock.impossible.eprecharge | I26: FALSE | J26: FALSE | K26: FALSE | L26: Effect/Prefab/10_buff/EFF_debuff_stun | N26: =_xlfn.IFNA(VLOOKUP($M26,Buff.CM!$A:$O,13,FALSE),"") | O26: =_xlfn.IFNA(VLOOKUP($M26,Buff.CM!$A:$O,14,FALSE),"") | P26: =_xlfn.IFNA(VLOOKUP($M26,Buff.CM!$A:$O,15,FALSE),"") | Q26: FALSE | R26: FALSE
A27: kaito.aile.ult.ex.buff | D27: 0 | E27: 0 | F27: 0 | G27: =A27&".buffeffect" -> kaito.aile.ult.ex.buff.buffeffect | I27: FALSE | J27: FALSE | K27: FALSE | N27: =_xlfn.IFNA(VLOOKUP($M27,Buff.CM!$A:$O,13,FALSE),"") | O27: =_xlfn.IFNA(VLOOKUP($M27,Buff.CM!$A:$O,14,FALSE),"") | P27: =_xlfn.IFNA(VLOOKUP($M27,Buff.CM!$A:$O,15,FALSE),"") | Q27: FALSE | R27: FALSE
A28: kaito.aile.passive.buff.01 | D28: 0 | E28: 0 | F28: 0 | G28: kaito.aile.passive.buff.buffeffect.01 | I28: FALSE | J28: FALSE | K28: TRUE | N28: =_xlfn.IFNA(VLOOKUP($M28,Buff.CM!$A:$O,13,FALSE),"") | O28: =_xlfn.IFNA(VLOOKUP($M28,Buff.CM!$A:$O,14,FALSE),"") | P28: =_xlfn.IFNA(VLOOKUP($M28,Buff.CM!$A:$O,15,FALSE),"") | Q28: FALSE | R28: FALSE
A29: kaito.aile.passive.buff.02 | D29: 0 | E29: 0 | F29: 0 | G29: kaito.aile.passive.buff.buffeffect.02 | I29: FALSE | J29: FALSE | K29: TRUE | N29: =_xlfn.IFNA(VLOOKUP($M29,Buff.CM!$A:$O,13,FALSE),"") | O29: =_xlfn.IFNA(VLOOKUP($M29,Buff.CM!$A:$O,14,FALSE),"") | P29: =_xlfn.IFNA(VLOOKUP($M29,Buff.CM!$A:$O,15,FALSE),"") | Q29: FALSE | R29: FALSE
A30: kaito.aile.passive.buff.03 | D30: 0 | E30: 0 | F30: 0 | G30: kaito.aile.passive.buff.buffeffect.03 | I30: FALSE | J30: FALSE | K30: TRUE | N30: =_xlfn.IFNA(VLOOKUP($M30,Buff.CM!$A:$O,13,FALSE),"") | O30: =_xlfn.IFNA(VLOOKUP($M30,Buff.CM!$A:$O,14,FALSE),"") | P30: =_xlfn.IFNA(VLOOKUP($M30,Buff.CM!$A:$O,15,FALSE),"") | Q30: FALSE | R30: FALSE
A31: kaito.aile.passive.buff.04 | D31: 0 | E31: 0 | F31: 0 | G31: kaito.aile.passive.buff.buffeffect.04 | I31: FALSE | J31: FALSE | K31: TRUE | N31: =_xlfn.IFNA(VLOOKUP($M31,Buff.CM!$A:$O,13,FALSE),"") | O31: =_xlfn.IFNA(VLOOKUP($M31,Buff.CM!$A:$O,14,FALSE),"") | P31: =_xlfn.IFNA(VLOOKUP($M31,Buff.CM!$A:$O,15,FALSE),"") | Q31: FALSE | R31: FALSE
A32: kaito.aile.passive.buff.05 | D32: 0 | E32: 0 | F32: 0 | G32: kaito.aile.passive.buff.buffeffect.05 | I32: FALSE | J32: FALSE | K32: TRUE | N32: =_xlfn.IFNA(VLOOKUP($M32,Buff.CM!$A:$O,13,FALSE),"") | O32: =_xlfn.IFNA(VLOOKUP($M32,Buff.CM!$A:$O,14,FALSE),"") | P32: =_xlfn.IFNA(VLOOKUP($M32,Buff.CM!$A:$O,15,FALSE),"") | Q32: FALSE | R32: FALSE
A33: kaito.aile.passive.buff.06 | D33: 0 | E33: 0 | F33: 0 | G33: kaito.aile.passive.buff.buffeffect.06 | I33: FALSE | J33: FALSE | K33: TRUE | N33: =_xlfn.IFNA(VLOOKUP($M33,Buff.CM!$A:$O,13,FALSE),"") | O33: =_xlfn.IFNA(VLOOKUP($M33,Buff.CM!$A:$O,14,FALSE),"") | P33: =_xlfn.IFNA(VLOOKUP($M33,Buff.CM!$A:$O,15,FALSE),"") | Q33: FALSE | R33: FALSE
A34: kaito.aile.passive.shock.buff.01 | D34: 4000 | E34: 0 | F34: 0 | G34: shock shock.impossible.eprecharge | I34: FALSE | J34: FALSE | K34: FALSE | L34: Effect/Prefab/10_buff/EFF_debuff_stun | N34: =_xlfn.IFNA(VLOOKUP($M34,Buff.CM!$A:$O,13,FALSE),"") | O34: =_xlfn.IFNA(VLOOKUP($M34,Buff.CM!$A:$O,14,FALSE),"") | P34: =_xlfn.IFNA(VLOOKUP($M34,Buff.CM!$A:$O,15,FALSE),"") | Q34: FALSE | R34: FALSE
A35: kaito.aile.passive.shock.buff.02 | D35: 5000 | E35: 0 | F35: 0 | G35: shock shock.impossible.eprecharge | I35: FALSE | J35: FALSE | K35: FALSE | L35: Effect/Prefab/10_buff/EFF_debuff_stun | N35: =_xlfn.IFNA(VLOOKUP($M35,Buff.CM!$A:$O,13,FALSE),"") | O35: =_xlfn.IFNA(VLOOKUP($M35,Buff.CM!$A:$O,14,FALSE),"") | P35: =_xlfn.IFNA(VLOOKUP($M35,Buff.CM!$A:$O,15,FALSE),"") | Q35: FALSE | R35: FALSE
A36: kaito.aile.passive.shock.buff.03 | D36: 6000 | E36: 0 | F36: 0 | G36: shock shock.impossible.eprecharge | I36: FALSE | J36: FALSE | K36: FALSE | L36: Effect/Prefab/10_buff/EFF_debuff_stun | N36: =_xlfn.IFNA(VLOOKUP($M36,Buff.CM!$A:$O,13,FALSE),"") | O36: =_xlfn.IFNA(VLOOKUP($M36,Buff.CM!$A:$O,14,FALSE),"") | P36: =_xlfn.IFNA(VLOOKUP($M36,Buff.CM!$A:$O,15,FALSE),"") | Q36: FALSE | R36: FALSE
A37: kaito.aile.passive.shock.buff.04 | D37: 7000 | E37: 0 | F37: 0 | G37: shock shock.impossible.eprecharge | I37: FALSE | J37: FALSE | K37: FALSE | L37: Effect/Prefab/10_buff/EFF_debuff_stun | N37: =_xlfn.IFNA(VLOOKUP($M37,Buff.CM!$A:$O,13,FALSE),"") | O37: =_xlfn.IFNA(VLOOKUP($M37,Buff.CM!$A:$O,14,FALSE),"") | P37: =_xlfn.IFNA(VLOOKUP($M37,Buff.CM!$A:$O,15,FALSE),"") | Q37: FALSE | R37: FALSE
A38: kaito.aile.passive.shock.buff.05 | D38: 7000 | E38: 0 | F38: 0 | G38: shock shock.impossible.eprecharge | I38: FALSE | J38: FALSE | K38: FALSE | L38: Effect/Prefab/10_buff/EFF_debuff_stun | N38: =_xlfn.IFNA(VLOOKUP($M38,Buff.CM!$A:$O,13,FALSE),"") | O38: =_xlfn.IFNA(VLOOKUP($M38,Buff.CM!$A:$O,14,FALSE),"") | P38: =_xlfn.IFNA(VLOOKUP($M38,Buff.CM!$A:$O,15,FALSE),"") | Q38: FALSE | R38: FALSE
A39: kaito.aile.passive.shock.buff.06 | D39: 7000 | E39: 0 | F39: 0 | G39: shock shock.impossible.eprecharge | I39: FALSE | J39: FALSE | K39: FALSE | L39: Effect/Prefab/10_buff/EFF_debuff_stun | N39: =_xlfn.IFNA(VLOOKUP($M39,Buff.CM!$A:$O,13,FALSE),"") | O39: =_xlfn.IFNA(VLOOKUP($M39,Buff.CM!$A:$O,14,FALSE),"") | P39: =_xlfn.IFNA(VLOOKUP($M39,Buff.CM!$A:$O,15,FALSE),"") | Q39: FALSE | R39: FALSE
A40: serapulsar.ult.buff.01 | D40: 0 | E40: 0 | F40: 0 | G40: serapulsar.ult.changeskill.normal serapulsar.ult.changeskill.skill1 serapulsar.ult.changeskill.skill2 serapulsar.ult.buff.buffeffect.01 serapulsar.ult.changeskill.cost.01 | I40: TRUE | J40: FALSE | K40: TRUE | L40: Effect/Prefab/10_buff/EFF_buff_serapulsar_loop | M40: info.serapulsar.buff.intergrity | N40: =_xlfn.IFNA(VLOOKUP($M40,Buff.CM!$A:$O,13,FALSE),"") -> icon_battle_serapulsar_integrity | O40: =_xlfn.IFNA(VLOOKUP($M40,Buff.CM!$A:$O,14,FALSE),"") -> info.serapulsar.buff.intergrity | P40: =_xlfn.IFNA(VLOOKUP($M40,Buff.CM!$A:$O,15,FALSE),"") -> Desc.info.serapulsar.buff.intergrity | Q40: FALSE | R40: FALSE
A41: serapulsar.ult.buff.02 | D41: 0 | E41: 0 | F41: 0 | G41: serapulsar.ult.changeskill.normal serapulsar.ult.changeskill.skill1 serapulsar.ult.changeskill.skill2 serapulsar.ult.buff.buffeffect.02 serapulsar.ult.changeskill.cost.02 | I41: TRUE | J41: FALSE | K41: TRUE | L41: Effect/Prefab/10_buff/EFF_buff_serapulsar_loop | M41: info.serapulsar.buff.intergrity | N41: =_xlfn.IFNA(VLOOKUP($M41,Buff.CM!$A:$O,13,FALSE),"") -> icon_battle_serapulsar_integrity | O41: =_xlfn.IFNA(VLOOKUP($M41,Buff.CM!$A:$O,14,FALSE),"") -> info.serapulsar.buff.intergrity | P41: =_xlfn.IFNA(VLOOKUP($M41,Buff.CM!$A:$O,15,FALSE),"") -> Desc.info.serapulsar.buff.intergrity | Q41: FALSE | R41: FALSE
A42: serapulsar.ult.buff.03 | D42: 0 | E42: 0 | F42: 0 | G42: serapulsar.ult.changeskill.normal serapulsar.ult.changeskill.skill1 serapulsar.ult.changeskill.skill2 serapulsar.ult.buff.buffeffect.03 serapulsar.ult.changeskill.cost.03 | I42: TRUE | J42: FALSE | K42: TRUE | L42: Effect/Prefab/10_buff/EFF_buff_serapulsar_loop | M42: info.serapulsar.buff.intergrity | N42: =_xlfn.IFNA(VLOOKUP($M42,Buff.CM!$A:$O,13,FALSE),"") -> icon_battle_serapulsar_integrity | O42: =_xlfn.IFNA(VLOOKUP($M42,Buff.CM!$A:$O,14,FALSE),"") -> info.serapulsar.buff.intergrity | P42: =_xlfn.IFNA(VLOOKUP($M42,Buff.CM!$A:$O,15,FALSE),"") -> Desc.info.serapulsar.buff.intergrity | Q42: FALSE | R42: FALSE
A43: serapulsar.ult.buff.04 | D43: 0 | E43: 0 | F43: 0 | G43: serapulsar.ult.changeskill.normal serapulsar.ult.changeskill.skill1 serapulsar.ult.changeskill.skill2 serapulsar.ult.buff.buffeffect.04 serapulsar.ult.changeskill.cost.04 | I43: TRUE | J43: FALSE | K43: TRUE | L43: Effect/Prefab/10_buff/EFF_buff_serapulsar_loop | M43: info.serapulsar.buff.intergrity | N43: =_xlfn.IFNA(VLOOKUP($M43,Buff.CM!$A:$O,13,FALSE),"") -> icon_battle_serapulsar_integrity | O43: =_xlfn.IFNA(VLOOKUP($M43,Buff.CM!$A:$O,14,FALSE),"") -> info.serapulsar.buff.intergrity | P43: =_xlfn.IFNA(VLOOKUP($M43,Buff.CM!$A:$O,15,FALSE),"") -> Desc.info.serapulsar.buff.intergrity | Q43: FALSE | R43: FALSE
A44: serapulsar.ult.buff.05 | D44: 0 | E44: 0 | F44: 0 | G44: serapulsar.ult.changeskill.normal serapulsar.ult.changeskill.skill1 serapulsar.ult.changeskill.skill2 serapulsar.ult.buff.buffeffect.05 serapulsar.ult.changeskill.cost.05 | I44: TRUE | J44: FALSE | K44: TRUE | L44: Effect/Prefab/10_buff/EFF_buff_serapulsar_loop | M44: info.serapulsar.buff.intergrity | N44: =_xlfn.IFNA(VLOOKUP($M44,Buff.CM!$A:$O,13,FALSE),"") -> icon_battle_serapulsar_integrity | O44: =_xlfn.IFNA(VLOOKUP($M44,Buff.CM!$A:$O,14,FALSE),"") -> info.serapulsar.buff.intergrity | P44: =_xlfn.IFNA(VLOOKUP($M44,Buff.CM!$A:$O,15,FALSE),"") -> Desc.info.serapulsar.buff.intergrity | Q44: FALSE | R44: FALSE
A45: serapulsar.ult.buff.06 | D45: 0 | E45: 0 | F45: 0 | G45: serapulsar.ult.changeskill.normal serapulsar.ult.changeskill.skill1 serapulsar.ult.changeskill.skill2 serapulsar.ult.buff.buffeffect.06 serapulsar.ult.changeskill.cost.06 | I45: TRUE | J45: FALSE | K45: TRUE | L45: Effect/Prefab/10_buff/EFF_buff_serapulsar_loop | M45: info.serapulsar.buff.intergrity | N45: =_xlfn.IFNA(VLOOKUP($M45,Buff.CM!$A:$O,13,FALSE),"") -> icon_battle_serapulsar_integrity | O45: =_xlfn.IFNA(VLOOKUP($M45,Buff.CM!$A:$O,14,FALSE),"") -> info.serapulsar.buff.intergrity | P45: =_xlfn.IFNA(VLOOKUP($M45,Buff.CM!$A:$O,15,FALSE),"") -> Desc.info.serapulsar.buff.intergrity | Q45: FALSE | R45: FALSE
A46: serapulsar.ult.buff.07 | D46: 0 | E46: 0 | F46: 0 | G46: serapulsar.ult.changeskill.normal serapulsar.ult.changeskill.skill1 serapulsar.ult.changeskill.skill2 serapulsar.ult.buff.buffeffect.07 serapulsar.ult.changeskill.cost.07 | I46: TRUE | J46: FALSE | K46: TRUE | L46: Effect/Prefab/10_buff/EFF_buff_serapulsar_loop | M46: info.serapulsar.buff.intergrity | N46: =_xlfn.IFNA(VLOOKUP($M46,Buff.CM!$A:$O,13,FALSE),"") -> icon_battle_serapulsar_integrity | O46: =_xlfn.IFNA(VLOOKUP($M46,Buff.CM!$A:$O,14,FALSE),"") -> info.serapulsar.buff.intergrity | P46: =_xlfn.IFNA(VLOOKUP($M46,Buff.CM!$A:$O,15,FALSE),"") -> Desc.info.serapulsar.buff.intergrity | Q46: FALSE | R46: FALSE
A47: serapulsar.ult.active1.buff.01 | D47: 0 | E47: 0 | F47: 0 | G47: serapulsar.ult.atk.buff.repeat.01 | I47: TRUE | J47: FALSE | K47: TRUE | N47: =_xlfn.IFNA(VLOOKUP($M47,Buff.CM!$A:$O,13,FALSE),"") | O47: =_xlfn.IFNA(VLOOKUP($M47,Buff.CM!$A:$O,14,FALSE),"") | P47: =_xlfn.IFNA(VLOOKUP($M47,Buff.CM!$A:$O,15,FALSE),"") | Q47: FALSE | R47: FALSE
A48: serapulsar.ult.active1.buff.02 | D48: 0 | E48: 0 | F48: 0 | G48: serapulsar.ult.atk.buff.repeat.02 | I48: TRUE | J48: FALSE | K48: TRUE | N48: =_xlfn.IFNA(VLOOKUP($M48,Buff.CM!$A:$O,13,FALSE),"") | O48: =_xlfn.IFNA(VLOOKUP($M48,Buff.CM!$A:$O,14,FALSE),"") | P48: =_xlfn.IFNA(VLOOKUP($M48,Buff.CM!$A:$O,15,FALSE),"") | Q48: FALSE | R48: FALSE
A49: serapulsar.ult.active1.buff.03 | D49: 0 | E49: 0 | F49: 0 | G49: serapulsar.ult.atk.buff.repeat.03 | I49: TRUE | J49: FALSE | K49: TRUE | N49: =_xlfn.IFNA(VLOOKUP($M49,Buff.CM!$A:$O,13,FALSE),"") | O49: =_xlfn.IFNA(VLOOKUP($M49,Buff.CM!$A:$O,14,FALSE),"") | P49: =_xlfn.IFNA(VLOOKUP($M49,Buff.CM!$A:$O,15,FALSE),"") | Q49: FALSE | R49: FALSE
A50: serapulsar.ult.active1.buff.04 | D50: 0 | E50: 0 | F50: 0 | G50: serapulsar.ult.atk.buff.repeat.04 | I50: TRUE | J50: FALSE | K50: TRUE | N50: =_xlfn.IFNA(VLOOKUP($M50,Buff.CM!$A:$O,13,FALSE),"") | O50: =_xlfn.IFNA(VLOOKUP($M50,Buff.CM!$A:$O,14,FALSE),"") | P50: =_xlfn.IFNA(VLOOKUP($M50,Buff.CM!$A:$O,15,FALSE),"") | Q50: FALSE | R50: FALSE
A51: serapulsar.ult.active1.buff.05 | D51: 0 | E51: 0 | F51: 0 | G51: serapulsar.ult.atk.buff.repeat.05 | I51: TRUE | J51: FALSE | K51: TRUE | N51: =_xlfn.IFNA(VLOOKUP($M51,Buff.CM!$A:$O,13,FALSE),"") | O51: =_xlfn.IFNA(VLOOKUP($M51,Buff.CM!$A:$O,14,FALSE),"") | P51: =_xlfn.IFNA(VLOOKUP($M51,Buff.CM!$A:$O,15,FALSE),"") | Q51: FALSE | R51: FALSE
A52: serapulsar.ult.active1.buff.06 | D52: 0 | E52: 0 | F52: 0 | G52: serapulsar.ult.atk.buff.repeat.06 | I52: TRUE | J52: FALSE | K52: TRUE | N52: =_xlfn.IFNA(VLOOKUP($M52,Buff.CM!$A:$O,13,FALSE),"") | O52: =_xlfn.IFNA(VLOOKUP($M52,Buff.CM!$A:$O,14,FALSE),"") | P52: =_xlfn.IFNA(VLOOKUP($M52,Buff.CM!$A:$O,15,FALSE),"") | Q52: FALSE | R52: FALSE
A53: serapulsar.ult.atk.buff.01 | D53: 6000 | E53: 5 | F53: 1 | G53: serapulsar.ult.atk.buff.buffeffect.01 | I53: TRUE | J53: FALSE | K53: TRUE | L53: Effect/Prefab/10_buff/EFF_buff_up | M53: Atk.Up | N53: =_xlfn.IFNA(VLOOKUP($M53,Buff.CM!$A:$O,13,FALSE),"") -> icon_battle_attack | O53: =_xlfn.IFNA(VLOOKUP($M53,Buff.CM!$A:$O,14,FALSE),"") -> Buff.Name.Atk.Up.00 | P53: =_xlfn.IFNA(VLOOKUP($M53,Buff.CM!$A:$O,15,FALSE),"") -> Buff.Desc.Atk.Up.00 | Q53: FALSE | R53: FALSE
A54: serapulsar.ult.atk.buff.02 | D54: 6000 | E54: 5 | F54: 1 | G54: serapulsar.ult.atk.buff.buffeffect.02 | I54: TRUE | J54: FALSE | K54: TRUE | L54: Effect/Prefab/10_buff/EFF_buff_up | M54: Atk.Up | N54: =_xlfn.IFNA(VLOOKUP($M54,Buff.CM!$A:$O,13,FALSE),"") -> icon_battle_attack | O54: =_xlfn.IFNA(VLOOKUP($M54,Buff.CM!$A:$O,14,FALSE),"") -> Buff.Name.Atk.Up.00 | P54: =_xlfn.IFNA(VLOOKUP($M54,Buff.CM!$A:$O,15,FALSE),"") -> Buff.Desc.Atk.Up.00 | Q54: FALSE | R54: FALSE
A55: serapulsar.ult.atk.buff.03 | D55: 6000 | E55: 5 | F55: 1 | G55: serapulsar.ult.atk.buff.buffeffect.03 | I55: TRUE | J55: FALSE | K55: TRUE | L55: Effect/Prefab/10_buff/EFF_buff_up | M55: Atk.Up | N55: =_xlfn.IFNA(VLOOKUP($M55,Buff.CM!$A:$O,13,FALSE),"") -> icon_battle_attack | O55: =_xlfn.IFNA(VLOOKUP($M55,Buff.CM!$A:$O,14,FALSE),"") -> Buff.Name.Atk.Up.00 | P55: =_xlfn.IFNA(VLOOKUP($M55,Buff.CM!$A:$O,15,FALSE),"") -> Buff.Desc.Atk.Up.00 | Q55: FALSE | R55: FALSE
A56: serapulsar.ult.atk.buff.04 | D56: 6000 | E56: 5 | F56: 1 | G56: serapulsar.ult.atk.buff.buffeffect.04 | I56: TRUE | J56: FALSE | K56: TRUE | L56: Effect/Prefab/10_buff/EFF_buff_up | M56: Atk.Up | N56: =_xlfn.IFNA(VLOOKUP($M56,Buff.CM!$A:$O,13,FALSE),"") -> icon_battle_attack | O56: =_xlfn.IFNA(VLOOKUP($M56,Buff.CM!$A:$O,14,FALSE),"") -> Buff.Name.Atk.Up.00 | P56: =_xlfn.IFNA(VLOOKUP($M56,Buff.CM!$A:$O,15,FALSE),"") -> Buff.Desc.Atk.Up.00 | Q56: FALSE | R56: FALSE
A57: serapulsar.ult.atk.buff.05 | D57: 1500 | E57: 5 | F57: 1 | G57: serapulsar.ult.atk.buff.buffeffect.05 | I57: TRUE | J57: FALSE | K57: TRUE | L57: Effect/Prefab/10_buff/EFF_buff_up | M57: Atk.Up | N57: =_xlfn.IFNA(VLOOKUP($M57,Buff.CM!$A:$O,13,FALSE),"") -> icon_battle_attack | O57: =_xlfn.IFNA(VLOOKUP($M57,Buff.CM!$A:$O,14,FALSE),"") -> Buff.Name.Atk.Up.00 | P57: =_xlfn.IFNA(VLOOKUP($M57,Buff.CM!$A:$O,15,FALSE),"") -> Buff.Desc.Atk.Up.00 | Q57: FALSE | R57: FALSE
A58: serapulsar.ult.atk.buff.06 | D58: 1500 | E58: 5 | F58: 1 | G58: serapulsar.ult.atk.buff.buffeffect.06 | I58: TRUE | J58: FALSE | K58: TRUE | L58: Effect/Prefab/10_buff/EFF_buff_up | M58: Atk.Up | N58: =_xlfn.IFNA(VLOOKUP($M58,Buff.CM!$A:$O,13,FALSE),"") -> icon_battle_attack | O58: =_xlfn.IFNA(VLOOKUP($M58,Buff.CM!$A:$O,14,FALSE),"") -> Buff.Name.Atk.Up.00 | P58: =_xlfn.IFNA(VLOOKUP($M58,Buff.CM!$A:$O,15,FALSE),"") -> Buff.Desc.Atk.Up.00 | Q58: FALSE | R58: FALSE
A59: serapulsar.ult.active2.buff.01 | D59: 0 | E59: 0 | F59: 0 | G59: serapulsar.ult.act2.buff.buffeffect.01 | I59: TRUE | J59: FALSE | K59: TRUE | N59: =_xlfn.IFNA(VLOOKUP($M59,Buff.CM!$A:$O,13,FALSE),"") | O59: =_xlfn.IFNA(VLOOKUP($M59,Buff.CM!$A:$O,14,FALSE),"") | P59: =_xlfn.IFNA(VLOOKUP($M59,Buff.CM!$A:$O,15,FALSE),"") | Q59: FALSE | R59: FALSE
A60: serapulsar.ult.active2.buff.02 | D60: 0 | E60: 0 | F60: 0 | G60: serapulsar.ult.act2.buff.buffeffect.02 | I60: TRUE | J60: FALSE | K60: TRUE | N60: =_xlfn.IFNA(VLOOKUP($M60,Buff.CM!$A:$O,13,FALSE),"") | O60: =_xlfn.IFNA(VLOOKUP($M60,Buff.CM!$A:$O,14,FALSE),"") | P60: =_xlfn.IFNA(VLOOKUP($M60,Buff.CM!$A:$O,15,FALSE),"") | Q60: FALSE | R60: FALSE
A61: serapulsar.ult.active2.buff.03 | D61: 0 | E61: 0 | F61: 0 | G61: serapulsar.ult.act2.buff.buffeffect.03 | I61: TRUE | J61: FALSE | K61: TRUE | N61: =_xlfn.IFNA(VLOOKUP($M61,Buff.CM!$A:$O,13,FALSE),"") | O61: =_xlfn.IFNA(VLOOKUP($M61,Buff.CM!$A:$O,14,FALSE),"") | P61: =_xlfn.IFNA(VLOOKUP($M61,Buff.CM!$A:$O,15,FALSE),"") | Q61: FALSE | R61: FALSE
A62: serapulsar.ult.active2.buff.04 | D62: 0 | E62: 0 | F62: 0 | G62: serapulsar.ult.act2.buff.buffeffect.04 | I62: TRUE | J62: FALSE | K62: TRUE | N62: =_xlfn.IFNA(VLOOKUP($M62,Buff.CM!$A:$O,13,FALSE),"") | O62: =_xlfn.IFNA(VLOOKUP($M62,Buff.CM!$A:$O,14,FALSE),"") | P62: =_xlfn.IFNA(VLOOKUP($M62,Buff.CM!$A:$O,15,FALSE),"") | Q62: FALSE | R62: FALSE
A63: serapulsar.ult.active2.buff.05 | D63: 0 | E63: 0 | F63: 0 | G63: serapulsar.ult.act2.buff.buffeffect.05 | I63: TRUE | J63: FALSE | K63: TRUE | N63: =_xlfn.IFNA(VLOOKUP($M63,Buff.CM!$A:$O,13,FALSE),"") | O63: =_xlfn.IFNA(VLOOKUP($M63,Buff.CM!$A:$O,14,FALSE),"") | P63: =_xlfn.IFNA(VLOOKUP($M63,Buff.CM!$A:$O,15,FALSE),"") | Q63: FALSE | R63: FALSE
A64: serapulsar.ult.active2.buff.06 | D64: 0 | E64: 0 | F64: 0 | G64: serapulsar.ult.act2.buff.buffeffect.06 | I64: TRUE | J64: FALSE | K64: TRUE | N64: =_xlfn.IFNA(VLOOKUP($M64,Buff.CM!$A:$O,13,FALSE),"") | O64: =_xlfn.IFNA(VLOOKUP($M64,Buff.CM!$A:$O,14,FALSE),"") | P64: =_xlfn.IFNA(VLOOKUP($M64,Buff.CM!$A:$O,15,FALSE),"") | Q64: FALSE | R64: FALSE
A65: serapulsar.ult.B.buff.01 | D65: 0 | E65: 0 | F65: 0 | G65: serapulsar.ult.B.buff.buffeffect.01 serapulsar.ult.B.spd.buff.buffeffect serapulsar.ult.B.changeskill serapulsar.ult.B.changeskill.cost | I65: TRUE | J65: FALSE | K65: TRUE | L65: Effect/Prefab/10_buff/EFF_buff_serapulsar_loop | M65: info.serapulsar.buff.overdrive | N65: =_xlfn.IFNA(VLOOKUP($M65,Buff.CM!$A:$O,13,FALSE),"") -> icon_battle_serapulsar_overdrive | O65: =_xlfn.IFNA(VLOOKUP($M65,Buff.CM!$A:$O,14,FALSE),"") -> info.serapulsar.buff.overdrive | P65: =_xlfn.IFNA(VLOOKUP($M65,Buff.CM!$A:$O,15,FALSE),"") -> Desc.info.serapulsar.buff.overdrive | Q65: FALSE | R65: FALSE
A66: serapulsar.ult.B.buff.02 | D66: 0 | E66: 0 | F66: 0 | G66: serapulsar.ult.B.buff.buffeffect.02 serapulsar.ult.B.spd.buff.buffeffect serapulsar.ult.B.changeskill serapulsar.ult.B.changeskill.cost | I66: TRUE | J66: FALSE | K66: TRUE | L66: Effect/Prefab/10_buff/EFF_buff_serapulsar_loop | M66: info.serapulsar.buff.overdrive | N66: =_xlfn.IFNA(VLOOKUP($M66,Buff.CM!$A:$O,13,FALSE),"") -> icon_battle_serapulsar_overdrive | O66: =_xlfn.IFNA(VLOOKUP($M66,Buff.CM!$A:$O,14,FALSE),"") -> info.serapulsar.buff.overdrive | P66: =_xlfn.IFNA(VLOOKUP($M66,Buff.CM!$A:$O,15,FALSE),"") -> Desc.info.serapulsar.buff.overdrive | Q66: FALSE | R66: FALSE
A67: serapulsar.ult.B.buff.03 | D67: 0 | E67: 0 | F67: 0 | G67: serapulsar.ult.B.buff.buffeffect.03 serapulsar.ult.B.spd.buff.buffeffect serapulsar.ult.B.changeskill serapulsar.ult.B.changeskill.cost | I67: TRUE | J67: FALSE | K67: TRUE | L67: Effect/Prefab/10_buff/EFF_buff_serapulsar_loop | M67: info.serapulsar.buff.overdrive | N67: =_xlfn.IFNA(VLOOKUP($M67,Buff.CM!$A:$O,13,FALSE),"") -> icon_battle_serapulsar_overdrive | O67: =_xlfn.IFNA(VLOOKUP($M67,Buff.CM!$A:$O,14,FALSE),"") -> info.serapulsar.buff.overdrive | P67: =_xlfn.IFNA(VLOOKUP($M67,Buff.CM!$A:$O,15,FALSE),"") -> Desc.info.serapulsar.buff.overdrive | Q67: FALSE | R67: FALSE
A68: serapulsar.ult.B.buff.04 | D68: 0 | E68: 0 | F68: 0 | G68: serapulsar.ult.B.buff.buffeffect.04 serapulsar.ult.B.spd.buff.buffeffect serapulsar.ult.B.changeskill serapulsar.ult.B.changeskill.cost | I68: TRUE | J68: FALSE | K68: TRUE | L68: Effect/Prefab/10_buff/EFF_buff_serapulsar_loop | M68: info.serapulsar.buff.overdrive | N68: =_xlfn.IFNA(VLOOKUP($M68,Buff.CM!$A:$O,13,FALSE),"") -> icon_battle_serapulsar_overdrive | O68: =_xlfn.IFNA(VLOOKUP($M68,Buff.CM!$A:$O,14,FALSE),"") -> info.serapulsar.buff.overdrive | P68: =_xlfn.IFNA(VLOOKUP($M68,Buff.CM!$A:$O,15,FALSE),"") -> Desc.info.serapulsar.buff.overdrive | Q68: FALSE | R68: FALSE
A69: serapulsar.ult.B.buff.05 | D69: 0 | E69: 0 | F69: 0 | G69: serapulsar.ult.B.buff.buffeffect.05 serapulsar.ult.B.spd.buff.buffeffect serapulsar.ult.B.changeskill serapulsar.ult.B.changeskill.cost | I69: TRUE | J69: FALSE | K69: TRUE | L69: Effect/Prefab/10_buff/EFF_buff_serapulsar_loop | M69: info.serapulsar.buff.overdrive | N69: =_xlfn.IFNA(VLOOKUP($M69,Buff.CM!$A:$O,13,FALSE),"") -> icon_battle_serapulsar_overdrive | O69: =_xlfn.IFNA(VLOOKUP($M69,Buff.CM!$A:$O,14,FALSE),"") -> info.serapulsar.buff.overdrive | P69: =_xlfn.IFNA(VLOOKUP($M69,Buff.CM!$A:$O,15,FALSE),"") -> Desc.info.serapulsar.buff.overdrive | Q69: FALSE | R69: FALSE
A70: serapulsar.ult.B.buff.06 | D70: 0 | E70: 0 | F70: 0 | G70: serapulsar.ult.B.buff.buffeffect.06 serapulsar.ult.B.spd.buff.buffeffect serapulsar.ult.B.changeskill serapulsar.ult.B.changeskill.cost | I70: TRUE | J70: FALSE | K70: TRUE | L70: Effect/Prefab/10_buff/EFF_buff_serapulsar_loop | M70: info.serapulsar.buff.overdrive | N70: =_xlfn.IFNA(VLOOKUP($M70,Buff.CM!$A:$O,13,FALSE),"") -> icon_battle_serapulsar_overdrive | O70: =_xlfn.IFNA(VLOOKUP($M70,Buff.CM!$A:$O,14,FALSE),"") -> info.serapulsar.buff.overdrive | P70: =_xlfn.IFNA(VLOOKUP($M70,Buff.CM!$A:$O,15,FALSE),"") -> Desc.info.serapulsar.buff.overdrive | Q70: FALSE | R70: FALSE
A71: serapulsar.ult.B.buff.07 | D71: 0 | E71: 0 | F71: 0 | G71: serapulsar.ult.B.buff.buffeffect.07 serapulsar.ult.B.spd.buff.buffeffect serapulsar.ult.B.changeskill serapulsar.ult.B.changeskill.cost | I71: TRUE | J71: FALSE | K71: TRUE | L71: Effect/Prefab/10_buff/EFF_buff_serapulsar_loop | M71: info.serapulsar.buff.overdrive | N71: =_xlfn.IFNA(VLOOKUP($M71,Buff.CM!$A:$O,13,FALSE),"") -> icon_battle_serapulsar_overdrive | O71: =_xlfn.IFNA(VLOOKUP($M71,Buff.CM!$A:$O,14,FALSE),"") -> info.serapulsar.buff.overdrive | P71: =_xlfn.IFNA(VLOOKUP($M71,Buff.CM!$A:$O,15,FALSE),"") -> Desc.info.serapulsar.buff.overdrive | Q71: FALSE | R71: FALSE
A72: serapulsar.active1.effect.event.buff.01 | D72: 5000 | E72: 0 | F72: 0 | G72: serapulsar.active1.effect.event.buff.buffeffect.01 | I72: FALSE | J72: FALSE | K72: TRUE | L72: Effect/Prefab/10_buff/EFF_buff_up | M72: AtkSpeed.Up | N72: =_xlfn.IFNA(VLOOKUP($M72,Buff.CM!$A:$O,13,FALSE),"") -> icon_battle_attackspeed | O72: =_xlfn.IFNA(VLOOKUP($M72,Buff.CM!$A:$O,14,FALSE),"") -> Buff.Name.AtkSpeed.Up.00 | P72: =_xlfn.IFNA(VLOOKUP($M72,Buff.CM!$A:$O,15,FALSE),"") -> Buff.Desc.AtkSpeed.Up.00 | Q72: FALSE | R72: FALSE
A73: serapulsar.active1.effect.event.buff.02 | D73: 5000 | E73: 0 | F73: 0 | G73: serapulsar.active1.effect.event.buff.buffeffect.02 | I73: FALSE | J73: FALSE | K73: TRUE | L73: Effect/Prefab/10_buff/EFF_buff_up | M73: AtkSpeed.Up | N73: =_xlfn.IFNA(VLOOKUP($M73,Buff.CM!$A:$O,13,FALSE),"") -> icon_battle_attackspeed | O73: =_xlfn.IFNA(VLOOKUP($M73,Buff.CM!$A:$O,14,FALSE),"") -> Buff.Name.AtkSpeed.Up.00 | P73: =_xlfn.IFNA(VLOOKUP($M73,Buff.CM!$A:$O,15,FALSE),"") -> Buff.Desc.AtkSpeed.Up.00 | Q73: FALSE | R73: FALSE
A74: serapulsar.active1.effect.event.buff.03 | D74: 5000 | E74: 0 | F74: 0 | G74: serapulsar.active1.effect.event.buff.buffeffect.03 | I74: FALSE | J74: FALSE | K74: TRUE | L74: Effect/Prefab/10_buff/EFF_buff_up | M74: AtkSpeed.Up | N74: =_xlfn.IFNA(VLOOKUP($M74,Buff.CM!$A:$O,13,FALSE),"") -> icon_battle_attackspeed | O74: =_xlfn.IFNA(VLOOKUP($M74,Buff.CM!$A:$O,14,FALSE),"") -> Buff.Name.AtkSpeed.Up.00 | P74: =_xlfn.IFNA(VLOOKUP($M74,Buff.CM!$A:$O,15,FALSE),"") -> Buff.Desc.AtkSpeed.Up.00 | Q74: FALSE | R74: FALSE
A75: serapulsar.active1.effect.event.buff.04 | D75: 5000 | E75: 0 | F75: 0 | G75: serapulsar.active1.effect.event.buff.buffeffect.04 | I75: FALSE | J75: FALSE | K75: TRUE | L75: Effect/Prefab/10_buff/EFF_buff_up | M75: AtkSpeed.Up | N75: =_xlfn.IFNA(VLOOKUP($M75,Buff.CM!$A:$O,13,FALSE),"") -> icon_battle_attackspeed | O75: =_xlfn.IFNA(VLOOKUP($M75,Buff.CM!$A:$O,14,FALSE),"") -> Buff.Name.AtkSpeed.Up.00 | P75: =_xlfn.IFNA(VLOOKUP($M75,Buff.CM!$A:$O,15,FALSE),"") -> Buff.Desc.AtkSpeed.Up.00 | Q75: FALSE | R75: FALSE
A76: serapulsar.active1.effect.event.buff.05 | D76: 5000 | E76: 0 | F76: 0 | G76: serapulsar.active1.effect.event.buff.buffeffect.05 | I76: FALSE | J76: FALSE | K76: TRUE | L76: Effect/Prefab/10_buff/EFF_buff_up | M76: AtkSpeed.Up | N76: =_xlfn.IFNA(VLOOKUP($M76,Buff.CM!$A:$O,13,FALSE),"") -> icon_battle_attackspeed | O76: =_xlfn.IFNA(VLOOKUP($M76,Buff.CM!$A:$O,14,FALSE),"") -> Buff.Name.AtkSpeed.Up.00 | P76: =_xlfn.IFNA(VLOOKUP($M76,Buff.CM!$A:$O,15,FALSE),"") -> Buff.Desc.AtkSpeed.Up.00 | Q76: FALSE | R76: FALSE
A77: serapulsar.active1.effect.event.buff.06 | D77: 5000 | E77: 0 | F77: 0 | G77: serapulsar.active1.effect.event.buff.buffeffect.06 | I77: FALSE | J77: FALSE | K77: TRUE | L77: Effect/Prefab/10_buff/EFF_buff_up | M77: AtkSpeed.Up | N77: =_xlfn.IFNA(VLOOKUP($M77,Buff.CM!$A:$O,13,FALSE),"") -> icon_battle_attackspeed | O77: =_xlfn.IFNA(VLOOKUP($M77,Buff.CM!$A:$O,14,FALSE),"") -> Buff.Name.AtkSpeed.Up.00 | P77: =_xlfn.IFNA(VLOOKUP($M77,Buff.CM!$A:$O,15,FALSE),"") -> Buff.Desc.AtkSpeed.Up.00 | Q77: FALSE | R77: FALSE
A78: serapulsar.passive.buff.01 | D78: 0 | E78: 0 | F78: 0 | G78: serapulsar.passive.buff.buffeffect.01 | I78: FALSE | J78: TRUE | K78: TRUE | N78: =_xlfn.IFNA(VLOOKUP($M78,Buff.CM!$A:$O,13,FALSE),"") | O78: =_xlfn.IFNA(VLOOKUP($M78,Buff.CM!$A:$O,14,FALSE),"") | P78: =_xlfn.IFNA(VLOOKUP($M78,Buff.CM!$A:$O,15,FALSE),"") | Q78: FALSE | R78: FALSE
A79: serapulsar.passive.buff.02 | D79: 0 | E79: 0 | F79: 0 | G79: serapulsar.passive.buff.buffeffect.02 | I79: FALSE | J79: TRUE | K79: TRUE | N79: =_xlfn.IFNA(VLOOKUP($M79,Buff.CM!$A:$O,13,FALSE),"") | O79: =_xlfn.IFNA(VLOOKUP($M79,Buff.CM!$A:$O,14,FALSE),"") | P79: =_xlfn.IFNA(VLOOKUP($M79,Buff.CM!$A:$O,15,FALSE),"") | Q79: FALSE | R79: FALSE
A80: serapulsar.passive.buff.03 | D80: 0 | E80: 0 | F80: 0 | G80: serapulsar.passive.buff.buffeffect.03 | I80: FALSE | J80: TRUE | K80: TRUE | N80: =_xlfn.IFNA(VLOOKUP($M80,Buff.CM!$A:$O,13,FALSE),"") | O80: =_xlfn.IFNA(VLOOKUP($M80,Buff.CM!$A:$O,14,FALSE),"") | P80: =_xlfn.IFNA(VLOOKUP($M80,Buff.CM!$A:$O,15,FALSE),"") | Q80: FALSE | R80: FALSE
A81: serapulsar.passive.buff.04 | D81: 0 | E81: 0 | F81: 0 | G81: serapulsar.passive.buff.buffeffect.04 | I81: FALSE | J81: TRUE | K81: TRUE | N81: =_xlfn.IFNA(VLOOKUP($M81,Buff.CM!$A:$O,13,FALSE),"") | O81: =_xlfn.IFNA(VLOOKUP($M81,Buff.CM!$A:$O,14,FALSE),"") | P81: =_xlfn.IFNA(VLOOKUP($M81,Buff.CM!$A:$O,15,FALSE),"") | Q81: FALSE | R81: FALSE
A82: serapulsar.passive.buff.05 | D82: 0 | E82: 0 | F82: 0 | G82: serapulsar.passive.buff.buffeffect.05 | I82: FALSE | J82: TRUE | K82: TRUE | N82: =_xlfn.IFNA(VLOOKUP($M82,Buff.CM!$A:$O,13,FALSE),"") | O82: =_xlfn.IFNA(VLOOKUP($M82,Buff.CM!$A:$O,14,FALSE),"") | P82: =_xlfn.IFNA(VLOOKUP($M82,Buff.CM!$A:$O,15,FALSE),"") | Q82: FALSE | R82: FALSE
A83: serapulsar.passive.buff.06 | D83: 0 | E83: 0 | F83: 0 | G83: serapulsar.passive.buff.buffeffect.06 | I83: FALSE | J83: TRUE | K83: TRUE | N83: =_xlfn.IFNA(VLOOKUP($M83,Buff.CM!$A:$O,13,FALSE),"") | O83: =_xlfn.IFNA(VLOOKUP($M83,Buff.CM!$A:$O,14,FALSE),"") | P83: =_xlfn.IFNA(VLOOKUP($M83,Buff.CM!$A:$O,15,FALSE),"") | Q83: FALSE | R83: FALSE
A84: serapulsar.passive.mark | D84: 0 | E84: 3 | F84: 1 | G84: none | I84: TRUE | J84: TRUE | K84: TRUE | N84: =_xlfn.IFNA(VLOOKUP($M84,Buff.CM!$A:$O,13,FALSE),"") | O84: =_xlfn.IFNA(VLOOKUP($M84,Buff.CM!$A:$O,14,FALSE),"") | P84: =_xlfn.IFNA(VLOOKUP($M84,Buff.CM!$A:$O,15,FALSE),"") | Q84: FALSE | R84: FALSE
A85: serapulsar.passive.ex.buff.01 | D85: 0 | E85: 0 | F85: 0 | G85: serapulsar.passive.ex.buff.buffeffect.01 | I85: FALSE | J85: TRUE | K85: TRUE | N85: =_xlfn.IFNA(VLOOKUP($M85,Buff.CM!$A:$O,13,FALSE),"") | O85: =_xlfn.IFNA(VLOOKUP($M85,Buff.CM!$A:$O,14,FALSE),"") | P85: =_xlfn.IFNA(VLOOKUP($M85,Buff.CM!$A:$O,15,FALSE),"") | Q85: FALSE | R85: FALSE
A86: serapulsar.passive.ex.buff.02 | D86: 0 | E86: 0 | F86: 0 | G86: serapulsar.passive.ex.buff.buffeffect.02 | I86: FALSE | J86: TRUE | K86: TRUE | N86: =_xlfn.IFNA(VLOOKUP($M86,Buff.CM!$A:$O,13,FALSE),"") | O86: =_xlfn.IFNA(VLOOKUP($M86,Buff.CM!$A:$O,14,FALSE),"") | P86: =_xlfn.IFNA(VLOOKUP($M86,Buff.CM!$A:$O,15,FALSE),"") | Q86: FALSE | R86: FALSE
A87: serapulsar.passive.ex.buff.03 | D87: 0 | E87: 0 | F87: 0 | G87: serapulsar.passive.ex.buff.buffeffect.03 | I87: FALSE | J87: TRUE | K87: TRUE | N87: =_xlfn.IFNA(VLOOKUP($M87,Buff.CM!$A:$O,13,FALSE),"") | O87: =_xlfn.IFNA(VLOOKUP($M87,Buff.CM!$A:$O,14,FALSE),"") | P87: =_xlfn.IFNA(VLOOKUP($M87,Buff.CM!$A:$O,15,FALSE),"") | Q87: FALSE | R87: FALSE
A88: serapulsar.passive.ex.buff.04 | D88: 0 | E88: 0 | F88: 0 | G88: serapulsar.passive.ex.buff.buffeffect.04 | I88: FALSE | J88: TRUE | K88: TRUE | N88: =_xlfn.IFNA(VLOOKUP($M88,Buff.CM!$A:$O,13,FALSE),"") | O88: =_xlfn.IFNA(VLOOKUP($M88,Buff.CM!$A:$O,14,FALSE),"") | P88: =_xlfn.IFNA(VLOOKUP($M88,Buff.CM!$A:$O,15,FALSE),"") | Q88: FALSE | R88: FALSE
A89: serapulsar.passive.ex.buff.05 | D89: 0 | E89: 0 | F89: 0 | G89: serapulsar.passive.ex.buff.buffeffect.05 | I89: FALSE | J89: TRUE | K89: TRUE | N89: =_xlfn.IFNA(VLOOKUP($M89,Buff.CM!$A:$O,13,FALSE),"") | O89: =_xlfn.IFNA(VLOOKUP($M89,Buff.CM!$A:$O,14,FALSE),"") | P89: =_xlfn.IFNA(VLOOKUP($M89,Buff.CM!$A:$O,15,FALSE),"") | Q89: FALSE | R89: FALSE
... A97: iras.ult.hp.cost.07 | D97: 0 | E97: 0 | F97: 0 | G97: iras.ult.hp.cost.buffeffect.07 | I97: FALSE | J97: FALSE | K97: TRUE | N97: =_xlfn.IFNA(VLOOKUP($M97,Buff.CM!$A:$O,13,FALSE),"") | O97: =_xlfn.IFNA(VLOOKUP($M97,Buff.CM!$A:$O,14,FALSE),"") | P97: =_xlfn.IFNA(VLOOKUP($M97,Buff.CM!$A:$O,15,FALSE),"") | Q97: FALSE | R97: FALSE
A98: iras.ult.electric.buff.01 | D98: 5000 | E98: 0 | F98: 0 | G98: Electric.03 Electric.Eprate.Down.03 | I98: FALSE | J98: FALSE | K98: FALSE | L98: Effect/Prefab/10_buff/EFF_debuff_electric | M98: Info.Electric | N98: =_xlfn.IFNA(VLOOKUP($M98,Buff.CM!$A:$O,13,FALSE),"") -> icon_battle_shock | O98: =_xlfn.IFNA(VLOOKUP($M98,Buff.CM!$A:$O,14,FALSE),"") -> Buff.Name.Electric | P98: =_xlfn.IFNA(VLOOKUP($M98,Buff.CM!$A:$O,15,FALSE),"") -> Buff.Desc.Electric | Q98: FALSE | R98: FALSE
A99: iras.ult.electric.buff.02 | D99: 5500 | E99: 0 | F99: 0 | G99: Electric.03 Electric.Eprate.Down.03 | I99: FALSE | J99: FALSE | K99: FALSE | L99: Effect/Prefab/10_buff/EFF_debuff_electric | M99: Info.Electric | N99: =_xlfn.IFNA(VLOOKUP($M99,Buff.CM!$A:$O,13,FALSE),"") -> icon_battle_shock | O99: =_xlfn.IFNA(VLOOKUP($M99,Buff.CM!$A:$O,14,FALSE),"") -> Buff.Name.Electric | P99: =_xlfn.IFNA(VLOOKUP($M99,Buff.CM!$A:$O,15,FALSE),"") -> Buff.Desc.Electric | Q99: FALSE | R99: FALSE
A100: iras.ult.electric.buff.03 | D100: 6000 | E100: 0 | F100: 0 | G100: Electric.04 Electric.Eprate.Down.04 | I100: FALSE | J100: FALSE | K100: FALSE | L100: Effect/Prefab/10_buff/EFF_debuff_electric | M100: Info.Electric | N100: =_xlfn.IFNA(VLOOKUP($M100,Buff.CM!$A:$O,13,FALSE),"") -> icon_battle_shock | O100: =_xlfn.IFNA(VLOOKUP($M100,Buff.CM!$A:$O,14,FALSE),"") -> Buff.Name.Electric | P100: =_xlfn.IFNA(VLOOKUP($M100,Buff.CM!$A:$O,15,FALSE),"") -> Buff.Desc.Electric | Q100: FALSE | R100: FALSE
A101: iras.ult.electric.buff.04 | D101: 6500 | E101: 0 | F101: 0 | G101: Electric.04 Electric.Eprate.Down.04 | I101: FALSE | J101: FALSE | K101: FALSE | L101: Effect/Prefab/10_buff/EFF_debuff_electric | M101: Info.Electric | N101: =_xlfn.IFNA(VLOOKUP($M101,Buff.CM!$A:$O,13,FALSE),"") -> icon_battle_shock | O101: =_xlfn.IFNA(VLOOKUP($M101,Buff.CM!$A:$O,14,FALSE),"") -> Buff.Name.Electric | P101: =_xlfn.IFNA(VLOOKUP($M101,Buff.CM!$A:$O,15,FALSE),"") -> Buff.Desc.Electric | Q101: FALSE | R101: FALSE
A102: iras.ult.electric.buff.05 | D102: 7000 | E102: 0 | F102: 0 | G102: Electric.05 Electric.Eprate.Down.05 | I102: FALSE | J102: FALSE | K102: FALSE | L102: Effect/Prefab/10_buff/EFF_debuff_electric | M102: Info.Electric | N102: =_xlfn.IFNA(VLOOKUP($M102,Buff.CM!$A:$O,13,FALSE),"") -> icon_battle_shock | O102: =_xlfn.IFNA(VLOOKUP($M102,Buff.CM!$A:$O,14,FALSE),"") -> Buff.Name.Electric | P102: =_xlfn.IFNA(VLOOKUP($M102,Buff.CM!$A:$O,15,FALSE),"") -> Buff.Desc.Electric | Q102: FALSE | R102: FALSE
A103: iras.ult.electric.buff.06 | D103: 7000 | E103: 0 | F103: 0 | G103: Electric.05 Electric.Eprate.Down.05 | I103: FALSE | J103: FALSE | K103: FALSE | L103: Effect/Prefab/10_buff/EFF_debuff_electric | M103: Info.Electric | N103: =_xlfn.IFNA(VLOOKUP($M103,Buff.CM!$A:$O,13,FALSE),"") -> icon_battle_shock | O103: =_xlfn.IFNA(VLOOKUP($M103,Buff.CM!$A:$O,14,FALSE),"") -> Buff.Name.Electric | P103: =_xlfn.IFNA(VLOOKUP($M103,Buff.CM!$A:$O,15,FALSE),"") -> Buff.Desc.Electric | Q103: FALSE | R103: FALSE
A104: iras.ult.electric.buff.07 | D104: 7000 | E104: 0 | F104: 0 | G104: Electric.05 Electric.Eprate.Down.05 | I104: FALSE | J104: FALSE | K104: FALSE | L104: Effect/Prefab/10_buff/EFF_debuff_electric | M104: Info.Electric | N104: =_xlfn.IFNA(VLOOKUP($M104,Buff.CM!$A:$O,13,FALSE),"") -> icon_battle_shock | O104: =_xlfn.IFNA(VLOOKUP($M104,Buff.CM!$A:$O,14,FALSE),"") -> Buff.Name.Electric | P104: =_xlfn.IFNA(VLOOKUP($M104,Buff.CM!$A:$O,15,FALSE),"") -> Buff.Desc.Electric | Q104: FALSE | R104: FALSE
A105: iras.ult.B.dotdmgdrdown.01 | D105: 1000 | E105: 0 | F105: 0 | G105: Reduce.DotDamage.Down.04 | I105: FALSE | J105: FALSE | K105: FALSE | L105: Effect/Prefab/10_buff/EFF_debuff_down | M105: Reduce.DotDamage.Down.04 | N105: =_xlfn.IFNA(VLOOKUP($M105,Buff.CM!$A:$O,13,FALSE),"") -> icon_battle_damageimmune | O105: =_xlfn.IFNA(VLOOKUP($M105,Buff.CM!$A:$O,14,FALSE),"") -> Buff.Name.Reduce.DotDamage.Down.04 | P105: =_xlfn.IFNA(VLOOKUP($M105,Buff.CM!$A:$O,15,FALSE),"") -> Buff.Desc.Reduce.DotDamage.Down.04 | Q105: FALSE | R105: FALSE
A106: iras.ult.B.dotdmgdrdown.02 | D106: 1000 | E106: 0 | F106: 0 | G106: Reduce.DotDamage.Down.04 | I106: FALSE | J106: FALSE | K106: FALSE | L106: Effect/Prefab/10_buff/EFF_debuff_down | M106: Reduce.DotDamage.Down.04 | N106: =_xlfn.IFNA(VLOOKUP($M106,Buff.CM!$A:$O,13,FALSE),"") -> icon_battle_damageimmune | O106: =_xlfn.IFNA(VLOOKUP($M106,Buff.CM!$A:$O,14,FALSE),"") -> Buff.Name.Reduce.DotDamage.Down.04 | P106: =_xlfn.IFNA(VLOOKUP($M106,Buff.CM!$A:$O,15,FALSE),"") -> Buff.Desc.Reduce.DotDamage.Down.04 | Q106: FALSE | R106: FALSE
A107: iras.ult.B.dotdmgdrdown.03 | D107: 1000 | E107: 0 | F107: 0 | G107: Reduce.DotDamage.Down.05 | I107: FALSE | J107: FALSE | K107: FALSE | L107: Effect/Prefab/10_buff/EFF_debuff_down | M107: Reduce.DotDamage.Down.05 | N107: =_xlfn.IFNA(VLOOKUP($M107,Buff.CM!$A:$O,13,FALSE),"") -> icon_battle_damageimmune | O107: =_xlfn.IFNA(VLOOKUP($M107,Buff.CM!$A:$O,14,FALSE),"") -> Buff.Name.Reduce.DotDamage.Down.05 | P107: =_xlfn.IFNA(VLOOKUP($M107,Buff.CM!$A:$O,15,FALSE),"") -> Buff.Desc.Reduce.DotDamage.Down.05 | Q107: FALSE | R107: FALSE
...

Sheet BuffEffect.A
A1: #ID | B1: #조건 | C1: #조건 값 (백분율) | D1: #조건체크 반복주기 | E1: #사용횟수 기본값:1, 공백:무한 | F1: #타겟 | G1: #광여 타이 | H1: #값 | I1: #수 | J1: #타입 | K1: #값 | L1: #값 % | M1: #값 (상수) | N1: #이펙트 | O1: #사용 스택 | P1: #틱 | Q1: #이펙트 이름 | R1: #Hud
A2: Id | B2: ActiveCondition | C2: ConditionValue | D2: CoolTime | E2: LimitEffectCount | F2: TargetTendency | G2: AreaType | H2: AreaValue | I2: TargetCount | J2: #Type | K2: #Value1 | L2: #Value2 | M2: #Value3 | N2: Effect | O2: UseStack | P2: Tick | Q2: Name | R2: ShowHit
A3: *string | B3: ActiveCondition? | C3: string | D3: int | E3: int? | F3: TargetTendency | G3: AreaType | H3: [int] | I3: int | J3: #BuffEffectType | K3: #string | L3: #string | M3: #string | N3: dsl | O3: int | P3: int | Q3: string | R3: bool
A4: common | B4: common | C4: common | D4: common | E4: common | F4: common | G4: common | H4: common | I4: common | J4: # | K4: # | L4: # | M4: # | N4: common | O4: common | P4: common | Q4: client | R4: common
A5: kaito.aile.summon.passive.buff.buffeffect.01.01 | D5: 0 | E5: 1 | F5: Self | G5: Single | I5: 0 | J5: Active | K5: kaito.aile.summon.passive.buff.taunt.skilleffect.01 | N5: =J5&"("&IF(K5="","",K5)&IF(L5="","",", "&L5)&IF(M5="","",", "&M5)&")" -> Active(kaito.aile.summon.passive.buff.taunt.skilleffect.01) | O5: 0 | P5: 0 | R5: TRUE
A6: kaito.aile.summon.passive.buff.buffeffect.01.02 | D6: 0 | E6: 1 | F6: Self | G6: Single | I6: 0 | J6: Active | K6: kaito.aile.summon.passive.buff.taunt.skilleffect.02 | N6: =J6&"("&IF(K6="","",K6)&IF(L6="","",", "&L6)&IF(M6="","",", "&M6)&")" -> Active(kaito.aile.summon.passive.buff.taunt.skilleffect.02) | O6: 0 | P6: 0 | R6: TRUE
A7: kaito.aile.summon.passive.buff.buffeffect.01.03 | D7: 0 | E7: 1 | F7: Self | G7: Single | I7: 0 | J7: Active | K7: kaito.aile.summon.passive.buff.taunt.skilleffect.03 | N7: =J7&"("&IF(K7="","",K7)&IF(L7="","",", "&L7)&IF(M7="","",", "&M7)&")" -> Active(kaito.aile.summon.passive.buff.taunt.skilleffect.03) | O7: 0 | P7: 0 | R7: TRUE
A8: kaito.aile.summon.passive.buff.buffeffect.01.04 | D8: 0 | E8: 1 | F8: Self | G8: Single | I8: 0 | J8: Active | K8: kaito.aile.summon.passive.buff.taunt.skilleffect.04 | N8: =J8&"("&IF(K8="","",K8)&IF(L8="","",", "&L8)&IF(M8="","",", "&M8)&")" -> Active(kaito.aile.summon.passive.buff.taunt.skilleffect.04) | O8: 0 | P8: 0 | R8: TRUE
A9: kaito.aile.summon.passive.buff.buffeffect.01.05 | D9: 0 | E9: 1 | F9: Self | G9: Single | I9: 0 | J9: Active | K9: kaito.aile.summon.passive.buff.taunt.skilleffect.05 | N9: =J9&"("&IF(K9="","",K9)&IF(L9="","",", "&L9)&IF(M9="","",", "&M9)&")" -> Active(kaito.aile.summon.passive.buff.taunt.skilleffect.05) | O9: 0 | P9: 0 | R9: TRUE
A10: kaito.aile.summon.passive.buff.buffeffect.01.06 | D10: 0 | E10: 1 | F10: Self | G10: Single | I10: 0 | J10: Active | K10: kaito.aile.summon.passive.buff.taunt.skilleffect.06 | N10: =J10&"("&IF(K10="","",K10)&IF(L10="","",", "&L10)&IF(M10="","",", "&M10)&")" -> Active(kaito.aile.summon.passive.buff.taunt.skilleffect.06) | O10: 0 | P10: 0 | R10: TRUE
A11: kaito.aile.summon.passive.buff.buffeffect.02.01 | D11: 0 | E11: 1 | F11: Self | G11: Single | I11: 0 | J11: Effect | K11: OnDie | L11: kaito.aile.summon.passive.die.skilleffect.01 | N11: =J11&"("&IF(K11="","",K11)&IF(L11="","",", "&L11)&IF(M11="","",", "&M11)&")" -> Effect(OnDie, kaito.aile.summon.passive.die.skilleffect.01) | O11: 0 | P11: 0 | R11: TRUE
A12: kaito.aile.summon.passive.buff.buffeffect.02.02 | D12: 0 | E12: 1 | F12: Self | G12: Single | I12: 0 | J12: Effect | K12: OnDie | L12: kaito.aile.summon.passive.die.skilleffect.02 | N12: =J12&"("&IF(K12="","",K12)&IF(L12="","",", "&L12)&IF(M12="","",", "&M12)&")" -> Effect(OnDie, kaito.aile.summon.passive.die.skilleffect.02) | O12: 0 | P12: 0 | R12: TRUE
A13: kaito.aile.summon.passive.buff.buffeffect.02.03 | D13: 0 | E13: 1 | F13: Self | G13: Single | I13: 0 | J13: Effect | K13: OnDie | L13: kaito.aile.summon.passive.die.skilleffect.03 | N13: =J13&"("&IF(K13="","",K13)&IF(L13="","",", "&L13)&IF(M13="","",", "&M13)&")" -> Effect(OnDie, kaito.aile.summon.passive.die.skilleffect.03) | O13: 0 | P13: 0 | R13: TRUE
A14: kaito.aile.summon.passive.buff.buffeffect.02.04 | D14: 0 | E14: 1 | F14: Self | G14: Single | I14: 0 | J14: Effect | K14: OnDie | L14: kaito.aile.summon.passive.die.skilleffect.04 | N14: =J14&"("&IF(K14="","",K14)&IF(L14="","",", "&L14)&IF(M14="","",", "&M14)&")" -> Effect(OnDie, kaito.aile.summon.passive.die.skilleffect.04) | O14: 0 | P14: 0 | R14: TRUE
A15: kaito.aile.summon.passive.buff.buffeffect.02.05 | D15: 0 | E15: 1 | F15: Self | G15: Single | I15: 0 | J15: Effect | K15: OnDie | L15: kaito.aile.summon.passive.die.skilleffect.05 | N15: =J15&"("&IF(K15="","",K15)&IF(L15="","",", "&L15)&IF(M15="","",", "&M15)&")" -> Effect(OnDie, kaito.aile.summon.passive.die.skilleffect.05) | O15: 0 | P15: 0 | R15: TRUE
A16: kaito.aile.summon.passive.buff.buffeffect.02.06 | D16: 0 | E16: 1 | F16: Self | G16: Single | I16: 0 | J16: Effect | K16: OnDie | L16: kaito.aile.summon.passive.die.skilleffect.06 | N16: =J16&"("&IF(K16="","",K16)&IF(L16="","",", "&L16)&IF(M16="","",", "&M16)&")" -> Effect(OnDie, kaito.aile.summon.passive.die.skilleffect.06) | O16: 0 | P16: 0 | R16: TRUE
A17: kaito.aile.summon.passive.buff.dmg.down | D17: 0 | E17: 1 | F17: Self | G17: Single | I17: 0 | J17: Status | K17: DamageDerate | L17: 999 | N17: =J17&"("&IF(K17="","",K17)&IF(L17="","",", "&L17)&IF(M17="","",", "&M17)&")" -> Status(DamageDerate, 999) | O17: 0 | P17: 0 | R17: TRUE
A18: kaito.aile.ult.ex.buff.buffeffect | D18: 0 | E18: 1 | F18: Self | G18: Single | I18: 0 | J18: SkillEffectModifier | K18: Op | L18: =A18&".skilleffectmodifier" -> kaito.aile.ult.ex.buff.buffeffect.skilleffectmodifier | N18: =J18&"("&IF(K18="","",K18)&IF(L18="","",", "&L18)&IF(M18="","",", "&M18)&")" -> SkillEffectModifier(Op, kaito.aile.ult.ex.buff.buffeffect.skilleffectmodifier) | O18: 0 | P18: 0 | R18: FALSE
A19: kaito.aile.passive.buff.buffeffect.01 | D19: 0 | E19: 1 | F19: Self | G19: Single | I19: 0 | J19: Effect | K19: OnHitNormal | L19: kaito.aile.passive.buff.buffeffect.skilleffect.01 | N19: =J19&"("&IF(K19="","",K19)&IF(L19="","",", "&L19)&IF(M19="","",", "&M19)&")" -> Effect(OnHitNormal, kaito.aile.passive.buff.buffeffect.skilleffect.01) | O19: 0 | P19: 0 | R19: TRUE
A20: kaito.aile.passive.buff.buffeffect.02 | D20: 0 | E20: 1 | F20: Self | G20: Single | I20: 0 | J20: Effect | K20: OnHitNormal | L20: kaito.aile.passive.buff.buffeffect.skilleffect.02 | N20: =J20&"("&IF(K20="","",K20)&IF(L20="","",", "&L20)&IF(M20="","",", "&M20)&")" -> Effect(OnHitNormal, kaito.aile.passive.buff.buffeffect.skilleffect.02) | O20: 0 | P20: 0 | R20: TRUE
A21: kaito.aile.passive.buff.buffeffect.03 | D21: 0 | E21: 1 | F21: Self | G21: Single | I21: 0 | J21: Effect | K21: OnHitNormal | L21: kaito.aile.passive.buff.buffeffect.skilleffect.03 | N21: =J21&"("&IF(K21="","",K21)&IF(L21="","",", "&L21)&IF(M21="","",", "&M21)&")" -> Effect(OnHitNormal, kaito.aile.passive.buff.buffeffect.skilleffect.03) | O21: 0 | P21: 0 | R21: TRUE
A22: kaito.aile.passive.buff.buffeffect.04 | D22: 0 | E22: 1 | F22: Self | G22: Single | I22: 0 | J22: Effect | K22: OnHitNormal | L22: kaito.aile.passive.buff.buffeffect.skilleffect.04 | N22: =J22&"("&IF(K22="","",K22)&IF(L22="","",", "&L22)&IF(M22="","",", "&M22)&")" -> Effect(OnHitNormal, kaito.aile.passive.buff.buffeffect.skilleffect.04) | O22: 0 | P22: 0 | R22: TRUE
A23: kaito.aile.passive.buff.buffeffect.05 | D23: 0 | E23: 1 | F23: Self | G23: Single | I23: 0 | J23: Effect | K23: OnHitNormal | L23: kaito.aile.passive.buff.buffeffect.skilleffect.05 | N23: =J23&"("&IF(K23="","",K23)&IF(L23="","",", "&L23)&IF(M23="","",", "&M23)&")" -> Effect(OnHitNormal, kaito.aile.passive.buff.buffeffect.skilleffect.05) | O23: 0 | P23: 0 | R23: TRUE
A24: kaito.aile.passive.buff.buffeffect.06 | D24: 0 | E24: 1 | F24: Self | G24: Single | I24: 0 | J24: Effect | K24: OnHitNormal | L24: kaito.aile.passive.buff.buffeffect.skilleffect.06 | N24: =J24&"("&IF(K24="","",K24)&IF(L24="","",", "&L24)&IF(M24="","",", "&M24)&")" -> Effect(OnHitNormal, kaito.aile.passive.buff.buffeffect.skilleffect.06) | O24: 0 | P24: 0 | R24: TRUE
A25: serapulsar.ult.buff.buffeffect.01 | D25: 0 | E25: 1 | F25: Self | G25: Single | I25: 0 | J25: SkillEffectModifier | K25: Op | L25: serapulsar.ult.buff.buffeffect.modifier.01 | N25: =J25&"("&IF(K25="","",K25)&IF(L25="","",", "&L25)&IF(M25="","",", "&M25)&")" -> SkillEffectModifier(Op, serapulsar.ult.buff.buffeffect.modifier.01) | O25: 0 | P25: 0 | R25: TRUE
A26: serapulsar.ult.buff.buffeffect.02 | D26: 0 | E26: 1 | F26: Self | G26: Single | I26: 0 | J26: SkillEffectModifier | K26: Op | L26: serapulsar.ult.buff.buffeffect.modifier.02 | N26: =J26&"("&IF(K26="","",K26)&IF(L26="","",", "&L26)&IF(M26="","",", "&M26)&")" -> SkillEffectModifier(Op, serapulsar.ult.buff.buffeffect.modifier.02) | O26: 0 | P26: 0 | R26: TRUE
A27: serapulsar.ult.buff.buffeffect.03 | D27: 0 | E27: 1 | F27: Self | G27: Single | I27: 0 | J27: SkillEffectModifier | K27: Op | L27: serapulsar.ult.buff.buffeffect.modifier.03 | N27: =J27&"("&IF(K27="","",K27)&IF(L27="","",", "&L27)&IF(M27="","",", "&M27)&")" -> SkillEffectModifier(Op, serapulsar.ult.buff.buffeffect.modifier.03) | O27: 0 | P27: 0 | R27: TRUE
A28: serapulsar.ult.buff.buffeffect.04 | D28: 0 | E28: 1 | F28: Self | G28: Single | I28: 0 | J28: SkillEffectModifier | K28: Op | L28: serapulsar.ult.buff.buffeffect.modifier.04 | N28: =J28&"("&IF(K28="","",K28)&IF(L28="","",", "&L28)&IF(M28="","",", "&M28)&")" -> SkillEffectModifier(Op, serapulsar.ult.buff.buffeffect.modifier.04) | O28: 0 | P28: 0 | R28: TRUE
A29: serapulsar.ult.buff.buffeffect.05 | D29: 0 | E29: 1 | F29: Self | G29: Single | I29: 0 | J29: SkillEffectModifier | K29: Op | L29: serapulsar.ult.buff.buffeffect.modifier.05 | N29: =J29&"("&IF(K29="","",K29)&IF(L29="","",", "&L29)&IF(M29="","",", "&M29)&")" -> SkillEffectModifier(Op, serapulsar.ult.buff.buffeffect.modifier.05) | O29: 0 | P29: 0 | R29: TRUE
A30: serapulsar.ult.buff.buffeffect.06 | D30: 0 | E30: 1 | F30: Self | G30: Single | I30: 0 | J30: SkillEffectModifier | K30: Op | L30: serapulsar.ult.buff.buffeffect.modifier.06 | N30: =J30&"("&IF(K30="","",K30)&IF(L30="","",", "&L30)&IF(M30="","",", "&M30)&")" -> SkillEffectModifier(Op, serapulsar.ult.buff.buffeffect.modifier.06) | O30: 0 | P30: 0 | R30: TRUE
... A37: serapulsar.ult.act2.buff.buffeffect.06 | D37: 0 | E37: 1 | F37: Self | G37: Single | I37: 0 | J37: SkillEffectModifier | K37: Op | L37: serapulsar.ult.act2.buff.buffeffect.modifier.06 | N37: =J37&"("&IF(K37="","",K37)&IF(L37="","",", "&L37)&IF(M37="","",", "&M37)&")" -> SkillEffectModifier(Op, serapulsar.ult.act2.buff.buffeffect.modifier.06) | O37: 0 | P37: 0 | R37: TRUE
A38: serapulsar.ult.changeskill.normal | D38: 0 | E38: 1 | F38: Self | G38: Single | I38: 0 | J38: ChangeSkill | K38: Normal | N38: =J38&"("&IF(K38="","",K38)&IF(L38="","",", "&L38)&IF(M38="","",", "&M38)&")" -> ChangeSkill(Normal) | O38: 0 | P38: 0 | R38: TRUE
A39: serapulsar.ult.changeskill.skill1 | D39: 0 | E39: 1 | F39: Self | G39: Single | I39: 0 | J39: ChangeSkill | K39: Skill1 | N39: =J39&"("&IF(K39="","",K39)&IF(L39="","",", "&L39)&IF(M39="","",", "&M39)&")" -> ChangeSkill(Skill1) | O39: 0 | P39: 0 | R39: TRUE
A40: serapulsar.ult.changeskill.skill2 | D40: 0 | E40: 1 | F40: Self | G40: Single | I40: 0 | J40: ChangeSkill | K40: Skill2 | N40: =J40&"("&IF(K40="","",K40)&IF(L40="","",", "&L40)&IF(M40="","",", "&M40)&")" -> ChangeSkill(Skill2) | O40: 0 | P40: 0 | R40: TRUE
A41: serapulsar.ult.changeskill.cost.01 | D41: 0 | E41: 1 | F41: Self | G41: Single | I41: 0 | J41: Active | K41: serapulsar.ult.changeskill.cost.skilleffect.01 | N41: =J41&"("&IF(K41="","",K41)&IF(L41="","",", "&L41)&IF(M41="","",", "&M41)&")" -> Active(serapulsar.ult.changeskill.cost.skilleffect.01) | O41: 0 | P41: 500 | R41: TRUE
A42: serapulsar.ult.changeskill.cost.02 | D42: 0 | E42: 1 | F42: Self | G42: Single | I42: 0 | J42: Active | K42: serapulsar.ult.changeskill.cost.skilleffect.02 | N42: =J42&"("&IF(K42="","",K42)&IF(L42="","",", "&L42)&IF(M42="","",", "&M42)&")" -> Active(serapulsar.ult.changeskill.cost.skilleffect.02) | O42: 0 | P42: 500 | R42: TRUE
A43: serapulsar.ult.changeskill.cost.03 | D43: 0 | E43: 1 | F43: Self | G43: Single | I43: 0 | J43: Active | K43: serapulsar.ult.changeskill.cost.skilleffect.03 | N43: =J43&"("&IF(K43="","",K43)&IF(L43="","",", "&L43)&IF(M43="","",", "&M43)&")" -> Active(serapulsar.ult.changeskill.cost.skilleffect.03) | O43: 0 | P43: 500 | R43: TRUE
A44: serapulsar.ult.changeskill.cost.04 | D44: 0 | E44: 1 | F44: Self | G44: Single | I44: 0 | J44: Active | K44: serapulsar.ult.changeskill.cost.skilleffect.04 | N44: =J44&"("&IF(K44="","",K44)&IF(L44="","",", "&L44)&IF(M44="","",", "&M44)&")" -> Active(serapulsar.ult.changeskill.cost.skilleffect.04) | O44: 0 | P44: 500 | R44: TRUE
A45: serapulsar.ult.changeskill.cost.05 | D45: 0 | E45: 1 | F45: Self | G45: Single | I45: 0 | J45: Active | K45: serapulsar.ult.changeskill.cost.skilleffect.05 | N45: =J45&"("&IF(K45="","",K45)&IF(L45="","",", "&L45)&IF(M45="","",", "&M45)&")" -> Active(serapulsar.ult.changeskill.cost.skilleffect.05) | O45: 0 | P45: 500 | R45: TRUE
A46: serapulsar.ult.changeskill.cost.06 | D46: 0 | E46: 1 | F46: Self | G46: Single | I46: 0 | J46: Active | K46: serapulsar.ult.changeskill.cost.skilleffect.06 | N46: =J46&"("&IF(K46="","",K46)&IF(L46="","",", "&L46)&IF(M46="","",", "&M46)&")" -> Active(serapulsar.ult.changeskill.cost.skilleffect.06) | O46: 0 | P46: 500 | R46: TRUE
A47: serapulsar.ult.changeskill.cost.07 | D47: 0 | E47: 1 | F47: Self | G47: Single | I47: 0 | J47: Active | K47: serapulsar.ult.changeskill.cost.skilleffect.07 | N47: =J47&"("&IF(K47="","",K47)&IF(L47="","",", "&L47)&IF(M47="","",", "&M47)&")" -> Active(serapulsar.ult.changeskill.cost.skilleffect.07) | O47: 0 | P47: 500 | R47: TRUE
A48: serapulsar.ult.atk.buff.repeat.01 | D48: 0 | E48: 1 | F48: Self | G48: Single | I48: 0 | J48: Active | K48: serapulsar.ult.atk.buff.repeat.skilleffect.01 | N48: =J48&"("&IF(K48="","",K48)&IF(L48="","",", "&L48)&IF(M48="","",", "&M48)&")" -> Active(serapulsar.ult.atk.buff.repeat.skilleffect.01) | O48: 0 | P48: 1000 | R48: TRUE
A49: serapulsar.ult.atk.buff.repeat.02 | D49: 0 | E49: 1 | F49: Self | G49: Single | I49: 0 | J49: Active | K49: serapulsar.ult.atk.buff.repeat.skilleffect.02 | N49: =J49&"("&IF(K49="","",K49)&IF(L49="","",", "&L49)&IF(M49="","",", "&M49)&")" -> Active(serapulsar.ult.atk.buff.repeat.skilleffect.02) | O49: 0 | P49: 1000 | R49: TRUE
... A53: serapulsar.ult.atk.buff.repeat.06 | D53: 0 | E53: 1 | F53: Self | G53: Single | I53: 0 | J53: Active | K53: serapulsar.ult.atk.buff.repeat.skilleffect.06 | N53: =J53&"("&IF(K53="","",K53)&IF(L53="","",", "&L53)&IF(M53="","",", "&M53)&")" -> Active(serapulsar.ult.atk.buff.repeat.skilleffect.06) | O53: 0 | P53: 1000 | R53: TRUE
A54: serapulsar.ult.atk.buff.buffeffect.01 | D54: 0 | E54: 1 | F54: Self | G54: Single | I54: 0 | J54: Status | K54: AttackRatio | L54: 60 | N54: =J54&"("&IF(K54="","",K54)&IF(L54="","",", "&L54)&IF(M54="","",", "&M54)&")" -> Status(AttackRatio, 60) | O54: 0 | P54: 0 | R54: TRUE
A55: serapulsar.ult.atk.buff.buffeffect.02 | D55: 0 | E55: 1 | F55: Self | G55: Single | I55: 0 | J55: Status | K55: AttackRatio | L55: 70 | N55: =J55&"("&IF(K55="","",K55)&IF(L55="","",", "&L55)&IF(M55="","",", "&M55)&")" -> Status(AttackRatio, 70) | O55: 0 | P55: 0 | R55: TRUE
A56: serapulsar.ult.atk.buff.buffeffect.03 | D56: 0 | E56: 1 | F56: Self | G56: Single | I56: 0 | J56: Status | K56: AttackRatio | L56: 80 | N56: =J56&"("&IF(K56="","",K56)&IF(L56="","",", "&L56)&IF(M56="","",", "&M56)&")" -> Status(AttackRatio, 80) | O56: 0 | P56: 0 | R56: TRUE
A57: serapulsar.ult.atk.buff.buffeffect.04 | D57: 0 | E57: 1 | F57: Self | G57: Single | I57: 0 | J57: Status | K57: AttackRatio | L57: 100 | N57: =J57&"("&IF(K57="","",K57)&IF(L57="","",", "&L57)&IF(M57="","",", "&M57)&")" -> Status(AttackRatio, 100) | O57: 0 | P57: 0 | R57: TRUE
A58: serapulsar.ult.atk.buff.buffeffect.05 | D58: 0 | E58: 1 | F58: Self | G58: Single | I58: 0 | J58: Status | K58: AttackRatio | L58: 80 | N58: =J58&"("&IF(K58="","",K58)&IF(L58="","",", "&L58)&IF(M58="","",", "&M58)&")" -> Status(AttackRatio, 80) | O58: 0 | P58: 0 | R58: TRUE
A59: serapulsar.ult.atk.buff.buffeffect.06 | D59: 0 | E59: 1 | F59: Self | G59: Single | I59: 0 | J59: Status | K59: AttackRatio | L59: 86 | N59: =J59&"("&IF(K59="","",K59)&IF(L59="","",", "&L59)&IF(M59="","",", "&M59)&")" -> Status(AttackRatio, 86) | O59: 0 | P59: 0 | R59: TRUE
A60: serapulsar.ult.B.buff.buffeffect.01 | D60: 0 | E60: 1 | F60: Self | G60: Single | I60: 0 | J60: SkillEffectModifier | K60: Op | L60: serapulsar.ult.B.buff.buffeffect.modifier.01 | N60: =J60&"("&IF(K60="","",K60)&IF(L60="","",", "&L60)&IF(M60="","",", "&M60)&")" -> SkillEffectModifier(Op, serapulsar.ult.B.buff.buffeffect.modifier.01) | O60: 0 | P60: 0 | R60: TRUE
A61: serapulsar.ult.B.buff.buffeffect.02 | D61: 0 | E61: 1 | F61: Self | G61: Single | I61: 0 | J61: SkillEffectModifier | K61: Op | L61: serapulsar.ult.B.buff.buffeffect.modifier.02 | N61: =J61&"("&IF(K61="","",K61)&IF(L61="","",", "&L61)&IF(M61="","",", "&M61)&")" -> SkillEffectModifier(Op, serapulsar.ult.B.buff.buffeffect.modifier.02) | O61: 0 | P61: 0 | R61: TRUE
A62: serapulsar.ult.B.buff.buffeffect.03 | D62: 0 | E62: 1 | F62: Self | G62: Single | I62: 0 | J62: SkillEffectModifier | K62: Op | L62: serapulsar.ult.B.buff.buffeffect.modifier.03 | N62: =J62&"("&IF(K62="","",K62)&IF(L62="","",", "&L62)&IF(M62="","",", "&M62)&")" -> SkillEffectModifier(Op, serapulsar.ult.B.buff.buffeffect.modifier.03) | O62: 0 | P62: 0 | R62: TRUE
A63: serapulsar.ult.B.buff.buffeffect.04 | D63: 0 | E63: 1 | F63: Self | G63: Single | I63: 0 | J63: SkillEffectModifier | K63: Op | L63: serapulsar.ult.B.buff.buffeffect.modifier.04 | N63: =J63&"("&IF(K63="","",K63)&IF(L63="","",", "&L63)&IF(M63="","",", "&M63)&")" -> SkillEffectModifier(Op, serapulsar.ult.B.buff.buffeffect.modifier.04) | O63: 0 | P63: 0 | R63: TRUE
A64: serapulsar.ult.B.buff.buffeffect.05 | D64: 0 | E64: 1 | F64: Self | G64: Single | I64: 0 | J64: SkillEffectModifier | K64: Op | L64: serapulsar.ult.B.buff.buffeffect.modifier.05 | N64: =J64&"("&IF(K64="","",K64)&IF(L64="","",", "&L64)&IF(M64="","",", "&M64)&")" -> SkillEffectModifier(Op, serapulsar.ult.B.buff.buffeffect.modifier.05) | O64: 0 | P64: 0 | R64: TRUE
A65: serapulsar.ult.B.buff.buffeffect.06 | D65: 0 | E65: 1 | F65: Self | G65: Single | I65: 0 | J65: SkillEffectModifier | K65: Op | L65: serapulsar.ult.B.buff.buffeffect.modifier.06 | N65: =J65&"("&IF(K65="","",K65)&IF(L65="","",", "&L65)&IF(M65="","",", "&M65)&")" -> SkillEffectModifier(Op, serapulsar.ult.B.buff.buffeffect.modifier.06) | O65: 0 | P65: 0 | R65: TRUE
A66: serapulsar.ult.B.buff.buffeffect.07 | D66: 0 | E66: 1 | F66: Self | G66: Single | I66: 0 | J66: SkillEffectModifier | K66: Op | L66: serapulsar.ult.B.buff.buffeffect.modifier.07 | N66: =J66&"("&IF(K66="","",K66)&IF(L66="","",", "&L66)&IF(M66="","",", "&M66)&")" -> SkillEffectModifier(Op, serapulsar.ult.B.buff.buffeffect.modifier.07) | O66: 0 | P66: 0 | R66: TRUE
A67: serapulsar.ult.B.spd.buff.buffeffect | D67: 0 | E67: 1 | F67: Self | G67: Single | I67: 0 | J67: Status | K67: MoveSpeedRate | L67: 300 | N67: =J67&"("&IF(K67="","",K67)&IF(L67="","",", "&L67)&IF(M67="","",", "&M67)&")" -> Status(MoveSpeedRate, 300) | O67: 0 | P67: 0 | R67: TRUE
A68: serapulsar.ult.B.changeskill | D68: 0 | E68: 1 | F68: Self | G68: Single | I68: 0 | J68: None | N68: =J68&"("&IF(K68="","",K68)&IF(L68="","",", "&L68)&IF(M68="","",", "&M68)&")" -> None() | O68: 0 | P68: 0 | R68: TRUE
A69: serapulsar.ult.B.changeskill.cost | D69: 0 | E69: 1 | F69: Self | G69: Single | I69: 0 | J69: Active | K69: serapulsar.ult.B.changeskill.cost.skilleffect | N69: =J69&"("&IF(K69="","",K69)&IF(L69="","",", "&L69)&IF(M69="","",", "&M69)&")" -> Active(serapulsar.ult.B.changeskill.cost.skilleffect) | O69: 0 | P69: 500 | R69: TRUE
A70: serapulsar.active1.effect.event.buff.buffeffect.01 | D70: 0 | E70: 1 | F70: Self | G70: Single | I70: 0 | J70: Status | K70: AttackSpeedRate | L70: 120 | N70: =J70&"("&IF(K70="","",K70)&IF(L70="","",", "&L70)&IF(M70="","",", "&M70)&")" -> Status(AttackSpeedRate, 120) | O70: 0 | P70: 0 | R70: TRUE
A71: serapulsar.active1.effect.event.buff.buffeffect.02 | D71: 0 | E71: 1 | F71: Self | G71: Single | I71: 0 | J71: Status | K71: AttackSpeedRate | L71: 140 | N71: =J71&"("&IF(K71="","",K71)&IF(L71="","",", "&L71)&IF(M71="","",", "&M71)&")" -> Status(AttackSpeedRate, 140) | O71: 0 | P71: 0 | R71: TRUE
A72: serapulsar.active1.effect.event.buff.buffeffect.03 | D72: 0 | E72: 1 | F72: Self | G72: Single | I72: 0 | J72: Status | K72: AttackSpeedRate | L72: 160 | N72: =J72&"("&IF(K72="","",K72)&IF(L72="","",", "&L72)&IF(M72="","",", "&M72)&")" -> Status(AttackSpeedRate, 160) | O72: 0 | P72: 0 | R72: TRUE
A73: serapulsar.active1.effect.event.buff.buffeffect.04 | D73: 0 | E73: 1 | F73: Self | G73: Single | I73: 0 | J73: Status | K73: AttackSpeedRate | L73: 200 | N73: =J73&"("&IF(K73="","",K73)&IF(L73="","",", "&L73)&IF(M73="","",", "&M73)&")" -> Status(AttackSpeedRate, 200) | O73: 0 | P73: 0 | R73: TRUE
A74: serapulsar.active1.effect.event.buff.buffeffect.05 | D74: 0 | E74: 1 | F74: Self | G74: Single | I74: 0 | J74: Status | K74: AttackSpeedRate | L74: 190 | N74: =J74&"("&IF(K74="","",K74)&IF(L74="","",", "&L74)&IF(M74="","",", "&M74)&")" -> Status(AttackSpeedRate, 190) | O74: 0 | P74: 0 | R74: TRUE
A75: serapulsar.active1.effect.event.buff.buffeffect.06 | D75: 0 | E75: 1 | F75: Self | G75: Single | I75: 0 | J75: Status | K75: AttackSpeedRate | L75: 200 | N75: =J75&"("&IF(K75="","",K75)&IF(L75="","",", "&L75)&IF(M75="","",", "&M75)&")" -> Status(AttackSpeedRate, 200) | O75: 0 | P75: 0 | R75: TRUE
A76: serapulsar.passive.buff.buffeffect.01 | D76: 0 | E76: 1 | F76: Self | G76: Single | I76: 0 | J76: Effect | K76: OnHit | L76: serapulsar.passive.buff.buffeffect.skilleffect.01 | N76: =J76&"("&IF(K76="","",K76)&IF(L76="","",", "&L76)&IF(M76="","",", "&M76)&")" -> Effect(OnHit, serapulsar.passive.buff.buffeffect.skilleffect.01) | O76: 0 | P76: 0 | R76: TRUE
A77: serapulsar.passive.buff.buffeffect.02 | D77: 0 | E77: 1 | F77: Self | G77: Single | I77: 0 | J77: Effect | K77: OnHit | L77: serapulsar.passive.buff.buffeffect.skilleffect.02 | N77: =J77&"("&IF(K77="","",K77)&IF(L77="","",", "&L77)&IF(M77="","",", "&M77)&")" -> Effect(OnHit, serapulsar.passive.buff.buffeffect.skilleffect.02) | O77: 0 | P77: 0 | R77: TRUE
A78: serapulsar.passive.buff.buffeffect.03 | D78: 0 | E78: 1 | F78: Self | G78: Single | I78: 0 | J78: Effect | K78: OnHit | L78: serapulsar.passive.buff.buffeffect.skilleffect.03 | N78: =J78&"("&IF(K78="","",K78)&IF(L78="","",", "&L78)&IF(M78="","",", "&M78)&")" -> Effect(OnHit, serapulsar.passive.buff.buffeffect.skilleffect.03) | O78: 0 | P78: 0 | R78: TRUE
A79: serapulsar.passive.buff.buffeffect.04 | D79: 0 | E79: 1 | F79: Self | G79: Single | I79: 0 | J79: Effect | K79: OnHit | L79: serapulsar.passive.buff.buffeffect.skilleffect.04 | N79: =J79&"("&IF(K79="","",K79)&IF(L79="","",", "&L79)&IF(M79="","",", "&M79)&")" -> Effect(OnHit, serapulsar.passive.buff.buffeffect.skilleffect.04) | O79: 0 | P79: 0 | R79: TRUE
A80: serapulsar.passive.buff.buffeffect.05 | D80: 0 | E80: 1 | F80: Self | G80: Single | I80: 0 | J80: Effect | K80: OnHit | L80: serapulsar.passive.buff.buffeffect.skilleffect.05 | N80: =J80&"("&IF(K80="","",K80)&IF(L80="","",", "&L80)&IF(M80="","",", "&M80)&")" -> Effect(OnHit, serapulsar.passive.buff.buffeffect.skilleffect.05) | O80: 0 | P80: 0 | R80: TRUE
A81: serapulsar.passive.buff.buffeffect.06 | D81: 0 | E81: 1 | F81: Self | G81: Single | I81: 0 | J81: Effect | K81: OnHit | L81: serapulsar.passive.buff.buffeffect.skilleffect.06 | N81: =J81&"("&IF(K81="","",K81)&IF(L81="","",", "&L81)&IF(M81="","",", "&M81)&")" -> Effect(OnHit, serapulsar.passive.buff.buffeffect.skilleffect.06) | O81: 0 | P81: 0 | R81: TRUE
A82: serapulsar.passive.ex.buff.buffeffect.01 | D82: 0 | E82: 1 | F82: Self | G82: Single | I82: 0 | J82: Active | K82: serapulsar.passive.ex.buff.buffeffect.skilleffect.01 | N82: =J82&"("&IF(K82="","",K82)&IF(L82="","",", "&L82)&IF(M82="","",", "&M82)&")" -> Active(serapulsar.passive.ex.buff.buffeffect.skilleffect.01) | O82: 0 | P82: 1000 | R82: FALSE
A83: serapulsar.passive.ex.buff.buffeffect.02 | D83: 0 | E83: 1 | F83: Self | G83: Single | I83: 0 | J83: Active | K83: serapulsar.passive.ex.buff.buffeffect.skilleffect.02 | N83: =J83&"("&IF(K83="","",K83)&IF(L83="","",", "&L83)&IF(M83="","",", "&M83)&")" -> Active(serapulsar.passive.ex.buff.buffeffect.skilleffect.02) | O83: 0 | P83: 1000 | R83: FALSE
A84: serapulsar.passive.ex.buff.buffeffect.03 | D84: 0 | E84: 1 | F84: Self | G84: Single | I84: 0 | J84: Active | K84: serapulsar.passive.ex.buff.buffeffect.skilleffect.03 | N84: =J84&"("&IF(K84="","",K84)&IF(L84="","",", "&L84)&IF(M84="","",", "&M84)&")" -> Active(serapulsar.passive.ex.buff.buffeffect.skilleffect.03) | O84: 0 | P84: 1000 | R84: FALSE
A85: serapulsar.passive.ex.buff.buffeffect.04 | D85: 0 | E85: 1 | F85: Self | G85: Single | I85: 0 | J85: Active | K85: serapulsar.passive.ex.buff.buffeffect.skilleffect.04 | N85: =J85&"("&IF(K85="","",K85)&IF(L85="","",", "&L85)&IF(M85="","",", "&M85)&")" -> Active(serapulsar.passive.ex.buff.buffeffect.skilleffect.04) | O85: 0 | P85: 1000 | R85: FALSE
A86: serapulsar.passive.ex.buff.buffeffect.05 | D86: 0 | E86: 1 | F86: Self | G86: Single | I86: 0 | J86: Active | K86: serapulsar.passive.ex.buff.buffeffect.skilleffect.05 | N86: =J86&"("&IF(K86="","",K86)&IF(L86="","",", "&L86)&IF(M86="","",", "&M86)&")" -> Active(serapulsar.passive.ex.buff.buffeffect.skilleffect.05) | O86: 0 | P86: 1000 | R86: FALSE
A87: serapulsar.passive.ex.buff.buffeffect.06 | D87: 0 | E87: 1 | F87: Self | G87: Single | I87: 0 | J87: Active | K87: serapulsar.passive.ex.buff.buffeffect.skilleffect.06 | N87: =J87&"("&IF(K87="","",K87)&IF(L87="","",", "&L87)&IF(M87="","",", "&M87)&")" -> Active(serapulsar.passive.ex.buff.buffeffect.skilleffect.06) | O87: 0 | P87: 1000 | R87: FALSE
A88: iras.ult.hp.cost.buffeffect.01 | D88: 0 | E88: 1 | F88: Self | G88: Single | I88: 0 | J88: Active | K88: iras.ult.hp.cost.buffeffect.skilleffect.01 | N88: =J88&"("&IF(K88="","",K88)&IF(L88="","",", "&L88)&IF(M88="","",", "&M88)&")" -> Active(iras.ult.hp.cost.buffeffect.skilleffect.01) | O88: 0 | P88: 0 | R88: TRUE
A89: iras.ult.hp.cost.buffeffect.02 | D89: 0 | E89: 1 | F89: Self | G89: Single | I89: 0 | J89: Active | K89: iras.ult.hp.cost.buffeffect.skilleffect.02 | N89: =J89&"("&IF(K89="","",K89)&IF(L89="","",", "&L89)&IF(M89="","",", "&M89)&")" -> Active(iras.ult.hp.cost.buffeffect.skilleffect.02) | O89: 0 | P89: 0 | R89: TRUE
A90: iras.ult.hp.cost.buffeffect.03 | D90: 0 | E90: 1 | F90: Self | G90: Single | I90: 0 | J90: Active | K90: iras.ult.hp.cost.buffeffect.skilleffect.03 | N90: =J90&"("&IF(K90="","",K90)&IF(L90="","",", "&L90)&IF(M90="","",", "&M90)&")" -> Active(iras.ult.hp.cost.buffeffect.skilleffect.03) | O90: 0 | P90: 0 | R90: TRUE
A91: iras.ult.hp.cost.buffeffect.04 | D91: 0 | E91: 1 | F91: Self | G91: Single | I91: 0 | J91: Active | K91: iras.ult.hp.cost.buffeffect.skilleffect.04 | N91: =J91&"("&IF(K91="","",K91)&IF(L91="","",", "&L91)&IF(M91="","",", "&M91)&")" -> Active(iras.ult.hp.cost.buffeffect.skilleffect.04) | O91: 0 | P91: 0 | R91: TRUE
A92: iras.ult.hp.cost.buffeffect.05 | D92: 0 | E92: 1 | F92: Self | G92: Single | I92: 0 | J92: Active | K92: iras.ult.hp.cost.buffeffect.skilleffect.05 | N92: =J92&"("&IF(K92="","",K92)&IF(L92="","",", "&L92)&IF(M92="","",", "&M92)&")" -> Active(iras.ult.hp.cost.buffeffect.skilleffect.05) | O92: 0 | P92: 0 | R92: TRUE
A93: iras.ult.hp.cost.buffeffect.06 | D93: 0 | E93: 1 | F93: Self | G93: Single | I93: 0 | J93: Active | K93: iras.ult.hp.cost.buffeffect.skilleffect.06 | N93: =J93&"("&IF(K93="","",K93)&IF(L93="","",", "&L93)&IF(M93="","",", "&M93)&")" -> Active(iras.ult.hp.cost.buffeffect.skilleffect.06) | O93: 0 | P93: 0 | R93: TRUE
... A100: iras.active2.hp.cost.buffeffect.06 | D100: 0 | E100: 1 | F100: Self | G100: Single | I100: 0 | J100: Active | K100: iras.active2.hp.cost.buffeffect.skilleffect.06 | N100: =J100&"("&IF(K100="","",K100)&IF(L100="","",", "&L100)&IF(M100="","",", "&M100)&")" -> Active(iras.active2.hp.cost.buffeffect.skilleffect.06) | O100: 0 | P100: 0 | R100: TRUE
A101: iras.passive.buff.buffeffect.01 | D101: 0 | E101: 1 | F101: Self | G101: Single | I101: 0 | J101: Effect | K101: OnHit | L101: iras.passive.buff.buffeffect.skilleffect.01 | N101: =J101&"("&IF(K101="","",K101)&IF(L101="","",", "&L101)&IF(M101="","",", "&M101)&")" -> Effect(OnHit, iras.passive.buff.buffeffect.skilleffect.01) | O101: 0 | P101: 0 | R101: TRUE
A102: iras.passive.buff.buffeffect.02 | D102: 0 | E102: 1 | F102: Self | G102: Single | I102: 0 | J102: Effect | K102: OnHit | L102: iras.passive.buff.buffeffect.skilleffect.02 | N102: =J102&"("&IF(K102="","",K102)&IF(L102="","",", "&L102)&IF(M102="","",", "&M102)&")" -> Effect(OnHit, iras.passive.buff.buffeffect.skilleffect.02) | O102: 0 | P102: 0 | R102: TRUE
A103: iras.passive.buff.buffeffect.03 | D103: 0 | E103: 1 | F103: Self | G103: Single | I103: 0 | J103: Effect | K103: OnHit | L103: iras.passive.buff.buffeffect.skilleffect.03 | N103: =J103&"("&IF(K103="","",K103)&IF(L103="","",", "&L103)&IF(M103="","",", "&M103)&")" -> Effect(OnHit, iras.passive.buff.buffeffect.skilleffect.03) | O103: 0 | P103: 0 | R103: TRUE
A104: iras.passive.buff.buffeffect.04 | D104: 0 | E104: 1 | F104: Self | G104: Single | I104: 0 | J104: Effect | K104: OnHit | L104: iras.passive.buff.buffeffect.skilleffect.04 | N104: =J104&"("&IF(K104="","",K104)&IF(L104="","",", "&L104)&IF(M104="","",", "&M104)&")" -> Effect(OnHit, iras.passive.buff.buffeffect.skilleffect.04) | O104: 0 | P104: 0 | R104: TRUE
A105: iras.passive.buff.buffeffect.05 | D105: 0 | E105: 1 | F105: Self | G105: Single | I105: 0 | J105: Effect | K105: OnHit | L105: iras.passive.buff.buffeffect.skilleffect.05 | N105: =J105&"("&IF(K105="","",K105)&IF(L105="","",", "&L105)&IF(M105="","",", "&M105)&")" -> Effect(OnHit, iras.passive.buff.buffeffect.skilleffect.05) | O105: 0 | P105: 0 | R105: TRUE
A106: iras.passive.buff.buffeffect.06 | D106: 0 | E106: 1 | F106: Self | G106: Single | I106: 0 | J106: Effect | K106: OnHit | L106: iras.passive.buff.buffeffect.skilleffect.06 | N106: =J106&"("&IF(K106="","",K106)&IF(L106="","",", "&L106)&IF(M106="","",", "&M106)&")" -> Effect(OnHit, iras.passive.buff.buffeffect.skilleffect.06) | O106: 0 | P106: 0 | R106: TRUE
A107: iras.passive.shield.buff.buffeffect.01 | D107: 0 | E107: 1 | F107: Self | G107: Single | I107: 0 | J107: Shield | K107: Attack | L107: 2500 | N107: =J107&"("&IF(K107="","",K107)&IF(L107="","",", "&L107)&IF(M107="","",", "&M107)&")" -> Shield(Attack, 2500) | O107: 0 | P107: 0 | R107: TRUE
A108: iras.passive.shield.buff.buffeffect.02 | D108: 0 | E108: 1 | F108: Self | G108: Single | I108: 0 | J108: Shield | K108: Attack | L108: 3250 | N108: =J108&"("&IF(K108="","",K108)&IF(L108="","",", "&L108)&IF(M108="","",", "&M108)&")" -> Shield(Attack, 3250) | O108: 0 | P108: 0 | R108: TRUE
A109: iras.passive.shield.buff.buffeffect.03 | D109: 0 | E109: 1 | F109: Self | G109: Single | I109: 0 | J109: Shield | K109: Attack | L109: 3250 | N109: =J109&"("&IF(K109="","",K109)&IF(L109="","",", "&L109)&IF(M109="","",", "&M109)&")" -> Shield(Attack, 3250) | O109: 0 | P109: 0 | R109: TRUE
