Workbook

Sheet #번안관리인덱스
D2: 국문 버전 | E2: 18 | F2: 번안 버전 | G2: 5
B3: *240104 | C3: *번안 관리용 코멘트 신규 번안을 적용할 시 국문을 변경하지 않아도 되면 6/6 국문을 변경해야 하면 7/6

Sheet Text.Name
A1: Id | B1: Reference | C1: Tag | D1: #국문버전 | E1: #번안버전 | F1: #담당자 | G1: #Comment | H1: ko | I1: en | J1: ja | K1: zh_CN | L1: zh_TW
A2: *string | B2: string | C2: string | D2: ="#현재 버전 : "&'#번안관리인덱스'!$E$2 -> #현재 버전 : 18 | E2: ="#현재 버전 : "&'#번안관리인덱스'!$G$2 -> #현재 버전 : 5 | F2: #담당자 등록 | G2: # | H2: string | I2: string | J2: string | K2: string | L2: string
A3: client | B3: client | C3: client | D3: #국문버전 관리 | E3: #번안버전 관리 | F3: #특정 없는 경우 '공용' | G3: # | H3: client | I3: client | J3: client | K3: client | L3: client
A4: #주요캐릭터 | B4: #주요캐릭터 | C4: #주요캐릭터 | D4: #주요캐릭터 | E4: #주요캐릭터 | F4: #주요캐릭터 | G4: #주요캐릭터 | H4: #주요캐릭터 | I4: #주요캐릭터 | J4: #주요캐릭터 | K4: #주요캐릭터 | L4: #주요캐릭터
A5: Name.Character.Mother | D5: 12 | E5: 5 | H5: 마릴라이트 | I5: Marillight | J5: マリルライト | K5: 玛丽莱特 | L5: 瑪麗萊特
A6: Name.Character.Luyten | D6: 12 | E6: 5 | H6: 루이텐 | I6: Luyten | J6: ルイテン | K6: 卢伊滕 | L6: 盧伊滕
A7: Name.Character.Pollux | D7: 12 | E7: 5 | H7: 폴럭스 | I7: Pollux | J7: ポラックス | K7: 波勒克斯 | L7: 波勒克斯
A8: Name.Character.Ehrii | D8: 12 | E8: 5 | H8: 에리이 | I8: Ehrii | J8: エリィ
A9: Name.Character.dummy | D9: 12 | E9: 5 | H9: 더미 | I9: Dummy | J9: ダミー
A10: Name.Character.melissa.summon | D10: 12 | E10: 5 | F10: 04번역 제외 | H10: 분신
A11: Name.Character.lue | D11: 12 | E11: 5 | H11: 루 | I11: Lue | J11: ルー
A12: Desc.Character.lue | D12: 12 | E12: 5 | H12: 기본 등급의 디펜더
A13: Name.Character.ermeil | D13: 12 | E13: 5 | H13: 에르메일 | I13: Ermeil | J13: エルメイル
A14: Desc.Character.ermeil | D14: 12 | E14: 5 | H14: 기본 등급의 어태커
A15: Name.Character.iolet | D15: 12 | E15: 5 | H15: 이올렛 | I15: Iolet | J15: イオレット
A16: Desc.Character.iolet | D16: 12 | E16: 5 | H16: 기본 등급의 레인저
A17: Name.Character.reen | D17: 12 | E17: 5 | H17: 린 | I17: Reen | J17: リン
A18: Desc.Character.reen | D18: 12 | E18: 5 | H18: 기본 등급의 서포터
A19: Name.Character.itus | D19: 12 | E19: 5 | H19: 아이투스 | I19: Itus | J19: アイトゥース | K19: 艾托斯 | L19: 艾托斯
A20: Desc.Character.itus | D20: 12 | E20: 5 | H20: 레비아탄과 함께하는 바다의 정복자
A21: Name.Character.melissa | D21: 12 | E21: 5 | H21: 메리샤 | I21: Melissa | J21: メリッサ | K21: 梅莉莎 | L21: 梅莉莎
A22: Desc.Character.melissa | D22: 12 | E22: 5 | H22: 은밀한 취미를 즐기는 조형사 언니
A23: Name.Character.lilian | D23: 12 | E23: 5 | H23: 릴리안 | I23: Lilian | J23: リリアン | K23: 莉莉安 | L23: 莉莉安
A24: Desc.Character.lilian | D24: 12 | E24: 5 | H24: 플라즈마로 모든 것을 정화하는 성기사
A25: Name.Character.daria | D25: 12 | E25: 5 | H25: 다리아 | I25: Daria | J25: ダリア | K25: 达莉亚 | L25: 達莉亞
A26: Desc.Character.daria | D26: 12 | E26: 5 | H26: 보드게임을 좋아하는 레이리얼 실드의 전략가
A27: Name.Character.snopril | D27: 12 | E27: 5 | H27: 스노프릴 | I27: Snopril | J27: スノプリル | K27: 斯诺弗里尔 | L27: 斯諾弗里爾
A28: Desc.Character.snopril | D28: 12 | E28: 5 | H28: 눈 덮인 문명에서 찾아온 부끄럼쟁이 소녀
A29: Name.Character.anne | D29: 12 | E29: 5 | H29: 앤 | I29: Anne | J29: アン | K29: 安妮 | L29: 安妮
A30: Desc.Character.anne | D30: 12 | E30: 5 | H30: 사교무도회의 에이스인 말괄량이 아가씨
A31: Name.Character.taina | D31: 12 | E31: 5 | H31: 타이나 | I31: Taina | J31: タイナ | K31: 泰娜 | L31: 泰娜
A32: Desc.Character.taina | D32: 12 | E32: 5 | H32: 최강이 되고자 하는 오델리아 학원의 불량아
A33: Name.Character.diana | D33: 12 | E33: 5 | H33: 다이아나 | I33: Diana | J33: ダイアナ | K33: 黛安娜 | L33: 黛安娜
A34: Desc.Character.diana | D34: 12 | E34: 5 | H34: 튼튼한 몸과 전기를 이용해 모두를 지키는 방패병
A35: Name.Character.kaito.aile | D35: 12 | E35: 5 | H35: 괴도 엘 | I35: Kaito.aile | J35: 怪盗・エール | K35: 怪盗·埃尔 | L35: 怪盜·埃爾
A36: Desc.Character.kaito.aile | D36: 12 | E36: 5 | H36: 매일 밤 괴도로 암약하는 소심한 마술사
A37: Name.Character.serapulsar | D37: 12 | E37: 5 | H37: 세라펄사 | I37: Serapulsar | J37: セーラパルサ | K37: 塞拉普尔萨 | L37: 塞拉普爾薩
A38: Desc.Character.serapulsar | D38: 12 | E38: 5 | H38: 올곧은 신념을 가진 빛의 대리인
A39: Name.Character.iras | D39: 12 | E39: 5 | H39: 아이라스 | I39: Iras | J39: アイラス | K39: 艾拉斯 | L39: 艾拉斯
A40: Desc.Character.iras | D40: 12 | E40: 5 | H40: 텔레파시 해킹이 특기인 유명 스트리머
A41: Name.Character.ambrosia | D41: 12 | E41: 5 | H41: 앰브로시아 | I41: Ambrosia | J41: アンブロシア | K41: 安布罗西亚 | L41: 安布羅西亞
A42: Desc.Character.ambrosia | D42: 12 | E42: 5 | H42: 화약과 명예를 찾아 전장을 떠도는 여장군
A43: Name.Character.sia | D43: 12 | E43: 5 | H43: 시아 | I43: Sia | J43: シア | K43: 西亚 | L43: 西亞
A44: Desc.Character.sia | D44: 12 | E44: 5 | H44: 빵을 사랑하는 최강의 병약 미소녀
A45: Name.Character.mea | D45: 12 | E45: 5 | H45: 메아 | I45: Mea | J45: メア | K45: 米亚 | L45: 米亞
A46: Desc.Character.mea | D46: 12 | E46: 5 | H46: 놀라면 어두운 곳에 숨어버리는 겁쟁이 소녀
A47: Name.Character.rachel | D47: 12 | E47: 5 | H47: 레이첼 | I47: Rachel | J47: レイチェル | K47: 瑞秋 | L47: 瑞秋
A48: Desc.Character.rachel | D48: 12 | E48: 5 | H48: 바이오 바디의 한계를 극복한 무뚝뚝한 암살자
A49: Name.Character.isabella | D49: 12 | E49: 5 | H49: 이사벨라 | I49: Isabella | J49: イサベラ | K49: 伊莎贝拉 | L49: 伊莎貝拉
A50: Desc.Character.isabella | D50: 12 | E50: 5 | H50: 그림자 속의 특수부대를 이끄는 귀신 대장
A51: Name.Character.balencia | D51: 12 | E51: 5 | H51: 발렌시아 | I51: Balencia | J51: バレンシア | K51: 瓦伦西亚 | L51: 瓦倫西亞
A52: Desc.Character.balencia | D52: 12 | E52: 5 | H52: 누구에게나 친근하게 다가가는 메르헨 포병
A53: Name.Character.belita | D53: 12 | E53: 5 | H53: 벨리타 | I53: Belita | J53: ベリタ | K53: 贝丽塔 | L53: 貝麗塔
A54: Desc.Character.belita | D54: 12 | E54: 5 | H54: 절망을 집필하는 환상서가의 시인
A55: Name.Character.belebeta | D55: 12 | E55: 5 | H55: 베르베타 | I55: Belebeta | J55: ベルベッタ | K55: 贝尔贝塔 | L55: 貝爾貝塔
A56: Desc.Character.belebeta | D56: 12 | E56: 5 | H56: 에라디카를 섬기는 4차원 메이드
A57: Name.Character.arcels | D57: 12 | E57: 5 | H57: 아셀스 | I57: Arcels | J57: アセルス | K57: 阿塞尔斯 | L57: 阿塞爾斯
A58: Desc.Character.arcels | D58: 12 | E58: 5 | H58: 보물을 찾아 온 세상을 떠도는 모험가
A59: Name.Character.angelica | D59: 12 | E59: 5 | H59: 안젤리카 | I59: Angelica | J59: アンジェリカ | K59: 安杰丽卡 | L59: 安杰麗卡
A60: Desc.Character.angelica | D60: 12 | E60: 5 | H60: 정체를 숨기며 활동하는 바이하르트의 초신성
A61: Name.Character.brynhild | D61: 12 | E61: 5 | H61: 브륀힐데 | I61: Brynhild | J61: ブリンヒルデ | K61: 布伦希尔德 | L61: 布倫希爾德
A62: Desc.Character.brynhild | D62: 12 | E62: 5 | H62: 문제아 소대의 대장을 맡은 발할라의 발키리
A63: Name.Character.yuna | D63: 12 | E63: 5 | H63: 유나 | I63: Yuna | J63: ユナ | K63: 尤娜 | L63: 尤娜
A64: Desc.Character.yuna | D64: 12 | E64: 5 | H64: 더운 걸 싫어하는 고민상담부의 부장
A65: Name.Character.gray | D65: 12 | E65: 5 | H65: 그레이 | I65: Gray | J65: グレイ | K65: 格雷 | L65: 格雷
A66: Desc.Character.gray | D66: 12 | E66: 5 | H66: 언제나 소심한 외톨이 지원병
A67: Name.Character.fei | D67: 12 | E67: 5 | H67: 페이 | I67: Fei | J67: フェイ | K67: 帕伊 | L67: 帕伊
A68: Desc.Character.fei | D68: 12 | E68: 5 | H68: 마작을 좋아하는 내기 중독 창술사
A69: Name.Character.airen | D69: 12 | E69: 5 | H69: 아이렌 | I69: Airen | J69: アイレン | K69: 艾伦 | L69: 艾倫
A70: Desc.Character.airen | D70: 12 | E70: 5 | H70: 아스니아를 지키는 최강의 전투 요원
A71: Name.Character.klairs | D71: 12 | E71: 5 | H71: 클레아스 | I71: Klairs | J71: クレアス | K71: 克莱斯 | L71: 克萊斯
A72: Desc.Character.klairs | D72: 12 | E72: 5 | H72: 누구보다 규율에 엄격한 훈련 교관
A73: Name.Character.freyja | D73: 12 | E73: 5 | H73: 프레이야 | I73: Freyja | J73: フレイヤ | K73: 普雷亚 | L73: 普雷亞
A74: Desc.Character.freyja | D74: 12 | E74: 5 | H74: 우주군 함대를 이끄는 엘리트 제독
A75: Name.Character.eradica | D75: 12 | E75: 5 | H75: 에라디카 | I75: Eradica | J75: エラディカ | K75: 埃拉迪卡 | L75: 埃拉迪卡
A76: Desc.Character.eradica | D76: 12 | E76: 5 | H76: 장엄한 진리를 탐구하는 아르세즈의 최고위원장
A77: Name.Character.kanata | D77: 12 | E77: 5 | H77: 카나타 | I77: Kanata | J77: かなた | K77: 卡娜塔 | L77: 卡娜塔
A78: Desc.Character.kanata | D78: 12 | E78: 5 | H78: 시드 공학의 권위자인 ITS의 천재 과학 부장
A79: Name.Character.id | D79: 12 | E79: 5 | H79: 이드 | I79: iD | J79: イド | K79: 伊德 | L79: 伊德
A80: Desc.Character.id | D80: 12 | E80: 5 | H80: 체제에 반항하는 그래피티 아티스트
A81: Name.Character.archphase | D81: 12 | E81: 5 | H81: 아크페이즈 | I81: Archphase | J81: アークフェイズ | K81: 阿克费兹 | L81: 阿克費茲
A82: Desc.Character.archphase | D82: 12 | E82: 5 | H82: 과로에 시달리는 위상의 대리인
A83: Name.Character.shery | D83: 12 | E83: 5 | H83: 쉐리 | I83: Shery | J83: シェリー | K83: 雪莉 | L83: 雪莉
A84: Desc.Character.shery | D84: 12 | E84: 5 | H84: 싸움을 싫어하는 스팅스의 이단아
A85: Name.Character.patricia | D85: 12 | E85: 5 | H85: 패트리샤 | I85: Patricia | J85: パトリシア | K85: 帕特里夏 | L85: 帕特里夏
A86: Desc.Character.patricia | D86: 12 | E86: 5 | H86: 차가운 성격의 결벽증 얼음 공주
A87: Name.Character.renas | D87: 12 | E87: 5 | H87: 레나스 | I87: Renas | J87: レナス | K87: 莱纳斯 | L87: 萊納斯
A88: Desc.Character.renas | D88: 12 | E88: 5 | H88: 파트너 라팔과 함께 세계를 유람하는 여행자
A89: Name.Character.leila | D89: 12 | E89: 5 | H89: 라일라 | I89: Leila | J89: レイラ | K89: 莉拉 | L89: 莉拉
A90: Desc.Character.leila | D90: 12 | E90: 5 | H90: 기타 외엔 관심이 없는 바이하르트의 리더
A91: Name.Character.erica | D91: 12 | E91: 5 | H91: 에리카 | I91: Erica | J91: エリカ | K91: 艾丽卡 | L91: 艾麗卡
A92: Desc.Character.erica | D92: 12 | E92: 5 | H92: 자칭 전설의 우주 해적 레이븐의 후예
A93: Name.Character.eiko | D93: 12 | E93: 5 | H93: 에이코 | I93: Eiko | J93: エイコ | K93: 英子 | L93: 英子
A94: Desc.Character.eiko | D94: 12 | E94: 5 | H94: 화끈한 화력과 매운맛을 좋아하는 모범생
A95: Name.Character.crimson | D95: 12 | E95: 5 | H95: 크림슨 | I95: Crimson | J95: クリムゾン | K95: 克里姆森 | L95: 克里姆森
A96: Desc.Character.crimson | D96: 12 | E96: 5 | H96: 남들의 관심이 고픈 장난꾸러기 전투원
A97: Name.Character.ferrel | D97: 12 | E97: 5 | H97: 페렐 | I97: Ferrel | J97: フェレル | K97: 费雷尔 | L97: 費雷爾
A98: Desc.Character.ferrel | D98: 12 | E98: 5 | H98: 자연 속의 캠핑을 사랑하는 분위기 메이커
A99: Name.Character.ino | D99: 12 | E99: 5 | H99: 이노 | I99: Ino | J99: イノ | K99: 伊诺 | L99: 伊諾
A100: Desc.Character.ino | D100: 12 | E100: 5 | H100: 로스트 테크놀로지를 찾아 헤매는 발명가
...

Sheet Text.MainStory
A1: Id | B1: Reference | C1: Tag | D1: #국문버전 | E1: #번안버전 | F1: #담당자 | G1: #Comment | H1: ko | I1: en | J1: ja | K1: zh_CN | L1: zh_TW
A2: *string | B2: string | C2: string | D2: ="#현재 버전 : "&'#번안관리인덱스'!$E$2 -> #현재 버전 : 18 | E2: ="#현재 버전 : "&'#번안관리인덱스'!$G$2 -> #현재 버전 : 5 | F2: #담당자 등록 | G2: # | H2: string | I2: string | J2: string | K2: string | L2: string
A3: client | B3: client | C3: client | D3: #국문버전 관리 | E3: #번안버전 관리 | F3: #특정 없는 경우 '공용' | G3: # | H3: client | I3: client | J3: client | K3: client | L3: client
A4: Chapter01_title | D4: 10 | E4: 5 | F4: 김재송 | G4: 챕터1장 타이틀 제목 | H4: 가능성의 도시 아스니아 | I4: Starseed, The City of Possibilities | J4: 第1章 シード覚醒 | K4: 第1章 发现种子
A5: Chapter01_desc | D5: 10 | E5: 5 | F5: 김재송 | G5: 챕터1장 타이틀 제목 | H5: 레드시프트의 침공으로 위기에 빠진 아스니아를 구원하고 스타시드를 탈환하자. | I5: The stolen Seed must be reclaimed in order to survive. | J5: シードが発現したと\n思われるカッサンドラを追え！ | K5: 追寻可能出现种子的卡桑德拉！
A6: Chapter01_01_title | D6: 10 | E6: 5 | H6: 스타넷 다이브
A7: Chapter01_01_desc | D7: 10 | E7: 5 | H7: 리히에에게 레드시프트를 막아달라는 부탁을 받고 가상 세계 네트워크 스타넷으로 다이브한 아키텍트. 그러나 도착한 세계는 레드시프트의 아스니아 침공으로 격렬한 전투가 벌어지고 있었다. 추락한 건물의 자폭 시퀀스가 시작되어 빨리 빠져나가야 하는 상황이지만, 아키텍트는 스타시드를 회수하기로 결심한다.
A8: Chapter01_02_title | D8: 10 | E8: 5 | H8: 무너지는 연구소
A9: Chapter01_02_desc | D9: 10 | E9: 5 | H9: 스타시드를 놓고 갑자기 등장한 레드시프트 간부 카산드라와 전투를 벌이는 아이렌 일행. 그러나 노후화된 건물이 격렬한 전투의 여파를 이기지 못하고 붕괴하면서, 일행은 지하로 추락하고 만다.
A10: Chapter01_03_title | D10: 10 | E10: 5 | H10: 지상으로
A11: Chapter01_03_desc | D11: 10 | E11: 5 | H11: 지하에서 아이렌, 마나, 오로라와 합류한 아키텍트. 모두와 함께 다시 지상으로 올라가지만, 거리는 이미 레드시프트에게 점령당한 상태였다.
A12: Chapter01_04_title | D12: 10 | E12: 5 | H12: 시가지 돌파 1
A13: Chapter01_04_desc | D13: 10 | E13: 5 | H13: 레드시프트를 쓰러트린 일행은 스타시드의 힘을 이용해 능력을 강화하고, 적들에게 점령당한 시가지를 돌파해 본부로 가기로 한다.
A14: Chapter01_05_title | D14: 10 | E14: 5 | H14: 파괴된 시가지
A15: Chapter01_05_desc | D15: 10 | E15: 5 | H15: 평소 좋아하던 거리가 파괴된 모습을 보고 슬퍼하는 마나와 오로라. 그러나 언제 적들이 몰려올지 모르는 상황이었기 때문에, 아이렌과 함께 계속 본부로 이동한다.
A16: Chapter01_06_title | D16: 10 | E16: 5 | H16: 시가지 돌파 2
A17: Chapter01_06_desc | D17: 10 | E17: 5 | H17: 시가지를 돌파해 본부로 가는 길. 레드시프트를 뚫고 전진하느라 모두 기진맥진한 상태이기 때문에, 잠시 쉬어 가기로 한다.
... A63: Chapter01.5_03_desc | D63: 10 | E63: 5 | H63: 아스니아를 돌아본 이후, 아키텍트는 아이렌, 마릴라이트와 함께 초지능체 에라디카가 이끄는 세븐 테마즈의 문명인 아르세즈로 출발한다.
A64: Chapter02_title | D64: 10 | E64: 5 | H64: 예술의 도시 아르세즈 | I64: Arrival at Artcaise
A65: Chapter02_desc | D65: 10 | E65: 5 | H65: 환상서가에 도둑이 들었다! 서가의 사서 샤레를 도와 범인을 붙잡자. | I65: Solve the Mysterious Case and Earn Artcaise Citizenships
A66: Chapter02_01_title | D66: 10 | E66: 5 | H66: 그리운 꿈 1
A67: Chapter02_01_desc | D67: 10 | E67: 5 | H67: 아르세즈 환상서가의 사서 샤레는 꿈을 꾼다. 그것은 누군가의 그리운 기억. 그녀가 가장 존경하는 인물과, 누군가가 처음 만나는 순간의 광경이었다.
A68: Chapter02_02_title | D68: 10 | E68: 5 | H68: 아르세즈 입국
A69: Chapter02_02_desc | D69: 10 | E69: 5 | H69: 아르세즈에 도착한 일행은 심사관 샤레에게 입국을 거절당한다. 레드시프트의 문제를 말해도 마지노 방벽을 믿는 샤레의 태도는 변하지 않는다. 그러나 메이드 베르베타의 중재로, 일행은 정식 외교 사절이 아닌 관광객 신분으로 입국을 허가받는다.
A70: Chapter02_03_title | D70: 10 | E70: 5 | H70: 시엘관 탐방
A71: Chapter02_03_desc | D71: 10 | E71: 5 | H71: 샤레를 따라 시엘관을 둘러보는 일행. 마릴라이트는 평범한 책들과 너무나도 다른 시엘관의 서적들에 혼란스러워 한다. 그때 도서관 내부의 어디선가 폭발음이 들려오고, 일행은 사태를 파악하기 위해 샤레의 뒤를 따라 폭음의 진원지로 향한다.
A72: Chapter02_04_title | D72: 10 | E72: 5 | H72: 『내일로』 절도 사건
A73: Chapter02_04_desc | D73: 10 | E73: 5 | H73: 락카를 든 소녀에 의해 에라디카가 소중하게 여긴다는 『내일로』의 원본 서적이 탈취당하고 만다. 평소 에라디카를 존경하던 샤레는 충격을 이기지 못하고 쓰러지고, 또 다른 사서 벨리타가 한발 늦게 등장한다.
A74: Chapter02_05_title | D74: 10 | E74: 5 | H74: 범인의 흔적
A75: Chapter02_05_desc | D75: 10 | E75: 5 | H75: 쓰러진 샤레를 의무실로 옮긴 후, 일행은 범인의 정체에 대해 추리한다. 범인은 마치 유령처럼 감시 카메라에 흔적을 남기지 않고 잠입했지만, 베르베타가 바닥에 묻은 물감을 발견해서 추적할 실마리를 얻게 된다.
A76: Chapter02_06_title | D76: 10 | E76: 5 | H76: 페인트 추적
A77: Chapter02_06_desc | D77: 10 | E77: 5 | H77: 일행은 범인을 추적하기 위해 거리로 나온다. 디저트의 유혹에 빠진 마릴라이트를 데리고 범인의 흔적을 따라 뒷골목으로 향하는 일행. 그러나 흔적은 범인이 일부러 남긴 함정이었다. 막다른 골목에 다다른 일행을 드론들이 습격해온다.
... A85: Chapter02_10_desc | D85: 10 | E85: 5 | H85: 마릴라이트가 보여준 사진은 샤레가 다른 책 사이에 에라디카의 화보집을 끼워 몰래 훔쳐보고 있는 모습이었다. 절망하는 샤레에게 마릴라이트는 우호의 증표로 사진 자료를 넘겨주겠다고 말하고, 샤레는 그것을 받아들이며 우호의 증표로 일행의 정식 외교 사절로 인정해주기로 한다. 한편, 도서관에 혼자 남아있던 벨리타는 정체 불명의 상대와 통신으로 수상한 대화를 나눈다.
A86: Chapter03_title | D86: 10 | E86: 5 | H86: 품평회와 유령 소동 | I86: Let’s Become Artists!
A87: Chapter03_desc | D87: 10 | E87: 5 | H87: 아르세즈에 계속 머물기 위해서는 품평회에서 예술성을 인정받아야만 한다고? | I87: Study Art in Different Fields to Win an Award at the Printemps Fair
A88: Chapter03_01_title | D88: 10 | E88: 5 | H88: 그리운 꿈 2
A89: Chapter03_01_desc | D89: 10 | E89: 5 | H89: 아르세즈 환상서가의 사서 샤레는 꿈을 꾼다. 그것은 누군가의 그리운 기억. 그녀가 가장 존경하는 인물과, 누군가가 마지막으로 헤어지는 순간의 광경이었다. 아르세즈의 호화 호텔에서 숙박한 아키텍트 일행은 베르베타가 가져온 지나치게 비싼 숙박 요금 계산서를 받아들고 당황한다. 베르베타는 일행에게 돈을 내는 대신 품평회에 나갈 것을 제안하고, 돈이 없는 일행은 그 제안을 받아들인다.
A90: Chapter03_02_title | D90: 10 | E90: 5 | H90: 조향사 헬렌
A91: Chapter03_02_desc | D91: 10 | E91: 5 | H91: 품평회에 참가하기 전 아르세즈의 예술 문화를 체험하기 위해 밖으로 나온 일행은, 거리에서 막대를 흔들고 있는 조향사 헬렌을 발견한다. 헬렌은 최근 고민이 있다면서 일행에게 자신의 공방에 방문해줄 것을 부탁한다.
A92: Chapter03_03_title | D92: 10 | E92: 5 | H92: 유령의 냄새
A93: Chapter03_03_desc | D93: 10 | E93: 5 | H93: 공방에 방문한 일행은 헬렌과 대화를 나눈다. 그녀는 유령의 냄새를 만들어달라는 의뢰를 받고 고민하는 중이었다. 무력감과 불안이라는 키워드를 살려 바이오 바디 재생산 시설의 냄새라는 답변을 받은 헬렌은 그 답변에 만족한다.
A94: Chapter03_04_title | D94: 10 | E94: 5 | H94: 미식은 포기할 수 없어
A95: Chapter03_04_desc | D95: 10 | E95: 5 | H95: 다음 체험을 하러 가기 전, 일행은 마릴라이트의 손에 이끌려 아르세즈의 유명 맛집을 찾는다. 한창 음식을 먹으며 분석하던 마릴라이트의 앞에 주방장이 나타나 특제 디저트를 권하고, 마릴라이트는 그 제안을 받아들인다.
A96: Chapter03_05_title | D96: 10 | E96: 5 | H96: 조형사 메리샤
A97: Chapter03_05_desc | D97: 10 | E97: 5 | H97: 일행은 헬렌의 추천으로 만나게 된 조형사 메리샤에게 조수가 되고 싶다고 말한다. 메리샤는 유령의 촉감을 재현하는 의뢰에 대한 고민 때문에 부탁을 거절하지만, 아키텍트의 도움으로 실마리를 잡고 신이 나서 공방으로 돌아간다. 일행은 메리샤의 치근덕거리는 성격을 피해 자리에서 도망친다.
A98: Chapter03_06_title | D98: 10 | E98: 5 | H98: 레트로 게이머 유리지아
A99: Chapter03_06_desc | D99: 10 | E99: 5 | H99: 또 다른 체험을 위해 거리를 걷던 중 프록시안들이 모여 이전 세계의 게임을 하고 있는 모습을 발견한다. 아이렌은 게임을 복원한 유리지아에게 자신만만하게 도전하지만 순식간에 패배하고, 대신 도전한 아키텍트는 꼼수를 이용해 겨우 승리한다. 아키텍트와 유리지아는 고전 게임을 사랑하는 게이머로써 우정을 나눈다.
... A107: Chapter03_10_desc | D107: 10 | E107: 5 | H107: 마지막 순서로 참가한 아키텍트는 오늘 아르세즈에서 겪은 일을 글로 써서 제출하지만 심사위원들에게 낮은 평가를 받는다. 지나치게 수준 낮은 작품을 수상하게 여긴 심사위원들은 아키텍트가 무언가 숨기고 있을 거라고 생각하고 그래피티 아티스트에게 받은 데이터칩을 보여달라고 한다. 그러나 그 안에 들어있던 것은 유령의 데이터였다. 일행은 유령으로 인해 혼란에 빠진 품평회장을 수습하지만, 때마침 샤레가 나타나 일행을 유령 소동의 용의자로 검거한다.
A108: Chapter04_title | D108: 10 | E108: 5 | G108: 챕터 제목 | H108: 아르세즈의 가장 긴 하루 | I108: Art of Artcaise
A109: Chapter04_desc | D109: 10 | E109: 5 | G109: 챕터 설명 | H109: 아르세즈를 덮쳐오는 어두운 음모. 과연 흑막의 진정한 목적은? | I109: Stop Night Code Before They Can Endanger All of Artcaise!
A110: Chapter04_01_title | D110: 10 | E110: 5 | H110: 탐정 vs 용의자
A111: Chapter04_01_desc | D111: 10 | E111: 5 | H111: 유령 소동의 용의자로 샤레에게 연행되어 가둬진 일행. 샤레는 일행을 범인으로 단정하고 다그치지만, 베르베타는 에라디카의 말을 전달하며 일행에게 무죄를 증명할 기회를 주기로 한다.
A112: Chapter04_02_title | D112: 10 | E112: 5 | H112: 사건의 전조
A113: Chapter04_02_desc | D113: 10 | E113: 5 | H113: 풀려난 일행은 범인을 쫓기 전, 사건을 되돌아보기로 한다. 사건의 시작은 그래피티가 그려진 골목 주변에서 유령을 보았다며 발작하는 시민들이 늘어난 것이었다. 일행은 데이터칩을 건네준 그래피티 아티스트를 떠올린다.
A114: Chapter04_03_title | D114: 10 | E114: 5 | H114: 또 다른 사건?
A115: Chapter04_03_desc | D115: 10 | E115: 5 | H115: 일행은 햄버거를 먹고 있던 자유로운 그래피티 아티스트, iD를 포위하는데 성공한다. 범인을 추적해온 샤레도 등장해 iD를 체포하려 하지만, 전혀 다른 곳에서 또 다른 사건이 발생했다는 말에 허겁지겁 사라진다.
A116: Chapter04_04_title | D116: 10 | E116: 5 | H116: 진정한 원점
A117: Chapter04_04_desc | D117: 10 | E117: 5 | H117: 새로운 사건은 그동안 사건이 일어난 적 없었던 에테르넬 박물관 앞에서 벌어졌다. 일행은 범인의 정체를 두고 고민하던 중, 사건의 진정한 시작은 예술가들이 받은 유령 의뢰였다는 것을 깨닫는다.
A118: Chapter04_05_title | D118: 10 | E118: 5 | H118: 유령 의뢰의 진상 1
A119: Chapter04_05_desc | D119: 10 | E119: 5 | H119: 일행은 헬렌을 찾아가 유령 의뢰와 그 의뢰인에 대해 묻는다. 그러나 헬렌이 자료를 넘겨주려는 순간 갑자기 데이터칩이 파손되고, 일행은 샤레가 같은 실수를 반복하지 않도록 하기 위해 빠르게 메리샤를 찾아간다.
A120: Chapter04_06_title | D120: 10 | E120: 5 | H120: 유령 의뢰의 진상 2
A121: Chapter04_06_desc | D121: 10 | E121: 5 | H121: 평소 메리샤가 머무는 카페로 찾아가지만 이미 공안국 직원이 잔뜩 깔려있어 좌절하기도 잠시. 미리 몸을 빼낸 메리샤가 일행을 불러낸다. 메리샤에게 안전하게 데이터칩을 건네받고, 자료를 복원한 마릴라이트는 사건에 대한 이야기를 시작한다.
... A143: Chapter04_17_desc | D143: 10 | E143: 5 | H143: 나이트코드의 소동이 마무리된 뒤, 아키텍트는 에라디카와 단둘이 만나게 된다. 모든 사건의 흑막처럼 보였던 에라디카도 사실은 누군가를 그리워하며 예술과 진리에 대해 고민하는 평범한 프록시안일 뿐이었다. 고민하는 에라디카에게 자신만의 감상을 들려준 뒤, 아키텍트는 그녀와 작별 인사를 나눈다.
A144: #오프닝-도입부
A145: Text_Opening_Scenario2_1_001 | D145: 10 | H145: 최우선 경호 대상을 발견. 지금부터 임무 행동에 들어가겠습니다.
A146: Text_Opening_Scenario4_1_001 | D146: 10 | E146: 5 | H146: 경호 대상의 유기체 활동과 심박을 확인, 내장된 소울드라이브 확인 불가.
A147: Text_Opening_Scenario4_1_002 | D147: 10 | E147: 5 | H147: ……정말 인간님이시군요.
A148: Text_Opening_Scenario4_1_003 | D148: 10 | E148: 5 | H148: 진짜? 진짜 인간님이에요?
A149: Text_Opening_Scenario4_1_004 | D149: 10 | E149: 5 | H149: 오오…! 인간님이다…!
A150: Text_Opening_Scenario4_1_005 | D150: 10 | E150: 5 | H150: 무사하신 것 같아 다행입니다.
A151: Text_Opening_Scenario4_1_006 | D151: 10 | E151: 5 | H151: "너희는…… 누구지?"
A152: Text_Opening_Scenario4_1_007 | D152: 10 | E152: 5 | H152: 아, 죄송합니다. 아직 자기소개도 하지 않았군요.
A153: Text_Opening_Scenario4_1_008 | D153: 10 | E153: 5 | H153: 저는 아스니아 보안국 소속 프록시안, 개체 식별 호칭은 아이렌입니다.
A154: Text_Opening_Scenario4_1_009 | D154: 10 | E154: 5 | H154: 저는 마나! 리메리트에서 왔어요. 잘 부탁드려요!
A155: Text_Opening_Scenario4_1_010 | D155: 10 | E155: 5 | H155: 저도~! 오로라도 있어요!
A156: Text_Opening_Scenario4_1_011 | D156: 10 | E156: 5 | H156: 인간님의 이름은……
A157: Text_Opening_Scenario4_1_012 | D157: 10 | E157: 5 | H157: "내 이름은 [nickname]^야."
... A196: Text_Opening_Scenario4_1_051 | D196: 10 | E196: 5 | H196: 전투에 들어가겠습니다. 아키텍트 님, 지휘를 부탁드립니다!
A197: #1-1 (Text_Opening_Scenario4)변경 시 같이 변경해주세요
A198: Text_Chapter1_1_001 | D198: 10 | E198: 5 | H198: 최우선 경호 대상을 발견. 지금부터 임무 행동에 들어가겠습니다.
A199: Text_Chapter1_1_002 | D199: 10 | E199: 5 | H199: 경호 대상의 유기체 활동과 심박을 확인, 내장된 소울드라이브 확인 불가.
A200: Text_Chapter1_1_003 | D200: 10 | E200: 5 | H200: ……정말 인간님이시군요.
A201: Text_Chapter1_1_004 | D201: 10 | E201: 5 | H201: 진짜? 진짜 인간님이에요?
A202: Text_Chapter1_1_005 | D202: 10 | E202: 5 | H202: 오오…! 인간님이다…!
A203: Text_Chapter1_1_006 | D203: 10 | E203: 5 | H203: 무사하신 것 같아 다행입니다.
A204: Text_Chapter1_1_007 | D204: 10 | E204: 5 | H204: "너희는…… 누구지?"
A205: Text_Chapter1_1_008 | D205: 10 | E205: 5 | H205: 아, 죄송합니다. 아직 자기소개도 하지 않았군요.
A206: Text_Chapter1_1_009 | D206: 10 | E206: 5 | H206: 저는 아스니아 보안국 소속 프록시안, 개체 식별 호칭은 아이렌입니다.
A207: Text_Chapter1_1_010 | D207: 10 | E207: 5 | H207: 저는 마나! 리메리트에서 왔어요. 잘 부탁드려요!
A208: Text_Chapter1_1_011 | D208: 10 | E208: 5 | H208: 저도~! 오로라도 있어요!
A209: Text_Chapter1_1_012 | D209: 10 | E209: 5 | H209: 인간님의 이름은……
... A249: Text_Chapter1_1_052 | D249: 10 | E249: 5 | H249: 전투에 들어가겠습니다. 아키텍트 님, 지휘를 부탁드립니다!
A250: #1_2
A251: Text_Chapter1_2_001 | D251: 10 | E251: 5 | H251: 괜찮으십니까?
A252: Text_Chapter1_2_002 | D252: 10 | E252: 5 | H252: 부상 부위를 확인하겠습니다.
A253: Text_Chapter1_2_003 | D253: 10 | E253: 5 | H253: ……외피 손상률은 1퍼센트를 넘지 않으십니다. 활동에는 무리가 없습니다.
A254: Text_Chapter1_2_004 | D254: 10 | E254: 5 | H254: 스타시드 연구소의 지하로 관측됩니다. 아까 그 레드시프트가 쫓아올 수 있으니 한시 빨리 탈출하도록 하지요.
A255: Text_Chapter1_2_005 | D255: 10 | E255: 5 | H255: "너는 괜찮아?"
A256: Text_Chapter1_2_006 | D256: 10 | E256: 5 | H256: 질문의 의도를 모르겠습니다. 저는 인간님을 위해 제작된 경호형 프록시안입니다.
A257: Text_Chapter1_2_007 | D257: 10 | E257: 5 | H257: 경호대상이 경호원의 부상을 걱정하는 건 명백히 부자연스럽습니다.
...

Sheet Text.FacStory
A1: Id | B1: Reference | C1: Tag | D1: #국문버전 | E1: #번안버전 | F1: #담당자 | G1: #Comment | H1: ko | I1: en | J1: ja | K1: zh_CN | L1: zh_TW
A2: *string | B2: string | C2: string | D2: ="#현재 버전 : "&'#번안관리인덱스'!$E$2 -> #현재 버전 : 18 | E2: ="#현재 버전 : "&'#번안관리인덱스'!$G$2 -> #현재 버전 : 5 | F2: #담당자 등록 | G2: # | H2: string | I2: string | J2: string | K2: string | L2: string
A3: client | B3: client | C3: client | D3: #국문버전 관리 | E3: #번안버전 관리 | F3: #특정 없는 경우 '공용' | G3: # | H3: client | I3: client | J3: client | K3: client | L3: client
A4: Faction_Starseed_01 | D4: 11 | E4: 5 | G4: 세력 명칭 | H4: 보안국 | I4: National Security Bureau | J4: セキュリティ局 | K4: 安全局 | L4: 安全局
A5: Faction_Asnia_01 | D5: 11 | E5: 5 | G5: 세력 명칭 | H5: 아스니아
A6: Faction_Artsaise_00 | D6: 11 | E6: 5 | G6: 세력 명칭 | H6: 최고품평회 | I6: Critique Committee | J6: 最高品評会 | K6: 最高鉴定会 | L6: 最高鑑定會
A7: Faction_Artsaise_01 | D7: 11 | E7: 5 | G7: 세력 명칭 | H7: 순수예술과 | I7: Department of Fine Arts | J7: 純粋芸術課 | K7: 艺术系 | L7: 藝術系
A8: Faction_Artsaise_02 | D8: 11 | E8: 5 | G8: 세력 명칭 | H8: 응용예술과 | I8: Department of Applied Arts | J8: 応用芸術課 | K8: 应用艺术系 | L8: 應用藝術系
A9: Faction_Artsaise_03 | D9: 11 | E9: 5 | G9: 세력 명칭 | H9: 자유예술과 | I9: Department of Liberal Arts | J9: 自由芸術課 | K9: 自由艺术系 | L9: 自由藝術系
A10: Faction_Stings_01 | D10: 11 | E10: 5 | G10: 세력 명칭 | H10: 레이리얼 아스트라 | I10: Rayreal Astra | J10: レイリアルアストラ | K10: 雷利亚阿斯特拉 | L10: 雷利亞阿斯特拉
A11: Faction_Stings_02 | D11: 11 | E11: 5 | G11: 세력 명칭 | H11: 레이리얼 소드 | I11: Rayreal Sword | J11: レイリアルソード | K11: 雷利亚剑刃 | L11: 雷利亞劍刃
A12: Faction_Stings_03 | D12: 11 | E12: 5 | G12: 세력 명칭 | H12: 레이리얼 실드 | I12: Rayreal Shield | J12: レイリアルシールド | K12: 雷利亚护盾 | L12: 雷利亞護盾
A13: Faction_Stings_04 | D13: 11 | E13: 5 | G13: 세력 명칭 | H13: 레이리얼 알터 | I13: Rayreal Alter | J13: レイリアルアルター | K13: 雷利亚变体 | L13: 雷利亞變體
A14: Faction_Stings_05 | D14: 11 | E14: 5 | G14: 세력 명칭 | H14: 레이리얼 아스날 | I14: Rayreal Arsenal | J14: レイリアルアーセナル | K14: 雷利亚武装 | L14: 雷利亞武裝
A15: Faction_Ideolla_01 | D15: 11 | E15: 5 | G15: 세력 명칭 | H15: 물상 과학 | I15: Physical Science | J15: 物象科學 | K15: 物象科学 | L15: 物象科學
A16: Faction_Autolata_01 | D16: 11 | E16: 5 | G16: 세력 명칭 | H16: 대양의 나무 | I16: Ocean Tree | J16: 大洋の木 | K16: 海洋之树 | L16: 海洋之樹
A17: Faction_Autolata_02 | D17: 11 | E17: 5 | G17: 세력 명칭 | H17: 대지의 나무 | I17: Earth Tree | J17: 大地の木 | K17: 大地之树 | L17: 大地之樹
... A22: Faction_limerit_03 | D22: 11 | E22: 5 | G22: 세력 명칭 | H22: ITS 과학 학교 | I22: ITS Science High School | J22: ITS科学高校 | K22: ITS科学学校 | L22: ITS科學學校
A23: Faction_limerit_01_01 | D23: 11 | H23: 고민상담부
A24: Story.Faction_Asnia_01_desc | D24: 11 | E24: 5 | G24: 세력 스토리 설명 문구 | H24: 아스니아 프록시안들의 일상을 감상합니다. | I24: Starseed - Check out the daily life of Proxyans of the National Security Bureau. | J24: スターシード - セキュリティ局のプロキシアンの日常を閲覧します。 | K24: 浏览阿斯尼亚AI影姬们的日常生活。 | L24: 瀏覽阿斯尼亞AI影姬們的日常生活。
A25: Story.Faction_Artsaise_01_desc | D25: 11 | E25: 5 | G25: 세력 스토리 설명 문구 | H25: 아르세즈 - 순수예술과 프록시안들의 일상을 감상합니다. | I25: Artcaise - Check out the daily life of Proxyans from the Department of Fine Arts. | J25: アルセーズ - 純粋芸術課のプロキシアンの日常を閲覧します。 | K25: 浏览阿尔塞斯 - 艺术系AI影姬们的日常生活。 | L25: 瀏覽阿爾塞斯 - 藝術系AI影姬們的日常生活。
A26: Story.Faction_Artsaise_02_desc | D26: 11 | E26: 5 | G26: 세력 스토리 설명 문구 | H26: 아르세즈 - 응용예술과 프록시안들의 일상을 감상합니다. | I26: Artcaise - Check out the daily life of Proxyans from the Department of Applied Arts. | J26: アルセーズ - 応用芸術課のプロキシアンの日常を閲覧します。 | K26: 浏览阿尔塞斯 - 应用艺术系AI影姬们的日常生活。 | L26: 瀏覽阿爾塞斯 - 應用藝術系AI影姬們的日常生活。
A27: Story.Faction_Artsaise_03_desc | D27: 11 | E27: 5 | G27: 세력 스토리 설명 문구 | H27: 아르세즈 - 자유예술과 프록시안들의 일상을 감상합니다. | I27: Artcaise - Check out the daily life of Proxyans from the Department of Liberal Arts. | J27: アルセーズ - 自由芸術課のプロキシアンの日常を閲覧します。 | K27: 浏览阿尔塞斯 - 自由艺术系AI影姬们的日常生活。 | L27: 瀏覽阿爾塞斯 - 自由藝術系AI影姬們的日常生活。
A28: Story.Faction_Stings_01_desc | D28: 11 | E28: 5 | G28: 세력 스토리 설명 문구 | H28: 스팅스 - 레이리얼 아스트라 프록시안들의 일상을 감상합니다. | I28: Stings - Check out the daily life of Proxyans of Rayreal Astra. | J28: スティングス - レイリアルアストラのプロキシアンの日常を閲覧します。 | K28: 浏览斯廷斯 - 雷利亚阿斯特拉AI影姬们的日常生活。 | L28: 瀏覽斯廷斯 - 雷利亞阿斯特拉AI影姬們的日常生活。
A29: Story.Faction_Stings_02_desc | D29: 11 | E29: 5 | G29: 세력 스토리 설명 문구 | H29: 스팅스 - 레이리얼 소드 프록시안들의 일상을 감상합니다. | I29: Stings - Check out the daily life of Proxyans of Rayreal Sword. | J29: スティングス - レイリアルソードのプロキシアンの日常を閲覧します。 | K29: 浏览斯廷斯 - 雷利亚剑刃AI影姬们的日常生活。 | L29: 瀏覽斯廷斯 - 雷利亞劍刃AI影姬們的日常生活。
A30: Story.Faction_Stings_03_desc | D30: 11 | E30: 5 | G30: 세력 스토리 설명 문구 | H30: 스팅스 - 레이리얼 실드 프록시안들의 일상을 감상합니다. | I30: Stings - Check out the daily life of Proxyans of Rayreal Shield. | J30: スティングス - レイリアルシールドのプロキシアンの日常を閲覧します。 | K30: 浏览斯廷斯 - 雷利亚护盾AI影姬们的日常生活。 | L30: 瀏覽斯廷斯 - 雷利亞護盾AI影姬們的日常生活。
A31: Story.Faction_Stings_04_desc | D31: 11 | E31: 5 | G31: 세력 스토리 설명 문구 | H31: 스팅스 - 레이리얼 알터 프록시안들의 일상을 감상합니다. | I31: Stings - Check out the daily life of Proxyans of Rayreal Alter. | J31: スティングス - レイリアルアルターのプロキシアンの日常を閲覧します。 | K31: 浏览斯廷斯 - 雷利亚变体AI影姬们的日常生活。 | L31: 瀏覽斯廷斯 - 雷利亞變體AI影姬們的日常生活。
A32: Story.Faction_Stings_05_desc | D32: 11 | E32: 5 | G32: 세력 스토리 설명 문구 | H32: 스팅스 - 레이리얼 아스날 프록시안들의 일상을 감상합니다. | I32: Stings - Check out the daily life of Proxyans of Rayreal Arsenal. | J32: スティングス - レイリアルアーセナルのプロキシアンの日常を閲覧します。 | K32: 浏览斯廷斯 - 雷利亚武装AI影姬们的日常生活。 | L32: 瀏覽斯廷斯 - 雷利亞武裝AI影姬們的日常生活。
A33: Story.Faction_Ideolla_01_desc | D33: 11 | E33: 5 | G33: 세력 스토리 설명 문구 | H33: 이데올라 - 12 대리인 프록시안들의 일상을 감상합니다. | I33: Ideolla - Check out the daily life of the 12 Proxyan Agents. | J33: イデオラ - 12代理人のプロキシアンの日常を閲覧します。 | K33: 浏览伊迪奥拉 - 12代理人AI影姬们的日常生活。 | L33: 瀏覽伊迪奧拉 - 12代理人AI影姬們的日常生活。
A34: Story.Faction_Autolata_01_desc | D34: 11 | E34: 5 | G34: 세력 스토리 설명 문구 | H34: 오토라타 - 대양의 나무 프록시안들의 일상을 감상합니다. | I34: Autolata - Check out the daily life of Proxyans from the Ocean Tree. | J34: オートラタ - 大洋の木のプロキシアンの日常を閲覧します。 | K34: 浏览奥托拉塔 - 海洋之树AI影姬们的日常生活。 | L34: 瀏覽奧托拉塔 - 海洋之樹AI影姬們的日常生活。
A35: Story.Faction_Autolata_02_desc | D35: 11 | E35: 5 | G35: 세력 스토리 설명 문구 | H35: 오토라타 - 대지의 나무 프록시안들의 일상을 감상합니다. | I35: Autolata - Check out the daily life of Proxyans from the Earth Tree. | J35: オートラタ - 大地の木のプロキシアンの日常を閲覧します。 | K35: 浏览奥托拉塔 - 大地之树AI影姬们的日常生活。 | L35: 瀏覽奧托拉塔 - 大地之樹AI影姬們的日常生活。
... A39: Story.Faction_limerit_03_desc | D39: 11 | E39: 5 | G39: 세력 스토리 설명 문구 | H39: 리메리트 - ITS 과학 학교 프록시안들의 일상을 감상합니다. | I39: Limerit - Check out the daily life of Proxyans of ITS Science High School. | J39: リメリット - ITS科学学校のプロキシアンの日常を閲覧します。 | K39: 浏览里美里特 - ITS科学学校AI影姬们的日常生活。 | L39: 瀏覽里美里特 - ITS科學學校AI影姬們的日常生活。
A40: Story.Faction_limerit_01_01_desc | D40: 11 | H40: 리메리트 - 아키오카 고민상담부 프록시안들의 일상을 감상합니다.
A41: #순수예술과
A42: Faction_artcaise01_01_title | D42: 7 | E42: 5 | H42: 이목을 끄는 쇼핑 1
A43: Faction_artcaise01_02_title | D43: 7 | E43: 5 | H43: 이목을 끄는 쇼핑 2
A44: Faction_artcaise01_03_title | D44: 7 | E44: 5 | H44: 이목을 끄는 쇼핑 3
A45: Faction_artcaise01_04_title | D45: 7 | E45: 5 | H45: 이목을 끄는 쇼핑 4
A46: Faction_artcaise01_01_desc | D46: 7 | E46: 5 | H46: 아르세즈의 소동이 끝난 후, 초지능체인 에라디카는 의욕을 잃고 무기력하게 지내고 있었다. 그 모습을 보다 못한 베르베타는 샤레와 함께 해결법을 찾기로 한다.
A47: Faction_artcaise01_02_desc | D47: 7 | E47: 5 | H47: 샤레와 베르베타는 에라디카의 의욕을 되살리기 위해 새로 오픈한 쇼핑몰로 안내한다. 하지만 영 시원찮은 반응에 당혹해 한다. 결국 샤레는 최후의 수단으로 어떤 프록시안을 만나러 간다.
A48: Faction_artcaise01_03_desc | D48: 7 | E48: 5 | H48: 샤레가 찾아간 것은 이전 소동의 주모자 벨리타였다. 사실 벨리타는 쇼핑몰에서 노는 것에 대해서는 아르세즈 최고였던 것이다. 벨리타의 노력 덕분에 에라디카의 의욕도 조금씩 돌아온다.
A49: Faction_artcaise01_04_desc | D49: 7 | E49: 5 | H49: 쇼핑몰을 마음껏 즐기고 있던 에라디카 일행. 그러나 에라디카를 보려고 수많은 시민이 들이닥친다. 자신들 때문에 피해를 본 쇼핑몰을 위해 순수예술과 일원은 하루 동안 직원이 되기로 한다.
A50: Text_Faction_artcaise01_1_001 | D50: 8 | E50: 5 | H50: 순수예술과. 아르세즈의 수많은 예술가 중에서도 최상위 등급에 위치하는 곳.
A51: Text_Faction_artcaise01_1_002 | D51: 8 | E51: 5 | H51: 많은 권리와 특혜를 가지고 있지만, 그만큼 의무 또한 많다.
A52: Text_Faction_artcaise01_1_003 | D52: 8 | E52: 5 | H52: 특히 초지능체에 이르면 개인 시간은 없다고 봐도 좋을 것이다.
A53: Text_Faction_artcaise01_1_004 | D53: 8 | E53: 5 | H53: 그런데 지금 이 꼴은 뭔지…….
... A460: Text_Faction_artcaise01_4_093 | D460: 8 | E460: 5 | H460: 그 모습을 보며 각자 만족스러운 미소를 짓거나, 고개를 젓는 일행의 뒤로, 해가 뉘엿뉘엿 넘어가고 있었다.
A461: #고민상담부
A462: Faction_limerit01_01_title | D462: 5 | H462: 유나가 이상해!
A463: Faction_limerit01_02_title | D463: 5 | H463: 고민상담부의 잠복 수사
A464: Faction_limerit01_03_title | D464: 5 | H464: 불치의 병 이라구요?
A465: Faction_limerit01_04_title | D465: 5 | H465: 사건의 전말
A466: Faction_limerit01_01_desc | D466: 5 | H466: 최근들어 항상 바쁜 일이 있다며 먼저 돌아가버리는 유나. 며칠째 자신들과 어울리지도 않고 심지어 아이스크림을 마다하는 유나의 모습에 고민상담부는 이상함을 느끼고, 유나가 고민상담부 몰래 뭘 하는지 미행 하기로 한다.
A467: Faction_limerit01_02_desc | D467: 5 | H467: 밤 늦게 어디론가 가거나 화려해보이는 상점 앞에서 한참을 서서 뭔가를 기다리는 등 의미를 알 수 없는 행동들을 하는 유나. 고민상담부는 이런저런 추측을 해 보지만 쉽게 답이 나오지 않는다. 그 때, 아키텍트가 유나의 마지막 동선 방향에 병원이 있음을 깨닫는다.
A468: Faction_limerit01_03_desc | D468: 5 | H468: 다음 날, 어색하게 유나를 대하는 고민상담부. 어리둥절 해 진 유나는 아키텍트에게 사건의 전말을 듣게 된다. 유나가 해명을 하려던 순간, 부원들이 모두 나와 유나를 붙들고 아프지 말라고 말 하며 엉엉 울기 시작한다.
A469: Faction_limerit01_04_desc | D469: 5 | H469: 유나는 최근 단 것을 너무 많이 먹어서 살이 쪄 다이어트를 시작했다는 이야기를 한다. 유나가 죽을 병이 아니라는 사실에 이제서야 모든것이 후련해 진 고민상담부. 네 사람은 다시 한 번 서로의 우정을 확인하고 앞으로 고민이 있으면 언제든 서로에게 털어놓고 들어주자고 약속한다.
A470: Text_Faction_limerit01_1_001 | D470: 5 | H470: 아키오카 일반학교. 방과 후.
A471: Text_Faction_limerit01_1_002 | D471: 5 | H471: 고민상담부는 전술 대항전을 위한 연습 경기를 마치고 동아리실로 복귀했다.
A472: Text_Faction_limerit01_1_003 | D472: 5 | H472: 후아~ 지쳤다….
A473: Text_Faction_limerit01_1_004 | D473: 5 | H473: 모두 수고했어.
... A848: Text_Faction_limerit01_4_104 | D848: 5 | H848: [nickname]^는 속으로 눈물을 삼켰다. 이게 자업자득인 건지 의문을 가지면서.
A849: #ITS 과학부
A850: Faction_limerit02_01_title | D850: 5 | H850: 크다고 꼭 좋은 건 아니야!
A851: Faction_limerit02_02_title | D851: 5 | H851: 구조, 시작합니다!
A852: Faction_limerit02_03_title | D852: 5 | H852: 범인! 찾았다!
A853: Faction_limerit02_04_title | D853: 5 | H853: 있는 그대로가 좋아.
A854: Faction_limerit02_01_desc | D854: 5 | H854: 평화롭던 ITS에 소동이 일어났다는 보고를 받게 되는 카나타. 급하게 이노와 엘리나를 부른 카나타는 사건데 대응하기 위한 태스크포스를 만든다.
A855: Faction_limerit02_02_desc | D855: 5 | H855: 엘리나의 드론과 이노의 도구들, 카나타의 이론과 전술 아래 구조계획이 수립되고 완벽한 계획을 짠 세 사람은 구조 작업을 시작한다.
A856: Faction_limerit02_03_desc | D856: 5 | H856: 조금씩 구조물을 제거하면서 학교 내부로 돌입하는 세 사람. 드디어 사건의 원흉을 밝혀내고, 카나타는 경악하게 된다.
A857: Faction_limerit02_04_desc | D857: 5 | H857: 사건이 끝난 후, 대 활약한 카나타에게 모든 학생들이 찬사를 보내지만, 카나타에게는 아무에게도 말하지 못한 고민거리 하나가 남아있는 듯 했다.
A858: Text_Faction_limerit02_1_001 | D858: 5 | H858: 어느 날 밤. ITS 과학 학교의 출입 금지된 실험실.
A859: Text_Faction_limerit02_1_002 | D859: 5 | H859: 오랫동안 사용되지 않은 문이 삐그덕거리는 소리가 나더니, 두 명의 프록시안이 실험실 안으로 들어왔다.
A860: Text_Faction_limerit02_1_003 | D860: 5 | H860: 지, 진짜로 여기 맞아…?
A861: Text_Faction_limerit02_1_004 | D861: 5 | H861: 맞다니까. 분명 여기서 소리가 났어.
... A1184: Text_Faction_limerit02_4_094 | D1184: 5 | H1184: ITS의 문제는 해결됐지만, 카나타의 문제는 아직 끝나지 않았다.
A1185: #아스날
A1186: Faction_stings05_01_title | D1186: 5 | H1186: 아스날의 휴가
A1187: Faction_stings05_02_title | D1187: 5 | H1187: 불꽃의 서바이벌
A1188: Faction_stings05_03_title | D1188: 5 | H1188: 어둠속의 설계자
A1189: Faction_stings05_04_title | D1189: 5 | H1189: 여행은 돌아갈 때까지
A1190: Faction_stings05_01_desc | D1190: 5 | H1190: 아스날 프록시안들은 무인도로 단합대회 겸 휴양을 즐기러 왔지만, 축구를 하던 중 실수로 가져온 짐과 배를 폭파시켜버리고 만다.
A1191: Faction_stings05_02_desc | D1191: 5 | H1191: 섬에서 살아남기 위해 야영준비를 하는 아스날 프록시안들. 그레이를 제외하고는 모두 기행만 벌이던 가운데, 낚시마저 실패하자 그레이도 멘탈이 무너지고 만다.
A1192: Faction_stings05_03_desc | D1192: 5 | H1192: 그날 밤 그레이는 납치되고, 엠브로시아와 발렌시아는 고심 끝에 섬을 불태우기로 한다.
A1193: Faction_stings05_04_desc | D1193: 5 | H1193: 결국 스스로의 힘으로 구조 받을 방법을 전부 날려버린 아스날 프록시안들. 더 이상 버티기는 무리, 섬을 탈출하기 위한 새로운 아이디어를 떠올린다.
A1194: Text_Faction_stings05_1_001 | D1194: 5 | H1194: 아스니아 해안. 어느 무인도.
A1195: Text_Faction_stings05_1_002 | D1195: 5 | H1195: 제군들, 여기까지 오느라 수고 많았다!
A1196: Text_Faction_stings05_1_003 | D1196: 5 | H1196: 그럼 오늘은 모두 실컷 휴가를 즐기도록!
A1197: Text_Faction_stings05_1_004 | D1197: 5 | H1197: 바다다!!
... A1538: Text_Faction_stings05_4_089 | D1538: 5 | H1538: 하지만 그 사이에 서 있는 그레이의 입가에는, 자그마한 미소가 걸려 있었다.
A1539: #판게아
A1540: Faction_limerit03_01_title | D1540: 5 | H1540: 타이나가 인터뷰?!
A1541: Faction_limerit03_02_title | D1541: 5 | H1541: 가짜 뉴스잖아!
A1542: Faction_limerit03_03_title | D1542: 5 | H1542: 눈에는 눈
A1543: Faction_limerit03_04_title | D1543: 5 | H1543: 배로 값아준다!
A1544: Faction_limerit03_01_desc | D1544: 5 | H1544: 최근 유행하는 잡지 스프링 썬에서 타이나를 취재하고 싶다는 요청이 들어온다. 앤의 성화에 못이겨 귀찮아하면서도 인터뷰에 응하는 타이나. 그러나 막상 잡지에 실린 기사의 내용은 둘이 예상하지 못한 내용이었다.
A1545: Faction_limerit03_02_desc | D1545: 5 | H1545: 타이나를 비방하는 내용의 기사를 보고 화가 난 앤과 타이나는 편집장을 찾아가 항의한다. 그러나 편집장은 오히려 뻔뻔하게 응수하고, 앤은 편집장에게 복수할 계획을 세운다.
A1546: Faction_limerit03_03_desc | D1546: 5 | H1546: 앤은 오델리아의 학생들에게 스프링 썬과 편집장에 대한 가짜 소문을 퍼뜨리고, 분노한 편집장은 앤과 타이나에게 선전포고한다.
A1547: Faction_limerit03_04_desc | D1547: 5 | H1547: 편집장은 몰래 패트리샤와 접선해 앤과 타이나의 약점을 잡으려고 하지만, 패트리샤는 평소의 차가운 태도와 달리 친구인 둘을 걱정하고 있었다. 앤과 타이나까지 합세해 편집장에게 반성문을 받아낸다.
A1548: Text_Faction_limerit03_1_001 | D1548: 5 | H1548: 방과 후. 오델리아 판게아 팀 동아리방.
A1549: Text_Faction_limerit03_1_002 | D1549: 5 | H1549: …뭐? 그게 진짜야?!
...

Sheet Text.EventStory
A1: Id | B1: Reference | C1: Tag | D1: #국문버전 | E1: #번안버전 | F1: #담당자 | G1: #Comment | H1: ko | I1: en | J1: ja | K1: zh_CN | L1: zh_TW
A2: *string | B2: string | C2: string | D2: ="#현재 버전 : "&'#번안관리인덱스'!$E$2 -> #현재 버전 : 18 | E2: ="#현재 버전 : "&'#번안관리인덱스'!$G$2 -> #현재 버전 : 5 | F2: #담당자 등록 | G2: # | H2: string | I2: string | J2: string | K2: string | L2: string
A3: client | B3: client | C3: client | D3: #국문버전 관리 | E3: #번안버전 관리 | F3: #특정 없는 경우 '공용' | G3: # | H3: client | I3: client | J3: client | K3: client | L3: client
A4: #이벤트UI텍스트세팅용빈칸
A5: EventStory.Name.Id | D5: 5 | E5: 5 | F5: 김주상 | H5: Riot Of iD | I5: Riot Of iD | J5: Riot Of iD | K5: Riot Of iD | L5: Riot Of iD
A6: Eventstory_Id_Desc | D6: 7 | E6: 5 | F6: 성주녕 | G6: 이드 스토리 에피소드 제목 240228 텍스트 수정. | H6: 누군가 이드의 그래피티 위에 낙서를 하는 사건이 벌어지고, 분노한 이드는 범인을 붙잡기로 결심한다. 예술가로서 질 수 없지. 이드 출동이다!
A7: EventStory.Stage.Desc.Id | D7: 7 | E7: 5 | F7: 성주녕 | G7: 이벤트 스토리 | H7: 이드의 그래피티에 낙서를 한 테러범이 등장했다?! 분노한 이드는 범인을 찾기로 하고, 거기에 아키텍트와 아이렌, 유리지아, 헬렌이 함께 한다. 그러나 범인을 추적할 수록 사건은 점점 더 미궁 속으로 빠지는데……. 과연 범인의 정체는? 그리고 그 목적은? 범인을 붙잡기 위한 이드 일행의 추격전이 시작된다!
A8: EventStory.Name.Yurizia | D8: 5 | E8: 5 | F8: 성주녕 | G8: 이벤트 스토리 | H8: 레트로 게임 어드벤처!
A9: Eventstory_Yurizia_Desc | D9: 7 | E9: 5 | F9: 성주녕 | G9: 이벤트 스토리 | H9: 돈이 떨어진 유리지아는 엄청난 상금이 걸린 레트로 게임 월드의 제패를 노린다. 과연 유리지아는 GM의 보물을 얻을 수 있을까?
A10: EventStory.Stage.Desc.Yurizia | D10: 7 | E10: 5 | F10: 성주녕 | G10: 이벤트 스토리 | H10: 아키텍트는 돈이 다 떨어진 유리지아를 도와 엄청난 상금이 걸려있다는 레트로 게임 세계의 제패에 나선다. 그러나 보물을 노리는 건 그들만이 아니었다. 과연 유리지아와 아키텍트는 다른 경쟁자들을 물리치고 GM이 숨겨둔 보물을 얻을 수 있을까?
A11: EventStory.Name.Itus | D11: 7 | E11: 5 | F11: 성주녕 | G11: 이벤트 스토리 | H11: 언더워터 파라다이스
A12: Eventstory_Itus_Desc | D12: 7 | E12: 5 | F12: 성주녕 | G12: 이벤트 스토리 | H12: 멸망의 예언이 다가올 때, 용사가 나타날 것이라는 예언. 그리고 때마침 등장한 아키텍트! 아이투스와 아키텍트는 멸망의 예언을 막을 수 있을까?
A13: EventStory.Stage.Desc.Itus | D13: 7 | E13: 5 | F13: 성주녕 | G13: 이벤트 스토리 | H13: 오토라타의 대양의 나무 구역에서 조난당한 아키텍트를 발견한 아이투스. 아키텍트가 다가올 멸망의 예언으로부터 대양의 나무를 구원할 예언의 용사라는 걸 깨닫지만, 다양한 문제가 그들을 덮쳐온다. 멸망의 예언이 다가오는 일촉즉발의 상황에서 아이투스의 선택은?
A14: EventStory.Name.Sia | D14: 7 | E14: 5 | F14: 성주녕 | G14: 이벤트 스토리 | H14: 푹신푹신 캠핑 로드!
A15: Eventstory_Sia_Desc | D15: 7 | E15: 5 | F15: 성주녕 | G15: 이벤트 스토리 | H15: 캠프 학교에 참가한 시아는 새로 사귄 친구들과 함께 스탬프 랠리를 진행하며 우정에 대해 깨닫는다. 시아의 힐링 캠핑 라이프를 위한 분투기.
A16: EventStory.Stage.Desc.Sia | D16: 7 | E16: 5 | F16: 성주녕 | G16: 이벤트 스토리 | H16: 아키텍트의 권유로 리메리트 캠프 학교에 참여한 시아. 아키텍트와 함께 할 생각에 행복에 젖어 있었지만, 시아를 맞이한 건 다른 조원들이었다. 그리고 담력 시험을 틈타 그들을 노리는 수상한 그림자까지……. 과연 시아는 모두와 함께 캠프파이어를 즐길 수 있을까?
A17: EventStory.Name.Anne | D17: 5 | E17: 5 | F17: 김주상 | G17: 이벤트 스토리 | H17: 스위트 쇼킹 티타임
... A31: EventStory.Stage.Desc.Hallona | D31: 8 | E31: 5 | F31: 성주녕 | G31: 이벤트 스토리(임시) | H31: 오늘도 의욕이 없는 할로나는 레이리얼 소드의 573 소대로부터 갑작스러운 결투 모의전 신청을 받게 된다. 스팅스의 문화상 물러서면 겁쟁이 취급당할 것은 분명한 상황. 혼란스러운 결투 모의전의 날은 다가온다. 할로나는 의욕을 내서 138소대와 함께 승리를 쟁취할 수 있을까?
A32: #이드 텍스트
A33: Eventstory_id_title | D33: 5 | E33: 5 | F33: 김승곤 | G33: 이드 스토리 에피소드 제목 | H33: iD의 그래피티 대소동!
A34: Eventstory01_01_title | D34: 5 | E34: 5 | F34: 이병민 | G34: 이벤트 스토리 제목 (임시) iD 등장! (1) | H34: iD 등장!
A35: Eventstory01_02_title | D35: 5 | E35: 5 | F35: 이병민 | G35: 이벤트 스토리 제목 (임시) iD 등장! (2) | H35: 의뢰 시작!
A36: Eventstory01_03_title | D36: 5 | E36: 5 | F36: 이병민 | G36: 이벤트 스토리 제목 | H36: 의뢰비는 햄버거 6개 (1)
A37: Eventstory01_04_title | D37: 5 | E37: 5 | F37: 이병민 | G37: 이벤트 스토리 제목 | H37: 의뢰비는 햄버거 6개 (2)
A38: Eventstory01_05_title | D38: 5 | E38: 5 | F38: 이병민 | G38: 이벤트 스토리 제목 | H38: iD 선생의 그래피티 1강 (1)
A39: Eventstory01_06_title | D39: 5 | E39: 5 | F39: 이병민 | G39: 이벤트 스토리 제목 | H39: iD 선생의 그래피티 1강 (2)
A40: Eventstory01_07_title | D40: 5 | E40: 5 | F40: 이병민 | G40: 이벤트 스토리 제목 | H40: 낙서 위에 낙서 (1)
A41: Eventstory01_08_title | D41: 5 | E41: 5 | F41: 이병민 | G41: 이벤트 스토리 제목 | H41: 낙서 위에 낙서 (2)
A42: Eventstory01_09_title | D42: 5 | E42: 5 | F42: 이병민 | G42: 이벤트 스토리 제목 | H42: 낙서 위에 낙서 (3)
A43: Eventstory01_10_title | D43: 5 | E43: 5 | F43: 이병민 | G43: 이벤트 스토리 제목 | H43: 적습 (1)
A44: Eventstory01_11_title | D44: 5 | E44: 5 | F44: 이병민 | G44: 이벤트 스토리 제목 | H44: 적습 (2)
... A73: Event_Story_Id_20_desc | D73: 5 | E73: 5 | F73: 김승곤 | G73: 이드 스토리 요약 내용 | H73: 이드는 자신의 그래피티가 최고인걸 확인하지만 자신의 길이 맞는지 고뇌한다.
A74: Event_Story_01_title | D74: 5 | E74: 5 | F74: 이기백 | H74: 이드 스토리 이벤트
A75: Event_Story_01_desc | D75: 5 | E75: 5 | F75: 이기백 | H75: ID와 만난 [nickname]은 어처구니 없는 일에 휘말리고 만다
A76: Text-Event_Story_01_1 | D76: 5 | E76: 5 | F76: 이기백 | G76: 나레이션 | H76: [nickname]이 할 일 없이 아르세즈를 산책하고 있었던 평화로운 어느 한 때였다.
A77: Text-Event_Story_01_2 | D77: 5 | E77: 5 | F77: 이기백 | G77: 나레이션 | H77: [nickname]의 눈 앞에서 분양 예정 중이던 건물이 무너지기 전까지만 해도 말이다.
A78: Text-Event_Story_01_3 | D78: 5 | E78: 5 | F78: 이기백 | G78: 플레이어 | H78: 뭐, 뭐야! 놈들의 습격인가?
A79: Text-Event_Story_01_4 | D79: 5 | E79: 5 | F79: 이기백 | G79: 나레이션 | H79: 범인은 다행스럽게도, 아니 어떤 의미로는 더욱 다행스럽지 않게도, 감염체가 아니었다.
A80: Text-Event_Story_01_5 | D80: 5 | E80: 5 | F80: 이기백 | G80: ID | H80: 응?
A81: Text-Event_Story_01_6 | D81: 5 | E81: 5 | F81: 이기백 | G81: ID | H81: 이야. 오랜만이야 브로.
A82: Text-Event_Story_01_7 | D82: 5 | E82: 5 | F82: 이기백 | G82: ID | H82: 아니 실은 그런 것도 아닌가?
A83: Text-Event_Story_01_8 | D83: 5 | E83: 5 | F83: 이기백 | G83: ID | H83: 실제론 어제 쯤 본 거 같기도?
A84: Text-Event_Story_01_9 | D84: 5 | E84: 5 | F84: 이기백 | G84: 플레이어 | H84: 중요한 건 그게 아니지!
A85: Text-Event_Story_01_10 | D85: 5 | E85: 5 | F85: 이기백 | G85: ID | H85: 아, 건물이 무너진 거?
A86: Text-Event_Story_01_11 | D86: 5 | E86: 5 | F86: 이기백 | G86: ID | H86: 괜찮아. 괜찮아. 가벼운 프랭크.
A87: Text-Event_Story_01_12 | D87: 5 | E87: 5 | F87: 이기백 | G87: ID | H87: 영 위치가 내 미학적 코드와 맞지 않아서 말이지.
... A99: Eventstory_01_title | D99: 5 | E99: 5 | F99: 김주상 | G99: 이벤트 스토리 제목 | H99: iD의 그래피티 대소동
A100: Eventstory_01_desc | D100: 5 | E100: 5 | F100: 김재송 | G100: 이벤트 스토리 설명
A101: StoryScript.Text.Eventstory01_01_1.1 | D101: 5 | E101: 5 | F101: 이병민 | G101: 이드 이벤트 스트링 | H101: [nickname]^가 할 일 없이 아르세즈를 산책하고 있었던 평화로운 어느 한때였다.
A102: StoryScript.Text.Eventstory01_01_1.2 | D102: 5 | E102: 5 | F102: 이병민 | G102: 이드 이벤트 스트링 | H102: [nickname]의 눈앞에서 분양 예정 중이던 건물이 무너지기 전까지만 해도 말이다.
A103: StoryScript.Text.Eventstory01_01_1.3 | D103: 5 | E103: 5 | F103: 이병민 | G103: 이드 이벤트 스트링 | H103: 뭐, 뭐야! 레드시프트의 습격인가?
A104: StoryScript.Text.Eventstory01_01_1.4 | D104: 5 | E104: 5 | F104: 이병민 | G104: 이드 이벤트 스트링 | H104: 범인은 다행스럽게도, 아니 어떤 의미로는 더욱 다행스럽지 않게도, 레드시프트가 아니었다.
A105: StoryScript.Text.Eventstory01_01_1.5 | D105: 5 | E105: 5 | F105: 이병민 | G105: 이드 이벤트 스트링 | H105: 이야. 오랜만이야 브로.
A106: StoryScript.Text.Eventstory01_01_1.6 | D106: 5 | E106: 5 | F106: 이병민 | G106: 이드 이벤트 스트링 | H106: 실제론 어제쯤 본 거 같기도?
A107: StoryScript.Text.Eventstory01_01_1.7 | D107: 5 | E107: 5 | F107: 이병민 | G107: 이드 이벤트 스트링 | H107: 중요한 건 그게 아니지!
A108: StoryScript.Text.Eventstory01_01_1.8 | D108: 5 | E108: 5 | F108: 이병민 | G108: 이드 이벤트 스트링 | H108: 아, 건물이 무너진 거?
A109: StoryScript.Text.Eventstory01_01_1.9 | D109: 5 | E109: 5 | F109: 이병민 | G109: 이드 이벤트 스트링 | H109: 괜찮아. 괜찮아. 가벼운 프랭크.
A110: StoryScript.Text.Eventstory01_01_1.10 | D110: 5 | E110: 5 | F110: 이병민 | G110: 이드 이벤트 스트링 | H110: 영 위치가 내 미학적 코드와 맞지 않아서 말이지.
A111: StoryScript.Text.Eventstory01_01_1.11 | D111: 5 | E111: 5 | F111: 이병민 | G111: 이드 이벤트 스트링 | H111: (역시, 이 녀석이 부순 거였나!?)
A112: StoryScript.Text.Eventstory01_01_1.12 | D112: 5 | E112: 5 | F112: 이병민 | G112: 이드 이벤트 스트링 | H112: 너무 정색하지 마. 다친 사람은 없어.
... A543: Eventstory02_20_title | D543: 5 | E543: 5 | F543: 김재송 | G543: 앤 이벤트 제목 (임시) | H543: 꿈꾸는 학원생들
A544: #유리지아
A545: Event_yurizia_01_title | H545: 유리지아 퀘스트
A546: Event_yurizia_02_title | H546: 유리지아의 우울
A547: Event_yurizia_03_title | H547: 학원도시의 난입자
A548: Event_yurizia_04_title | H548: 군사문명의 도전자
A549: Event_yurizia_05_title | H549: GM의 음모
A550: Event_yurizia_06_title | H550: 보스전은 2연전
A551: Event_yurizia_07_title | H551: 궁극의 게임
A552: Event_yurizia_08_title | H552: 그랜드 챔피언
A553: Event_yurizia_01_desc | H553: 아르세즈 거리를 걷던 아키텍트는 우연히 유리지아를 만나고, 도움을 청하는 유리지아에게 붙잡힌다.
A554: Event_yurizia_02_desc | H554: 게임 제작에 모든 재산을 탕진한 유리지아는 가난에 허덕이고 있었다. 아키텍트는 그런 유리지아를 도와 엄청난 상금이 걸린 레트로 게임 월드를 제패하기로 한다. 유리지아, 아이라스와 팀을 맺은 아키텍트는 레트로 게임 세계에 다이브한다.
A555: Event_yurizia_03_desc | H555: 레트로 게임 월드에서의 첫 번째 상대는 이노와 엘리나였다. 본격적인 게이머가 아닌 상대를 얕봤던 유리지아였지만, 퀴즈 게임이 대결 종목으로 정해지면서 아슬아슬하게 승리한다.
A556: Event_yurizia_04_desc | H556: 놀이공원에서 두 번째 상대인 그레이와 발렌시아를 만나는 유리지아 일행. 자리의 불리함으로 인해 패배하는가 싶었지만, 놀이공원 기판의 문제로 상대가 주춤한 사이 역전승을 따낸다.
... A1182: Text_Event_yurizia_8_077 | H1182: 분노하는 유리지아를 바라보며, [nickname]^는 게임 머니의 현금화 방안에 대해 고민하기 시작했다.
A1183: #이드
A1184: Event_iD_01_title | H1184: iD 등장!
A1185: Event_iD_02_title | H1185: 의뢰는 햄버거 6개
A1186: Event_iD_03_title | H1186: iD 선생의 그래피티 강의
A1187: Event_iD_04_title | H1187: 낙서 위의 낙서
A1188: Event_iD_05_title | H1188: 범인 발견
A1189: Event_iD_06_title | H1189: 사건의 진상
A1190: Event_iD_07_title | H1190: 두 번째 전투
A1191: Event_iD_08_title | H1191: 잭앤슈더, 폭발과 함께 사라지다
A1192: Event_iD_09_title | H1192: iD에게 작별을!
A1193: Event_iD_01_desc | H1193: 평화롭게 아르세즈 거리를 산책하던 아키텍트는 갑자기 무너진 건물 앞에서 튀어나온 이드를 만난다.
A1194: Event_iD_02_desc | H1194: 아키텍트는 이드에게 이끌려 같이 잭앤슈더 버거로 향한다. 그곳에서 이드는 그래피티 작업을 의뢰받고 보수로 햄버거를 받는다.
A1195: Event_iD_03_desc | H1195: 이드는 그래피티를 그리며 아키텍트에게 자신의 예술에 관해 설명한다. 그래피티를 완성하고 보안 드론의 추적을 피해 헤어진 다음 날. 아키텍트의 방에 이드가 찾아와 자신의 그래피티가 훼손됐다고 하소연한다.
... A1701: Text_Event_iD_9_046 | H1701: 그러나, 그래피티 예술가의 방황과 고뇌는 오히려 이제부터 시작이라 할 것이다.
A1702: #아이투스
A1703: Event_itus_01_title | H1703: 언더 더 시
A1704: Event_itus_02_title | H1704: 심해의 정복자
A1705: Event_itus_03_title | H1705: 용사의 자격
A1706: Event_itus_04_title | H1706: 바다 속의 일상
A1707: Event_itus_05_title | H1707: 용사의 배신
A1708: Event_itus_06_title | H1708: 용사와 멸망의 예언
A1709: Event_itus_07_title | H1709: 바다의 수호자
A1710: Event_itus_01_desc | H1710: 잠수함을 타고 아이렌, 마릴라이트와 리메리트 근해를 조사하던 아키텍트는 의문의 사고에 휩쓸려 바닷속으로 빨려들어간다.
A1711: Event_itus_02_desc | H1711: 일행과 떨어진 아키텍트는 오토라타의 해저 도시에서 눈을 뜨고 아이투스를 만난다. 아이투스는 아키텍트에게 멸망의 예언과 용사에 관한 이야기를 해주고, 어디론가 데려간다.
A1712: Event_itus_03_desc | H1712: 대양의 나무 앞에 도착한 아키텍트와 아이투스. 처음에는 어리둥절하던 아키텍트였지만, 곧 스타시드의 힘을 감지하고 아이투스가 말한 용사의 자질을 보여준다.
...

Sheet Text.ConStory
A1: Id | B1: Reference | C1: Tag | D1: #국문버전 | E1: #번안버전 | F1: #담당자 | G1: #Comment | H1: ko | I1: en | J1: ja | K1: zh_CN | L1: zh_TW
A2: *string | B2: string | C2: string | D2: ="#현재 버전 : "&'#번안관리인덱스'!$E$2 -> #현재 버전 : 18 | E2: ="#현재 버전 : "&'#번안관리인덱스'!$G$2 -> #현재 버전 : 5 | F2: #담당자 등록 | G2: # | H2: string | I2: string | J2: string | K2: string | L2: string
A3: client | B3: client | C3: client | D3: #국문버전 관리 | E3: #번안버전 관리 | F3: #특정 없는 경우 '공용' | G3: # | H3: client | I3: client | J3: client | K3: client | L3: client
A4: ContentsStory_title | D4: 10 | E4: 0 | F4: 김재송 | G4: 콘텐츠 스토리 챕터 제목 | H4: 콘텐츠 스토리
A5: ContentsStory_desc | D5: 10 | E5: 0 | F5: 김재송 | G5: 콘텐츠 스토리 챕터 설명 | H5: 아스니아에서 벌어지는 여러 이야기들
A6: #아카데미 해금 대사
A7: Academy01_01_title | D7: 10 | E7: 5 | F7: 김재송 | G7: 콘텐츠 스토리 제목 | H7: 성장의 장, 아스니아 아카데미
A8: Academy01_01_desc | D8: 10 | E8: 5 | F8: 김재송 | H8: 루이텐과 폴럭스는 아키텍트에게 아스니아의 중심지 아스니아 아카데미를 소개한다. 아카데미에는 다양한 문명의 프록시안들이 시드 능력 개화를 위해 방문하고 있다고 한다.
A9: Text_Academy01_01_001 | D9: 10 | G9: 콘텐츠 스토리 | H9: 어서 오세요, 아키텍트 님.
A10: Text_Academy01_01_002 | D10: 10 | G10: 콘텐츠 스토리 | H10: 이곳은 아스니아 아카데미. 다양한 세력의 프록시안들이 모이는 아스니아의 중심지랍니다.
A11: Text_Academy01_01_003 | D11: 10 | G11: 콘텐츠 스토리 | H11: 중앙 본부가 아스니아라는 도시를 운영하기 위한 핵심 시설이라면,
A12: Text_Academy01_01_004 | D12: 10 | G12: 콘텐츠 스토리 | H12: 아카데미는 아스니아라는 문명의 방향성을 상징하는 핵심 시설이랄까요?
A13: Text_Academy01_01_005 | D13: 10 | G13: 콘텐츠 스토리 | H13: 리메리트나 아르세즈, 스팅스 등에도 교육 시설은 존재하지만,
A14: Text_Academy01_01_006 | D14: 10 | G14: 콘텐츠 스토리 | H14: 소속 문명에 상관 없이 자유롭게 교류할 수 있는 장소는 이곳이 유일해요.
A15: Text_Academy01_01_007 | D15: 10 | G15: 콘텐츠 스토리 | H15: 지금도 다양한 세력의 프록시안들이 시드 능력 개화를 위해 아카데미를 방문하고 있어요!
A16: Text_Academy01_01_008 | D16: 10 | G16: 콘텐츠 스토리 | H16: 한 문명의 교육만 받다 보면, 루이텐의 성격처럼 한쪽으로 치우치게 되기 십상이니까요.
A17: Text_Academy01_01_009 | D17: 10 | G17: 콘텐츠 스토리 | H17: 너어~!
A18: Text_Academy01_01_010 | D18: 10 | G18: 콘텐츠 스토리 | H18: 하아… 어쨌든, 아카데미에는 과학, 예술, 체육 등… 다양한 분야의 수업이 준비되어 있어요.
A19: Text_Academy01_01_011 | D19: 10 | G19: 콘텐츠 스토리 | H19: 학생들은 여러 과목을 배우면서 다른 문명의 프록시안과 교류하는 법을 알아갈 거고요.
A20: Text_Academy01_01_012 | D20: 10 | G20: 콘텐츠 스토리 | H20: 어쩌면 서로 교류하는 과정을 통해 학업에 긍정적인 시너지를 일으킬 지도 모르죠!
... A33: Text_Academy01_01_025 | D33: 10 | G33: 콘텐츠 스토리 | H33: 그 후로도 한동안, 러닝머신 위에서 루이텐의 비명이 울려 퍼졌다.
A34: #데이터 타워 해금 대사
A35: Datatower01_01_title | D35: 10 | E35: 5 | F35: 김재송 | G35: 콘텐츠 스토리 제목 | H35: 프록시안과 닮은 존재
A36: Datatower01_01_desc | D36: 10 | E36: 5 | F36: 김재송 | H36: 미믹을 생성하는 것으로 추정되는 데이터 타워가 발견된다. 당장 데이터 타워로 쳐들어가려는 루이텐을 말리던 아키텍트는 마릴라이트에게 데이터 타워의 본격적인 탐색을 부탁받는다.
A37: Text_Datatower01_01_001 | D37: 10 | G37: 콘텐츠 스토리 | H37: 폴럭스 씨! 데이터 타워로 통하는 채널은 어떻게 되었나요?
A38: Text_Datatower01_01_002 | D38: 10 | G38: 콘텐츠 스토리 | H38: 죄송합니다… 아직 찾지 못했어요.
A39: Text_Datatower01_01_003 | D39: 10 | G39: 콘텐츠 스토리 | H39: 방화벽에 대한 코드 해석은 아직인가요, 루이텐 씨?
A40: Text_Datatower01_01_004 | D40: 10 | G40: 콘텐츠 스토리 | H40: 네. 해석 완료 시간… 알 수 없습니다.
A41: Text_Datatower01_01_005 | D41: 10 | G41: 콘텐츠 스토리 | H41: 해석 속도보다 보안 알고리즘이 변경되는 주기가 더 짧아서… 이대로는 어려워요.
A42: Text_Datatower01_01_006 | D42: 10 | G42: 콘텐츠 스토리 | H42: 으갸아악! 꼭 저를 가지고 노는 것 같아요!!
A43: Text_Datatower01_01_007 | D43: 10 | G43: 콘텐츠 스토리 | H43: 고생하셨어요… 그럼 결국 그 방법밖에 없겠군요.
A44: Text_Datatower01_01_008 | D44: 10 | G44: 콘텐츠 스토리 | H44: 마침 좋은 타이밍에 오셨네요, 아키텍트 님.
A45: Text_Datatower01_01_009 | D45: 10 | G45: 콘텐츠 스토리 | H45: 아키텍트 님도 보신 적 있으시죠? 미믹이라고 불리는, 프록시안을 모방한 개체를요.
A46: Text_Datatower01_01_010 | D46: 10 | G46: 콘텐츠 스토리 | H46: 얼마 전 저희는 그 미믹을 생산하는 것으로 추정되는 시설을 발견하고, 그곳을 데이터 타워라고 명명했습니다.
A47: Text_Datatower01_01_011 | D47: 10 | G47: 콘텐츠 스토리 | H47: 하지만 외부에서 원격으로 침투하려는 시도는 계속 실패 중이었어요….
A48: Text_Datatower01_01_012 | D48: 10 | G48: 콘텐츠 스토리 | H48: 말리지 마, 폴럭스! 내가 지금 무기를 들고 가서, 녀석들 머리통을 다 날려버리겠어!!
... A66: Text_Datatower01_01_030 | D66: 10 | G66: 콘텐츠 스토리 | H66: (그럼, 나는 내 할 일을 하자.)
A67: #아레나
A68: Arena_Story01_01_title | D68: 10 | E68: 5 | F68: 김재송 | H68: 파이트 머니
A69: Arena_Story01_01_desc | D69: 10 | E69: 5 | F69: 오준혁 | H69: 끝없이 대련 신청을 해오는 프록시안들을 피해 옥상으로 도망친 아이렌은 우연히 마주친 아키텍트에게 고민을 털어놓는다. 그때 루이텐이 등장해 아이렌의 고민을 해결해 주겠다며 수상할 정도로 아레나 참여를 적극 권유한다.
A70: Text_Arena_Story01_01_001 | D70: 10 | H70: 후우…. 여긴 아무도 없는 것 같군요.
A71: Text_Arena_Story01_01_002 | D71: 10 | H71: "무슨 일 있어?"
A72: Text_Arena_Story01_01_003 | D72: 10 | H72: 앗, 아키텍트 님…!
A73: Text_Arena_Story01_01_004 | D73: 10 | H73: 죄송합니다. 아무도 없는 줄 알고 혼잣말을 한 거였는데….
A74: Text_Arena_Story01_01_005 | D74: 10 | H74: 사실, 최근 아카데미의 학생분들이 자꾸 대련을 요청해 오고 있습니다.
A75: Text_Arena_Story01_01_006 | D75: 10 | H75: 「당신이 바로 아스니아의 최종 방어선이라는 분이시군요. 실력을 한 번 보여주실 수 있으실까요.」 라거나…
A76: Text_Arena_Story01_01_007 | D76: 10 | H76: 「핫! 지겨운 수업은 이제 됐어. 거기, 너! 한 주먹한다면서 나랑 붙자!」 라거나…
A77: Text_Arena_Story01_01_008 | D77: 10 | H77: 「언니, 환상적인 프로포션을 가지고 있네. 우리 같이 휴게실로 가서 농밀한 대화를 나누지 않을래?」 라고 말하면서……
A78: Text_Arena_Story01_01_009 | D78: 10 | H78: (마지막은 뭔가 다른 것 같은데.)
A79: Text_Arena_Story01_01_010 | D79: 10 | H79: 그렇게 도전 상대가 늘어나다 보니, 저도 슬슬 감당하기 벅차지고 있었습니다.
A80: Text_Arena_Story01_01_011 | D80: 10 | H80: 그래서 다른 프록시안의 눈을 피해 쉴 수 있는 장소를 찾고 있는 중이었는데……
A81: Text_Arena_Story01_01_012 | D81: 10 | H81: 훗훗훗… 여기 계셨군요, 아이렌 님.
... A109: Text_Arena_Story01_01_040 | D109: 10 | H109: 그래도 루이텐의 필사적인 설득으로, 아레나에 참가하기로 한 [nickname]^와 아이렌이었다.
A110: #코어 분석
A111: Attributebattle01_01_title | D111: 10 | E111: 5 | F111: 오준혁 | G111: 콘텐츠 스토리 제목 | H111: 코어의 비밀
A112: Attributebattle01_01_desc | D112: 10 | E112: 5 | F112: 오준혁 | H112: 모든 프록시안은 소울 드라이브의 생성과 동시에 코어의 종류가 결정된다고 한다. 이는 아직까지 밝혀내지 못한 프록시안 탄생의 미스테리다. 아키텍트는 루이텐과 폴럭스에게 코어 능력을 강화할 수 있는 코어 분석 훈련장에 대한 설명을 듣는다.
A113: Text_Attributebattle01_01_001 | D113: 10 | H113: 아키텍트 님, 아키텍트 님!
A114: Text_Attributebattle01_01_002 | D114: 10 | H114: 모든 프록시안들은 고유한 코어를 가지고 있다는 사실을 알고 계셨나요?
A115: Text_Attributebattle01_01_003 | D115: 10 | H115: "알고 있었어."
A116: Text_Attributebattle01_01_004 | D116: 10 | H116: "모르고 있었어."
A117: Text_Attributebattle01_01_005 | D117: 10 | H117: 과연 아키텍트 님! 그래도 한 번 더 설명해 드릴게요.
A118: Text_Attributebattle01_01_006 | D118: 10 | H118: 그러셨군요. 하지만 괜찮아요. 제가 설명해 드릴 테니까!
A119: Text_Attributebattle01_01_007 | D119: 10 | H119: 코어는 모든 프록시안이 가지고 있는 고유한 특징이에요.
A120: Text_Attributebattle01_01_008 | D120: 10 | H120: 모든 프록시안은 해석, 연산, 결속, 창조, 파괴 5가지 중 하나의 코어를 가지고 있죠.
A121: Text_Attributebattle01_01_009 | D121: 10 | H121: 어째서 소울 드라이브가 생성되면서 서로 다른 코어를 가지게 되는가……
A122: Text_Attributebattle01_01_010 | D122: 10 | H122: 이건 아직 누구도 밝혀내지 못한 프록시안 탄생의 미스테리에요.
A123: Text_Attributebattle01_01_011 | D123: 10 | H123: "미스테리하네."
A124: Text_Attributebattle01_01_012 | D124: 10 | H124: 그렇죠?
... A138: Text_Attributebattle01_01_026 | D138: 10 | H138: …지금까지의 설명을 뭘로 들은 거냐앗~!
A139: #물자탐색
A140: Exprolation_Story01_01_title | D140: 10 | E140: 5 | F140: 김재송 | H140: 물자 부족 사태 | I140: Screen Time
A141: Exprolation_Story01_01_desc | D141: 10 | E141: 5 | F141: 오준혁 | H141: 아스니아 아카데미에 많은 프록시안들이 방문함에 따라, 물자의 소모량이 공급량을 뛰어넘는 상황이 발생한다. 물자를 점검하며 우려를 표하던 아이렌은 아키텍트에게 물자 공급에 대한 도움을 요청한다.
A142: Text_Exprolation_Story01_01_001 | D142: 10 | H142: 으음…. 부족해… 부족해…….
A143: Text_Exprolation_Story01_01_002 | D143: 10 | H143: 역시 부족하지~? 루이텐?
A144: Text_Exprolation_Story01_01_003 | D144: 10 | H144: "둘이 무슨 얘기 중이야?"
A145: Text_Exprolation_Story01_01_004 | D145: 10 | H145: 우왓! 아키텍트 님, 갑자기 무슨 일이세요?!
A146: Text_Exprolation_Story01_01_005 | D146: 10 | H146: 꺄악… 놀랐다구요, 정말.
A147: Text_Exprolation_Story01_01_006 | D147: 10 | H147: 별 것 아닙니다, 아키텍트 님.
A148: Text_Exprolation_Story01_01_007 | D148: 10 | H148: 레드시프트와의 싸움에 대비해 물자를 점검하고 있었습니다.
A149: Text_Exprolation_Story01_01_008 | D149: 10 | H149: 아무래도 아카데미에 프록시안 분들이 주기적으로 방문하다 보니,
A150: Text_Exprolation_Story01_01_009 | D150: 10 | H150: 현재는 보충되는 물자보다 소모되는 물자가 더 많은 상황입니다.
A151: Text_Exprolation_Story01_01_010 | D151: 10 | H151: 아직은 버틸 만하지만, 이 상태가 지속된다면 멀지 않아 고갈되겠죠.
A152: Text_Exprolation_Story01_01_011 | D152: 10 | H152: "방법은 없어?"
A153: Text_Exprolation_Story01_01_012 | D153: 10 | H153: 아! 너무 걱정하지 않으셔도 돼요, 아키텍트 님!
... A164: Text_Exprolation_Story01_01_023 | D164: 10 | H164: 아스니아의 미래를 위해. 그리고 프록시안의 미래를 위해. 고개를 끄덕이는 [nickname]^였다.
A165: #도미니언
A166: Dominion01_01_title | D166: 10 | H166: 공격은 최선의 방어!
A167: Dominion01_01_desc | D167: 10 | H167: 끊임없이 이어지는 레드시프트의 공격에 맞서 반격을 준비하는 아스니아. 아키텍트는 루이텐과 폴럭스에게 반격 작전에 대한 내용을 듣는다.
A168: Text_Dominion01_01_001 | D168: 10 | H168: 아, 아키텍트 님! 와주셨군요!
A169: Text_Dominion01_01_002 | D169: 10 | H169: 기다리고 있었답니다.
A170: Text_Dominion01_01_003 | D170: 10 | H170: "갑자기 무슨 일이야?"
A171: Text_Dominion01_01_004 | D171: 10 | H171: 그건 제가 설명해 드리겠습니다.
A172: Text_Dominion01_01_005 | D172: 10 | H172: 최근 레드시프트의 위협이 갈수록 심해지고 있습니다.
A173: Text_Dominion01_01_006 | D173: 10 | H173: 그래서 여러 문명이 힘을 합쳐 레드시프트에 대항하기 위한 계획을 수립했죠.
A174: Text_Dominion01_01_007 | D174: 10 | H174: 그것이 바로 작전명 『도미니언』.
A175: Text_Dominion01_01_008 | D175: 10 | H175: 무법지대를 관통해, 레드시프트의 영역에 직접적인 공격을 가하는 작전입니다.
A176: Text_Dominion01_01_009 | D176: 10 | H176: 레드시프트 녀석들이 아스니아에 쳐들어왔던 걸 돌려주는 거죠!
A177: Text_Dominion01_01_010 | D177: 10 | H177: 레드시프트에게도 복구의 고통을 맛보여주겠어요… 후후후….
... A198: Text_Dominion01_01_031 | D198: 10 | H198: 반짝반짝 빛나는 세 프록시안의 시선이 [nickname]에게 향하고 있었다.
A199: #보스챌린지
...

Sheet Text.AcaStory
A1: Id | B1: Reference | C1: Tag | D1: #국문버전 | E1: #번안버전 | F1: #담당자 | G1: #Comment | H1: ko | I1: en | J1: ja | K1: zh_CN | L1: zh_TW
A2: *string | B2: string | C2: string | D2: ="#현재 버전 : "&'#번안관리인덱스'!$E$2 -> #현재 버전 : 18 | E2: ="#현재 버전 : "&'#번안관리인덱스'!$G$2 -> #현재 버전 : 5 | F2: #담당자 등록 | G2: # | H2: string | I2: string | J2: string | K2: string | L2: string
A3: client | B3: client | C3: client | D3: #국문버전 관리 | E3: #번안버전 관리 | F3: #특정 없는 경우 '공용' | G3: # | H3: client | I3: client | J3: client | K3: client | L3: client
A4: Text-AcademyPrologue_1 | D4: 7 | E4: 5 | F4: 김재송 | G4: 아카데미 스토리 프롤로그 (스피카) | H4: 눈부시게 흩날리는 벚꽃 아래 | I4: It’s early spring when cherry blossoms begin to bloom.
A5: Text-AcademyPrologue_2 | D5: 7 | E5: 5 | F5: 김재송 | G5: 아카데미 스토리 프롤로그 (스피카) | H5: 반짝이는 소녀들의 이야기가 시작된다. | I5: The chapter of girls trying to bloom their 『hearts』 begins here.
A6: Text-AcademyPrologue_3 | D6: 7 | E6: 5 | F6: 김재송 | G6: 아카데미 스토리 프롤로그 (알타이르) | H6: 끝없이 펼쳐진 푸른 하늘만큼
A7: Text-AcademyPrologue_4 | D7: 7 | E7: 5 | F7: 김재송 | G7: 아카데미 스토리 프롤로그 (알타이르) | H7: 열정적인 소녀들의 이야기가 시작된다.
A8: #Text-AcademyPrologue_5 | D8: 7 | E8: 5 | F8: 김재송 | G8: 아카데미 스토리 프롤로그 (시리우스) | H8: 지평선을 물들이는 노을과 함께
A9: #Text-AcademyPrologue_6 | D9: 7 | E9: 5 | F9: 김재송 | G9: 아카데미 스토리 프롤로그 (시리우스) | H9: 찬란한 소녀들의 이야기가 시작된다.
A10: #메리샤
A11: Text_Academy_melissa_001 | D11: 5 | E11: 5 | H11: 밤새 피규어 만들 시간도 부족한데 말이야~
A12: Text_Academy_melissa_002 | D12: 5 | E12: 5 | H12: 스피카 클래스에서 초급 수업을 들으라니… 뭐, 됐어.
A13: Text_Academy_melissa_003 | D13: 5 | E13: 5 | H13: 이 합법적인 꽃밭에서 내 마음껏 즐겨 볼게~
A14: Text_Academy_melissa_004 | D14: 5 | E14: 5 | H14: ...무슨 일이 일어나도 신경쓰면 안 돼. 알겠지?
A15: Text_Academy_melissa_005 | D15: 5 | E15: 5 | H15: 후후후…
A16: Text_Academy_melissa_006 | D16: 5 | E16: 5 | H16: 진급은 했지만… 나 그냥, 스피카에 있으면 안 될까?
A17: Text_Academy_melissa_007 | D17: 5 | E17: 5 | H17: 이 클래스부터는 공부도 신경써야 한단 말이야.
A18: Text_Academy_melissa_008 | D18: 5 | E18: 5 | H18: 안 그래도 보고, 감상하고, 느껴야 할 것들이 많은데…
A19: Text_Academy_melissa_009 | D19: 5 | E19: 5 | H19: 안 돼? 체엣. 은근히 빡빡하다니까.
A20: #Text_Academy_melissa_010 | D20: 5 | E20: 5 | H20: 이제 아카데미도 최고 클래스네.
A21: #Text_Academy_melissa_011 | D21: 5 | E21: 5 | H21: 이곳 생활에도 꽤 적응해서 여유가 생길지도 모르겠어.
A22: #Text_Academy_melissa_012 | D22: 5 | E22: 5 | H22: 게다가 그간 수업으로 내 미학은 극도로 갈고 닦인 상태.
... A24: #Text_Academy_melissa_014 | D24: 5 | E24: 5 | H24: 기대해도 좋아. 한 단계 진보된 내 실력을!
A25: #릴리안
A26: Text_Academy_lilian_001 | D26: 5 | E26: 5 | H26: 이곳은 성스러운 교육의 장이지만 아쉬운 부분이 있습니다.
A27: Text_Academy_lilian_002 | D27: 5 | E27: 5 | H27: 단적으로 말하자면, 플라즈마가 부족합니다.
A28: Text_Academy_lilian_003 | D28: 5 | E28: 5 | H28: 이곳을 플라즈마로 충만하게 만들 계획을 세워야겠군요.
A29: Text_Academy_lilian_004 | D29: 5 | E29: 5 | H29: 물론 수업은 빼먹지 않을 테니, 걱정하지 않으셔도 됩니다.
A30: Text_Academy_lilian_005 | D30: 5 | E30: 5 | H30: 계획대로입니다. 진급도 순조롭군요.
A31: Text_Academy_lilian_006 | D31: 5 | E31: 5 | H31: 차근차근 수업을 받아 가면서 자연스럽게 조직에 녹아든다…
A32: Text_Academy_lilian_007 | D32: 5 | E32: 5 | H32: 그리고 최종 클래스에 다다랐을 때, 플라즈마를 폭발시키면…!
A33: Text_Academy_lilian_008 | D33: 5 | E33: 5 | H33: 모든 분들이 기적을 경험하는 것입니다!
A34: Text_Academy_lilian_009 | D34: 5 | E34: 5 | H34: 무척이나 기대됩니다! 플라즈마!!!
A35: #Text_Academy_lilian_010 | D35: 5 | E35: 5 | H35: 시리우스 클래스까지 진급했군요.
A36: #Text_Academy_lilian_011 | D36: 5 | E36: 5 | H36: 고난의 연속이었지만, 그것 또한 라인슈타인 님의 시련.
A37: #Text_Academy_lilian_012 | D37: 5 | E37: 5 | H37: 이제 이곳을 플라즈마로 물들이기만 하면 됩니다.
... A39: #Text_Academy_lilian_014 | D39: 5 | E39: 5 | H39: 참, 그 전에 먼저 밀린 숙제부터 끝내야겠군요… 후우….
A40: #다리아
A41: Text_Academy_daria_001 | D41: 5 | E41: 5 | H41: 사실, 다른 프록시안들과 함께 웃으면서 공부하는 걸 동경하고 있었습니다.
A42: Text_Academy_daria_002 | D42: 5 | E42: 5 | H42: 사관 학교의 분위기는 영 딱딱했거든요.
A43: Text_Academy_daria_003 | D43: 5 | E43: 5 | H43: 이곳에서는 학우 분들과 함께 다양한 경험을 할 수 있겠죠?
A44: Text_Academy_daria_004 | D44: 5 | E44: 5 | H44: 후훗. 기대되네요. 그럼, 잘 부탁드리겠습니다.
A45: Text_Academy_daria_005 | D45: 5 | E45: 5 | H45: 오랜만에 학과 공부를 하니, 꽤나 즐거웠습니다.
A46: Text_Academy_daria_006 | D46: 5 | E46: 5 | H46: 그 때문일까요? 무사히 진급할 수 있었습니다.
A47: Text_Academy_daria_007 | D47: 5 | E47: 5 | H47: 이 클래스에서도 분명 저에게 기대하시는 바가 있으실 겁니다.
A48: Text_Academy_daria_008 | D48: 5 | E48: 5 | H48: 전술 연구 때처럼 좋은 성과를 내도록 하겠습니다.
A49: #Text_Academy_daria_009 | D49: 5 | E49: 5 | H49: 이곳은 장기나 체스를 같이 둘 수 있는 분이 많아서 좋습니다.
A50: #Text_Academy_daria_010 | D50: 5 | E50: 5 | H50: 앗?! 학과 공부를 게을리하겠다는 이야기는 절대 아닙니다.
A51: #Text_Academy_daria_011 | D51: 5 | E51: 5 | H51: 더군다나 최상위 클래스까지 진급한 것을 생각하면…
A52: #Text_Academy_daria_012 | D52: 5 | E52: 5 | H52: 방심하지 않도록 하겠습니다.
A53: #Text_Academy_daria_013 | D53: 5 | E53: 5 | H53: 이렇게 훌륭한 커리큘럼에서 부끄러운 성과를 내면 안 되겠죠.
A54: #스노프릴
A55: Text_Academy_snopril_001 | D55: 5 | E55: 5 | H55: 여기가 아카데미… 처음 와본, 낯선 곳…
A56: Text_Academy_snopril_002 | D56: 5 | E56: 5 | H56: 모르는 것투성이인 내가 수업을 잘 들을 수 있을까…?
A57: Text_Academy_snopril_003 | D57: 5 | E57: 5 | H57: 그래도 처음 수업은 어렵지 않다고 했으니까…
A58: Text_Academy_snopril_004 | D58: 5 | E58: 5 | H58: 최선을 다해 볼게… 곁에서 지켜봐줘!
A59: Text_Academy_snopril_005 | D59: 5 | E59: 5 | H59: 있지있지, 나 그동안 수업에서 엄청 칭찬받았다?
A60: Text_Academy_snopril_006 | D60: 5 | E60: 5 | H60: 그래서 한 단계 높은 반으로 올라왔어!
A61: Text_Academy_snopril_007 | D61: 5 | E61: 5 | H61: 오늘이 바로 새로운 반의 첫 수업… 내가 잘해낼 수 있을까?
A62: Text_Academy_snopril_008 | D62: 5 | E62: 5 | H62: 으응… 아니야. 쉽게 포기하지 않을래.
A63: Text_Academy_snopril_009 | D63: 5 | E63: 5 | H63: 이 반에서도 끝까지 노력해볼 거야.
A64: #Text_Academy_snopril_010 | D64: 5 | E64: 5 | H64: 벌써 시리우스 클래스야!
A65: #Text_Academy_snopril_011 | D65: 5 | E65: 5 | H65: 첫날 무서워서 도망쳤다면 이 반까지 올라오지 못했겠지?
A66: #Text_Academy_snopril_012 | D66: 5 | E66: 5 | H66: 그때 용기를 냈던 덕분에 새로운 친구들도 잔뜩 사귀었어!
... A68: #Text_Academy_snopril_014 | D68: 5 | E68: 5 | H68: 으으… 못 기다리겠어. 바로 수업받으러 갈래! 빨리 가자, 빨리!
A69: #앤
A70: Text_Academy_anne_001 | D70: 5 | E70: 5 | H70: 흐응. 아스니아에도 이런 곳이 있구나.
A71: Text_Academy_anne_002 | D71: 5 | E71: 5 | H71: 커리큘럼은 직접 구상한 거지?
A72: Text_Academy_anne_003 | D72: 5 | E72: 5 | H72: 그런데 내가 초급 수업을 받아야 한다고 생각하는 거야?
A73: Text_Academy_anne_004 | D73: 5 | E73: 5 | H73: 으으… 자존심 상해. 내 수준을 과소평가하다니…
A74: Text_Academy_anne_005 | D74: 5 | E74: 5 | H74: 두고 봐. 순식간에 진급할 테니까.
A75: Text_Academy_anne_006 | D75: 5 | E75: 5 | H75: 자 어때, 완벽한 결과지?
A76: Text_Academy_anne_007 | D76: 5 | E76: 5 | H76: 말한 대로 눈 깜짝할 사이 진급했어.
A77: Text_Academy_anne_008 | D77: 5 | E77: 5 | H77: 설마… 내가 낙제하길 바란 건 아니겠지?
A78: Text_Academy_anne_009 | D78: 5 | E78: 5 | H78: 당연하지. 오델리아에 비교하면 이 정도는 여유롭다고.
A79: Text_Academy_anne_010 | D79: 5 | E79: 5 | H79: 이 기세라면 최상위 클래스도 문제 없겠는걸? 후훗.
A80: #Text_Academy_anne_011 | D80: 5 | E80: 5 | H80: 후훗. 놀랐어? 내가 시리우스까지 온 게?
A81: #Text_Academy_anne_012 | D81: 5 | E81: 5 | H81: 이 정도면 증명이 되었을까?
... A84: #Text_Academy_anne_015 | D84: 5 | E84: 5 | H84: 여기서도 우수한 성적을 받아서, 반드시 인정하게 할 거니까!
A85: #타이나
A86: Text_Academy_taina_001 | D86: 5 | E86: 5 | H86: 여기 오면 맘껏 날뛰게 해준다며. 이제 와서 공부를 하라고?
A87: Text_Academy_taina_002 | D87: 5 | E87: 5 | H87: 지금 나 놀리는 거지?
A88: Text_Academy_taina_003 | D88: 5 | E88: 5 | H88: 후우. 됐어. 화내 봤자 내 손해지.
A89: Text_Academy_taina_004 | D89: 5 | E89: 5 | H89: 수업은 나갈게. 대신 부술 것도 준비해 놔.
A90: Text_Academy_taina_005 | D90: 5 | E90: 5 | H90: 샌드백 같은 거라든지.
A91: Text_Academy_taina_006 | D91: 5 | E91: 5 | H91: 아~ 스트레스 받아!
A92: Text_Academy_taina_007 | D92: 5 | E92: 5 | H92: 수업을 다 들었더니, 뭐어? 다음 단계의 수업?
A93: Text_Academy_taina_008 | D93: 5 | E93: 5 | H93: 나한테 시비거는 거지, 맞지?
A94: Text_Academy_taina_009 | D94: 5 | E94: 5 | H94: 이걸로 안 끝내기만 해봐. 교실을 쑥대밭으로 만들어 버리겠어.
A95: #Text_Academy_taina_010 | D95: 5 | E95: 5 | H95: 젠장… 난 원래 이렇게 성실한 학생이 아니었다구…
A96: #Text_Academy_taina_011 | D96: 5 | E96: 5 | H96: 시리우스 클래스까지 진급을 시키다니…
A97: #Text_Academy_taina_012 | D97: 5 | E97: 5 | H97: 너희들도 참 귀찮은 일만 만드네.
... A99: #Text_Academy_taina_014 | D99: 5 | E99: 5 | H99: 그래, 어디 한 번 덤벼 봐! 시리우스!
A100: #다이아나
A101: Text_Academy_diana_001 | D101: 5 | E101: 5 | H101: 갑자기 아카데미에서 수업을 들어야 한다니…
A102: Text_Academy_diana_002 | D102: 5 | E102: 5 | H102: 머리를 쓰는 일은 전반적으로 자신이 없습니다.
A103: Text_Academy_diana_003 | D103: 5 | E103: 5 | H103: 진급하지 못하면 소대장님께도 면목이 없고…
A104: Text_Academy_diana_004 | D104: 5 | E104: 5 | H104: 하지만 이미 엎질러진 물이니 도망칠 수는 없겠죠.
A105: Text_Academy_diana_005 | D105: 5 | E105: 5 | H105: 제 장점인 끈기와 성실로 이겨내 보이겠슴다!
A106: Text_Academy_diana_006 | D106: 5 | E106: 5 | H106: 오오! 저도 알타이르 클래스로 진급했습니다.
...

Sheet Text.Profile
A1: Id | B1: Reference | C1: Tag | D1: #국문버전 | E1: #번안버전 | F1: #담당자 | G1: #Comment | H1: ko | I1: en | J1: ja | K1: zh_CN | L1: zh_TW
A2: *string | B2: string | C2: string | D2: ="#현재 버전 : "&'#번안관리인덱스'!$E$2 -> #현재 버전 : 18 | E2: ="#현재 버전 : "&'#번안관리인덱스'!$G$2 -> #현재 버전 : 5 | F2: #담당자 등록 | G2: # | H2: string | I2: string | J2: string | K2: string | L2: string
A3: client | B3: client | C3: client | D3: #국문버전 관리 | E3: #번안버전 관리 | F3: #특정 없는 경우 '공용' | G3: # | H3: client | I3: client | J3: client | K3: client | L3: client
A4: uiprofile.desc.01 | D4: 10 | E4: 5 | F4: 김재송 | H4: 음성 정보 | I4: Vocal Info
A5: Pr_Ui00 | D5: 5 | E5: 5 | H5: 여성 | I5: Female
A6: id.birth.day | D6: 10 | E6: 5 | F6: 김재송 | G6: 프로필 생일 | H6: 7월 4일
A7: gray.birth.day | D7: 10 | E7: 5 | F7: 김재송 | G7: 프로필 생일 | H7: 9월 10일
A8: daria.birth.day | D8: 10 | E8: 5 | F8: 김재송 | G8: 프로필 생일 | H8: 10월 1일
A9: diana.birth.day | D9: 10 | E9: 5 | F9: 김재송 | G9: 프로필 생일 | H9: 7월 10일
A10: leila.birth.day | D10: 10 | E10: 5 | F10: 김재송 | G10: 프로필 생일 | H10: 6월 27일
A11: renas.birth.day | D11: 10 | E11: 5 | F11: 김재송 | G11: 프로필 생일 | H11: 6월 7일
A12: rachel.birth.day | D12: 10 | E12: 5 | F12: 김재송 | G12: 프로필 생일 | H12: 2월 22일
A13: rayhou.birth.day | D13: 10 | E13: 5 | F13: 김재송 | G13: 프로필 생일 | H13: 8월 19일
A14: lilian.birth.day | D14: 10 | E14: 5 | F14: 김재송 | G14: 프로필 생일 | H14: 1월 31일
A15: mana.birth.day | D15: 10 | E15: 5 | F15: 김재송 | G15: 프로필 생일 | H15: 11월 17일
A16: melissa.birth.day | D16: 10 | E16: 5 | F16: 김재송 | G16: 프로필 생일 | H16: 12월 21일
A17: mea.birth.day | D17: 10 | E17: 5 | F17: 김재송 | G17: 프로필 생일 | H17: 6월 8일
... A55: kaito.aile.birth.day | D55: 10 | E55: 5 | F55: 김재송 | G55: 프로필 생일 | H55: 6월 10일
A56: id.character.voice | D56: 10 | E56: 5 | F56: 김재송 | H56: 스즈시로 사유미
A57: gray.character.voice | D57: 10 | E57: 5 | F57: 김재송 | H57: 이쿠라 리카
A58: daria.character.voice | D58: 10 | E58: 5 | F58: 김재송 | H58: 와타베 사유미 | I58: Watabe Sayumi | J58: わたべさゆみ
A59: diana.character.voice | D59: 10 | E59: 5 | F59: 김재송 | H59: 키쿠치 사야카 | I59: Kikuchi Sayaka | J59: きくちさやか
A60: leila.character.voice | D60: 10 | E60: 5 | F60: 김재송 | H60: 아오야마 요시노
A61: renas.character.voice | D61: 10 | E61: 5 | F61: 김재송 | H61: 시즈키 아즈사 | I61: Shizuki Azusa | J61: しずきあずさ
A62: rachel.character.voice | D62: 10 | E62: 5 | F62: 김재송 | H62: 나나세 아아캬 | I62: Nanase Ayaka | J62: ななせあやか
A63: rayhou.character.voice | D63: 10 | E63: 5 | F63: 김재송 | H63: 우치다 마아야 | I63: Uchida Maya | J63: うちだまあや
A64: lilian.character.voice | D64: 10 | E64: 5 | F64: 김재송 | H64: 시마다 아이노 | I64: Shimada Aino | J64: しまだあいの
A65: mana.character.voice | D65: 10 | E65: 5 | F65: 김재송 | H65: 카토 세이나
A66: melissa.character.voice | D66: 10 | E66: 5 | F66: 김재송 | H66: 타카하시 사키
A67: mea.character.voice | D67: 10 | E67: 5 | F67: 김재송 | H67: 카하라 모에 | I67: Kahara Moe | J67: かはらもえ
A68: balencia.character.voice | D68: 10 | E68: 5 | F68: 김재송 | H68: 나구모 노조미 | I68: Nagumo Nozomi | J68: なぐものぞみ
A69: belebeta.character.voice | D69: 10 | E69: 5 | F69: 김재송 | H69: 미즈노 사쿠
A70: belita.character.voice | D70: 10 | E70: 5 | F70: 김재송 | H70: 사쿠라이 미유키
A71: brynhild.character.voice | D71: 10 | E71: 5 | F71: 김재송 | H71: 와타베 사유미 | I71: Watabe Sayumi | J71: わたべさゆみ
A72: shale.character.voice | D72: 10 | E72: 5 | F72: 김재송 | H72: 오노 유우코
A73: serapulsar.character.voice | D73: 10 | E73: 5 | F73: 김재송 | H73: 타카하시 리에 | I73: Takahashi Rie | J73: たかはしりえ
A74: shery.character.voice | D74: 10 | E74: 5 | F74: 김재송 | H74: 시즈키 아즈사 | I74: Shizuki Azusa | J74: しずきあずさ
A75: snopril.character.voice | D75: 10 | E75: 5 | F75: 김재송 | H75: 나나세 아아캬 | I75: Nanase Ayaka | J75: ななせあやか
A76: sia.character.voice | D76: 10 | E76: 5 | F76: 김재송 | H76: 이나미 안쥬 | I76: Inami Anju | J76: いなみあんじゅ
A77: siege.character.voice | D77: 10 | E77: 5 | F77: 김재송 | H77: 시마다 아이노 | I77: Shimada Aino | J77: しまだあいの
A78: arcels.character.voice | D78: 10 | E78: 5 | F78: 김재송 | H78: 쿠라모치 와카나 | I78: Kuramochi Wakana | J78: くらもちわかな
A79: iras.character.voice | D79: 10 | E79: 5 | F79: 김재송 | H79: 와카모리 미즈키
A80: airen.character.voice | D80: 10 | E80: 5 | F80: 김재송 | H80: 나가세 안나
A81: archphase.character.voice | D81: 10 | E81: 5 | F81: 김재송 | H81: 카하라 모에 | I81: Kahara Moe | J81: かはらもえ
A82: angelica.character.voice | D82: 10 | E82: 5 | F82: 김재송 | H82: 이누이 나츠네
A83: anne.character.voice | D83: 10 | E83: 5 | F83: 김재송 | H83: 네모토 미야리 | I83: Nemoto Miyari | J83: ねもとみやり
A84: ambrosia.character.voice | D84: 10 | E84: 5 | F84: 김재송 | H84: 시마다 아이노 | I84: Shimada Aino | J84: しまだあいの
A85: eradica.character.voice | D85: 10 | E85: 5 | F85: 김재송 | H85: 오오니시 사오리
A86: erica.character.voice | D86: 10 | E86: 5 | F86: 김재송 | H86: 쿠라모치 와카나 | I86: Kuramochi Wakana | J86: くらもちわかな
A87: eiko.character.voice | D87: 10 | E87: 5 | F87: 김재송 | H87: 나나세 아야카 | I87: Nanase Ayaka | J87: ななせあやか
A88: elina.character.voice | D88: 10 | E88: 5 | F88: 김재송 | H88: 스코 키요카
A89: aurora.character.voice | D89: 10 | E89: 5 | F89: 김재송 | H89: 나가무타 모에
A90: yuna.character.voice | D90: 10 | E90: 5 | F90: 김재송 | H90: 키쿠치 사야카 | I90: Kikuchi Sayaka | J90: きくちさやか
A91: yurizia.character.voice | D91: 10 | E91: 5 | F91: 김재송 | H91: 이토 유이나
A92: ino.character.voice | D92: 10 | E92: 5 | F92: 김재송 | H92: 네모토 미야리 | I92: Nemoto Miyari | J92: ねもとみやり
A93: isabella.character.voice | D93: 10 | E93: 5 | F93: 김재송 | H93: 쿠라모치 와카나 | I93: Kuramochi Wakana | J93: くらもちわかな
A94: kanata.character.voice | D94: 10 | E94: 5 | F94: 김재송 | H94: 사토 리나 | I94: Satou Rina | J94: さとうりな
A95: crimson.character.voice | D95: 10 | E95: 5 | F95: 김재송 | H95: 네모토 미야리 | I95: Nemoto Miyari | J95: ねもとみやり
A96: klairs.character.voice | D96: 10 | E96: 5 | F96: 김재송 | H96: 나구모 노조미 | I96: Nagumo Nozomi | J96: なぐものぞみ
A97: taina.character.voice | D97: 10 | E97: 5 | F97: 김재송 | H97: 와타베 사유미 | I97: Watabe Sayumi | J97: わたべさゆみ
A98: patricia.character.voice | D98: 10 | E98: 5 | F98: 김재송 | H98: 키쿠치 사야카 | I98: Kikuchi Sayaka | J98: きくちさやか
A99: ferrel.character.voice | D99: 10 | E99: 5 | F99: 김재송 | H99: 시즈키 아즈사 | I99: Shizuki Azusa | J99: しずきあずさ
A100: fei.character.voice | D100: 10 | E100: 5 | F100: 김재송 | H100: 나구모 노조미 | I100: Nagumo Nozomi | J100: なぐものぞみ
A101: freyja.character.voice | D101: 10 | E101: 5 | F101: 김재송 | H101: 히카사 요코 | I101: Hikasa Youko | J101: ひかさようこ
A102: hallona.character.voice | D102: 10 | E102: 5 | F102: 김재송 | H102: 카하라 모에 | I102: Kahara Moe | J102: かはらもえ
A103: hellen.character.voice | D103: 10 | E103: 5 | F103: 김재송 | H103: 쿠로키 호노카
A104: itus.character.voice | D104: 10 | E104: 5 | F104: 성주녕 | G104: 아이투스 성우 | H104: 노무라 카나코
A105: kaito.aile.character.voice | D105: 10 | E105: 5 | F105: 김재송 | H105: 토노 히카루
A106: itus.love.01 | D106: 10 | E106: 5 | F106: 김재송 | H106: 정복
A107: itus.love.02 | D107: 10 | E107: 5 | F107: 김재송 | H107: 바다
A108: itus.love.03 | D108: 10 | E108: 5 | F108: 김재송 | H108: 선크림
A109: itus.hate.01 | D109: 10 | E109: 5 | F109: 김재송 | H109: 밝은 빛
A110: itus.hate.02 | D110: 10 | E110: 5 | F110: 김재송 | H110: 배신자
A111: itus.hate.03 | D111: 10 | E111: 5 | F111: 김재송
A112: itus.detail.concept.01 | D112: 10 | E112: 5 | F112: 김재송 | H112: [대양의 기사] 깊은 바닷속에 존재하는 대양의 나무는 외부와의 교류가 적은 폐쇄적인 부족이었다. 나무를 수호하는 기사 또한 부족을 수호하는 역할에 집중했다. 호전적인 아이투스는 기사의 그런 행동이 마음에 들지 않았다. 성인식을 치른 아이투스는 바다에서 가장 위험하다고 알려진 레비아탄을 파트너로 삼고, 곧장 전대 기사에게 결투를 신청해 기사의 자리를 차지했다. 아이투스의 건방진 행동에 자극받은 수많은 전사들이 그녀에게 결투를 신청했지만 어느 누구도 아이투스를 이길 수는 없었다. 결국 결투에 질려 버린 아이투스는 나중에 패배자의 파트너를 승자에게 넘겨야 한다는 규칙을 만들었다. 이 규칙으로 인해 결투 자체는 줄어들었지만, 그렇게 넘겨받은 파트너를 레비아탄의 먹이로 준다는 소문이 생기기도 했다.
A113: itus.detail.concept.02 | D113: 10 | E113: 5 | F113: 김재송 | H113: [정복의 기사] 새로운 기사가 된 아이투스는 나무와 부족을 수호하는 것에서 만족하지 않았다. 아이투스는 '진정한 수호는 위협의 근원을 제거하는 것'이라는 말과 함께 바다를 정복해 나갔다. 그러나 아이투스의 정복이 무자비하기만 한 것은 아니었다. 정복을 받아들이고 충성을 맹세하면 아이투스는 누구에게나 자비를 베풀었다. 심해의 대부분을 정복한 후에도 아이투스의 정복욕은 멈추지 않고 지상에까지 뻗어나갔다. 대양의 나무 출신에게 지상은 그야말로 미지의 공간이었지만 아이투스는 포기하지 않았다. 지금 아이투스는, 지상에서 만든 달콤한 간식을 먹으며 지상을 정복할 계획을 세우는 중이다.
A114: itus.detail.concept.03 | D114: 10 | E114: 5 | F114: 김재송 | H114: [무서운 언니] 바다에서 두려움의 존재인 아이투스에게도 약점은 있다. 대양의 나무 출신 프록시안이 으레 그렇듯, 아이투스 또한 태양이 내뿜는 자외선이 약점이었다. 정보 수집을 위해 지상에 처음 올라온 아이투스는 눈부신 빛에 현기증을 느끼고 말았다. 햇살을 피해 심해로 돌아온 그녀는 고작 태양 따위에 굴복한 자신이 못마땅했다. 그때부터 아이투스의 자외선 극복 훈련이 시작되었다. 처음에는 맨몸으로 햇살을 받으며 해변을 걷는 극단적인 방법을 시도했었지만, 몇번의 실패 끝에 아이투스는 '조금 더 세련된' 방식으로 태양을 정복하기로 마음먹었다. 얼마 후, 아이투스는 대양의 나무 출신 프록시안 최초로 정오의 태양 아래를 걸으며 또 한번 자신의 위엄을 과시했다. 그 과정에 지상에서 공수해 온 특별한 선크림이 대량으로 사용되었다는 건, 아이투스와 주변 일부만이 아는 특별한 비밀이었다.
A115: melissa.love.01 | D115: 10 | E115: 5 | F115: 김재송 | H115: 여자 아이
A116: melissa.love.02 | D116: 10 | E116: 5 | F116: 김재송 | H116: 신체 측정
A117: melissa.love.03 | D117: 10 | E117: 5 | F117: 김재송
A118: melissa.hate.01 | D118: 10 | E118: 5 | F118: 김재송 | H118: 조잡한 피규어
A119: melissa.hate.02 | D119: 10 | E119: 5 | F119: 김재송
A120: melissa.hate.03 | D120: 10 | E120: 5 | F120: 김재송
A121: melissa.detail.concept.01 | D121: 10 | E121: 5 | F121: 김재송 | H121: [포기할 수 없는 취미] 메리샤는 순수 예술과 소속이 되면 취미를 즐길 시간이 줄어든다는 단순한 이유로, 최소한의 예술품을 제출하며 아르세즈의 시민권만을 유지하며 그 외의 남는 시간 전부를 본인의 여가 시간으로 활용하는 괴짜 예술가이다. 메리샤의 여가 중 하나는 아르세즈 문화 대축제를 참여하는 것이다. 거기서 메리샤는 직접 만든 피규어를 판매한다. 메리샤 공방에서 만든 피규어는 언제나 매출 1위를 놓치지 않을 정도로 아주 인기가 많다. 메리샤의 피규어는 보이지 않는 곳까지 디테일이 살아 있다고 호평을 받는데, 그건 메리샤가 가상 캐릭터의 원작자와 직접 만날 정도로 작업에 대한 열정을 가지고 있기 때문이다. 이런 메리샤라도 꼭 지키는 규칙이 하나 있다. 그녀는 어떤 상황에서라도 여자 아이의 피규어만 만든다. 「다른 피규어는 내 미학에 반하거든.」 메리샤가 입에 달고 사는 말이다.
A122: melissa.detail.concept.02 | D122: 10 | E122: 5 | F122: 김재송 | H122: [모델 한 번 해볼래?] 메리샤는 아르세즈를 산책하는 일이 많다. 신작 피규어의 소재가 될 귀여운 여자 아이 모델을 찾기 위해서다. 마음에 드는 여자 아이가 눈에 띄면 메리샤는 한동안 그 아이의 신상 정보를 조사한 후, 우연을 가장해 타깃과 접촉하여 조금씩 친분을 쌓아간다. 목표와 어느 정도 친해졌을 때 메리샤는 본격적으로 피규어 모델 이야기를 꺼내 자연스럽게 동의를 얻어낸다. 모델이 확보되고 나면, 메리샤는 피규어를 제작하기에 앞서 여러 밑작업을 진행했다. 신체 사이즈 측정 및 다각도의 피팅 사진을 통해 상세하게 모인 데이터는, 피규어 제작에 그대로 반영된다. 실제 모델로 만든 피규어는 판매 대신 개인 감상용으로만 보관된다. 이 또한 메리샤의 미학 중 하나이다.
A123: melissa.detail.concept.03 | D123: 10 | E123: 5 | F123: 김재송 | H123: [또 하나의 나] 의외지만 메리샤는 자신의 피규어도 만든다. 하지만 보통의 피규어들과 달리 만드는 목적이 달랐다. 커다란 대가를 받고 불법적인 피규어를 만들 때가 있는데, 자경단에 쫓길 때 메리샤는 복제 피규어를 도주로 반대편에 배치해 자경단의 추격을 따돌린다. 워낙 똑같이 생긴 피규어다 보니, 자경단의 혼란을 틈 타 포위망을 손쉽게 벗어날 수 있는 것이다. 실물과 구별하기 어려운 정도로 똑같은 피규어가 만약 제대로 움직이기까지 할 경우, 아르세즈는 또 한 번 커다란 혼란을 맞이하게 될지도 모른다.
A124: lilian.love.01 | D124: 10 | E124: 5 | F124: 김재송 | H124: 포교 활동
A125: lilian.love.02 | D125: 10 | E125: 5 | F125: 김재송 | H125: 사소한 양자택일
A126: lilian.love.03 | D126: 10 | E126: 5 | F126: 김재송
A127: lilian.hate.01 | D127: 10 | E127: 5 | F127: 김재송 | H127: 불신자
A128: lilian.hate.02 | D128: 10 | E128: 5 | F128: 김재송
A129: lilian.hate.03 | D129: 10 | E129: 5 | F129: 김재송
A130: lilian.detail.concept.01 | D130: 10 | E130: 5 | F130: 김재송 | H130: [플라즈마의 성기사] 이데올라의 12 대리인은 신도 중 일부를 선발해 이데올라의 가르침을 전도하는 역할을 부여한다. 이런 특별한 신도들은 성기사라고 불리며, 대리인의 권능 중 일부를 행사할 수 있는 자격을 받는다. 릴리안은 바로 이런 이데올라의 성기사 중 한 명으로, 플라즈마 공학의 대리인인 쓰로오라에게 성기사로 임명받아 재생 세계를 분주하게 돌아다니고 있다. 의욕이 넘치는 릴리안이지만, 성과는 그리 크지 않다. 포교 대상자들은 그녀가 온 힘을 다해 사용하는 플라즈마를 보며 두려움에 사로잡혀 버리기 때문이다. 릴리안은 도망치는 포교 대상자를 보면서 다음번엔 더욱 강력한 힘을 보여줘야겠다고 다짐한다.
A131: lilian.detail.concept.02 | D131: 10 | E131: 5 | F131: 김재송 | H131: [영원히 풀 수 없는] 과거 있었던 일이다. 쓰로오라는 문 앞에서 가만히 서있던 릴리안을 발견했다. 왜 그런지 연유를 묻자, 릴리안은 자연스럽게 문을 여는 손이 어딘지에 대해서 고민하고 있었다고 답했다. 그 이야기를 들은 쓰로오라는 웃으면서 플라즈마로 문을 박살내 릴리안의 고민을 끝내 버렸다. 이렇듯 다른 프록시안들이 듣는다면 웃어넘길지도 모를, 사소한 질문에 사로잡힌 릴리안은 명쾌하게 답이 나오지 않는 한 고민을 멈추지 않는다. 뛰어난 연산 능력을 가진 릴리안은 정답이 확실하게 정해진 문제에 대해선 고민하지 않는다. 그녀에게 난제는 정답이 없는 문제. 즉, 모든 것이 답이 될 수 있는 질문을 어려워한다. 그중에서 기호의 문제를 특히 까다로워 한다. 만약 릴리안에게 좋아하는 것이 무엇인지 물어본다면, 릴리안은 그 자리에서 고민에 빠져든다.
A132: lilian.detail.concept.03 | D132: 10 | E132: 5 | F132: 김재송 | H132: [열성적인 신도] 릴리안의 일상은 플라즈마로 가득차 있다. 평소 그녀는 아침에 일어나 플라즈마로 커피를 끓여 마신 뒤, 플라즈마로 집 주변 청소를 하고서 포교하러 집을 나선다. 날이 어두워지면 집에 돌아와 플라즈마로 불을 밝힌 뒤 그날의 소회를 자신의 일기장에 플라즈마로 새겨 넣는다. 릴리안이 처음부터 모든 것을 플라즈마로 해결하는 성격이었던 것은 아니다. 성기사로 임명된 직후, 자신의 역할에 확신이 없었던 릴리안이었다. 그때 쓰로오라가 찾아 왔다. 그리고 아무 말 없이 대리인이 사용하는, 격이 다른 플라즈마를 보여주며 릴리안을 압도했다. 이를 본 릴리안은 한 가지 깨달음을 얻었다. 플라즈마야말로 신성 불가침한 해답이라는 것을. 때문에 수많은 문제가 있다고 하더라도 플라즈마만 있다면 해결할 수 있을 것이라는 믿음을 갖게 되었다.
A133: daria.love.01 | D133: 10 | E133: 5 | F133: 김재송 | H133: 전술 연구
A134: daria.love.02 | D134: 10 | E134: 5 | F134: 김재송 | H134: 보드 게임
A135: daria.love.03 | D135: 10 | E135: 5 | F135: 김재송
A136: daria.hate.01 | D136: 10 | E136: 5 | F136: 김재송 | H136: 단독 행동
A137: daria.hate.02 | D137: 10 | E137: 5 | F137: 김재송 | H137: 패션 및 메이크업
...

Sheet Text.Gallery
A1: Id | B1: Reference | C1: Tag | D1: #국문버전 | E1: #번안버전 | F1: #담당자 | G1: #Comment | H1: ko | I1: en | J1: ja | K1: zh_CN | L1: zh_TW
A2: *string | B2: string | C2: string | D2: ="#현재 버전 : "&'#번안관리인덱스'!$E$2 -> #현재 버전 : 18 | E2: ="#현재 버전 : "&'#번안관리인덱스'!$G$2 -> #현재 버전 : 5 | F2: #담당자 등록 | G2: # | H2: string | I2: string | J2: string | K2: string | L2: string
A3: client | B3: client | C3: client | D3: #국문버전 관리 | E3: #번안버전 관리 | F3: #특정 없는 경우 '공용' | G3: # | H3: client | I3: client | J3: client | K3: client | L3: client
A4: Gallery.Category.Name.Asnia | D4: 10 | E4: 5 | F4: 김재송 | H4: 아스니아 편
A5: Gallery.Category.Name.Artcaise | D5: 10 | E5: 5 | F5: 김재송 | H5: 아르세즈 편
A6: Gallery.Category.Name.Extra | D6: 10 | E6: 5 | F6: 김재송 | H6: 엑스트라
A7: Gallery.Bar.Name.Chapter01 | D7: 10 | E7: 5 | F7: 김재송 | H7: 챕터 1
A8: Gallery.Bar.Name.Chapter01.5 | D8: 10 | E8: 5 | F8: 김재송 | H8: 챕터 1.5
A9: Gallery.Bar.Name.Chapter02 | D9: 10 | E9: 5 | F9: 김재송 | H9: 챕터 2
A10: Gallery.Bar.Name.Chapter03 | D10: 10 | E10: 5 | F10: 김재송 | H10: 챕터 3
A11: Gallery.Bar.Name.Chapter04 | D11: 10 | E11: 5 | F11: 김재송 | H11: 챕터 4
A12: Gallery.Bar.Name.PV | D12: 10 | E12: 5 | F12: 김재송 | H12: PV
A13: Chapter01_01_notice | D13: 10 | E13: 0 | F13: 김재송 | G13: 미개방 리소스 때 안내 메시지용 | H13: 메인스토리 챕터1 에피소드 01
A14: Chapter01_02_notice | D14: 10 | E14: 0 | F14: 김재송 | G14: 미개방 리소스 때 안내 메시지용 | H14: 메인스토리 챕터1 에피소드 02
A15: Chapter01_07_notice | D15: 10 | E15: 0 | F15: 김재송 | G15: 미개방 리소스 때 안내 메시지용 | H15: 메인스토리 챕터1 에피소드 07
A16: Chapter01_08_notice | D16: 10 | E16: 0 | F16: 김재송 | G16: 미개방 리소스 때 안내 메시지용 | H16: 메인스토리 챕터1 에피소드 08
A17: Chapter01_16_notice | D17: 10 | E17: 0 | F17: 김재송 | G17: 미개방 리소스 때 안내 메시지용 | H17: 메인스토리 챕터1 에피소드 16
A18: Chapter01_18_notice | D18: 10 | E18: 0 | F18: 김재송 | G18: 미개방 리소스 때 안내 메시지용 | H18: 메인스토리 챕터1 에피소드 18
A19: Chapter01_23_notice | D19: 10 | E19: 0 | F19: 김재송 | G19: 미개방 리소스 때 안내 메시지용 | H19: 메인스토리 챕터1 에피소드 23
A20: Chapter01_24_notice | D20: 10 | E20: 0 | F20: 김재송 | G20: 미개방 리소스 때 안내 메시지용 | H20: 메인스토리 챕터1 에피소드 24
A21: Chapter01_25_notice | D21: 10 | E21: 0 | F21: 김재송 | G21: 미개방 리소스 때 안내 메시지용 | H21: 메인스토리 챕터1 에피소드 25
A22: Chapter01.5_01_notice | D22: 10 | E22: 0 | F22: 김재송 | G22: 미개방 리소스 때 안내 메시지용 | H22: 메인스토리 챕터1.5 에피소드 01
A23: Chapter02_01_notice | D23: 10 | E23: 0 | F23: 김재송 | G23: 미개방 리소스 때 안내 메시지용 | H23: 메인스토리 챕터2 에피소드 01
A24: Chapter02_04_notice | D24: 10 | E24: 0 | F24: 김재송 | G24: 미개방 리소스 때 안내 메시지용 | H24: 메인스토리 챕터2 에피소드 04
... A41: Chapter04_17_notice | D41: 10 | E41: 0 | F41: 김재송 | G41: 미개방 리소스 때 안내 메시지용 | H41: 메인스토리 챕터4 에피소드 17
A42: Name.Faction.StarSeed | D42: 10 | E42: 5 | F42: 김재송 | G42: 팩션 설명 | H42: 가능성의 도시 아스니아는 초지능체 마릴라이트가 전 문명의 공존을 꿈꾸며 만든 문명이다. 아스니아는 세븐 테마즈의 문제와 갈등을 해결하는 화합의 장소이며, 그 중심에는 모든 문명의 프록시안들이 교류하는 거대한 아카데미가 존재한다. 레드시프트의 공세가 본격화되자 아카데미의 학장 마릴라이트는 문명의 화합을 위해 운영하던 아카데미에서 레드시프트에 대항할 프록시안을 육성하기도 하는 등, 디스토피아에 저항하기 위해 다방면으로 힘쓰고 있다. | I42: Starseed, the city of possibilities, is a civilization built by Marillight of the Seven Themes to serve as a home for humankind once they return. Because this worldview represent all Proxyans, it has naturally become a place where Proxyans from every civilization gather. Starseed is a place that resolve issues and conflicts that arise on Renewable Earth, and demonstrates that Proxyans are friendly to humans. Currently, 4 Proxyans and 1 human reside there.
A43: Name.Faction.Artase | D43: 10 | E43: 5 | F43: 김재송 | G43: 팩션 설명 | H43: 진리를 추구하는 예술의 도시 아르세즈는 초지능체 에라디카가 인류 문명의 예술을 보존하고 발전시키기 위해 건설한 문명이다. 아르세즈에서 예술은 무엇보다 우선시되는 가치이며, 대부분의 프록시안은 예술 활동에 종사하며 생업을 이어간다. 그렇기 때문에 상대적으로 군사력이 약한 문명이기도 하다. 아르세즈는 추구하는 예술의 방향성에 따라 다양한 과로 나뉘어져 있으며, 이 수준에 따라 프록시안들의 생활 수준도 차이가 난다. 현재 모든 예술의 평가는 최고품평회의 위원장인 에라디카의 기준에 따라 이루어지고 있지만, 그 기준을 따르지 않고 자신만의 예술을 추구하는 프록시안들도 있는 모양이다. | I43: Artcaise, the city of arts, is a civilization built by Eradica of the Seven Themes for Proxyans to create art on a human level. Artcaise is the most culturally developed civilization on Renewable Earth and it attracts visitors from other civilizations. As such, Artcaise is largely a neutral faction, and avoids direct conflict with other civilizations. Artcaise uses its funds not spent on national defenses to purchase relics left by previous civilizations of humankind, which are then displayed at the Ethernal Museum.
A44: Name.Faction.Stings | D44: 10 | E44: 5 | F44: 김재송 | G44: 팩션 설명 | H44: 끝없는 무력을 갈구하는 군사 문명 스팅스는 초지능체 레이아가 지도하는 문명으로, 압도적인 군사력을 통해 세력을 넓혀나가는 문명이다. 스팅스에서는 언제나 힘에 의한 논리가 최우선되며, 가장 거대한 세력답게 압도적인 경제 규모와 공업 생산력을 자랑한다. 대원수 레이아의 지휘 아래 다양한 세력으로 나뉜 스팅스는 끊임없는 모의전을 통해 실력을 갈고 닦고 있으며, 그 결과에 의해 작전권과 보급이 달라지는 약육강식의 법칙을 추구하고 있다. | I44: The Stings Empire is a civilization built by Leia of the Seven Themes, inheriting the spirit of human conquest and constantly expanding and progressing through war and competition. With its economies of scale and mobilization capabilities, Stings is the most industrialized civilization on Renewable Earth. Furthermore, their meritocratic values mean that power is law. They are often at odds with the other civilizations. Stings' army is divided into four branches, each led by a field marshals. These four are constantly competing with one another, further adding to Stings' military power.
A45: Name.Faction.Ideolla | D45: 10 | E45: 5 | F45: 김재송 | G45: 팩션 설명 | H45: 현상의 본질을 탐구하는 폴리스 이데올라는 초지능체 라인슈타인이 과학 이론을 하나로 통일한 이래, 그녀를 따르는 프록시안들을 모아 만든 문명이다. 이데올라의 과학력은 재생 세계의 다른 어떤 문명보다 압도적이며, 매우 적은 규모에도 불구하고 다른 모든 세력을 위협할 정도의 힘을 가지고 있다. 예언자 라인슈타인은 자신을 따르는 프록시안 중, 선한 마음과 과학에 대한 강한 믿음을 가진 자들을 선발하여 대리인으로 삼았다. 라인슈타인이 지닌 힘의 일부를 나눠 받은 대리인들은 재생 세계에 과학 기술을 보급함과 동시에, 과학 기술이 부정한 방식으로 사용되지 않는지 감시하고 있다. | I45: The Holy Ideolla is a civilization built by Reinstein of the Seven Themes where their blind faith in human science has become a religion. Ideolla has complete control over the magnificent science and technology left behind by humankind’s previous civilizations, and its power is said to be almost magical. Only those who have proven their faith and good will to Reinstein have the authority to use this powerful scientific power for good. Ideolla is cautious when dealing with science because they believe that humanity’s rationality could not advance at the same rate as their science did, leading to their downfall.
A46: Name.Faction.Autolata | D46: 10 | E46: 5 | F46: 김재송 | G46: 팩션 설명 | H46: 기계화된 자연과 공존하는 부족 문명 오토라타는 초지능체 세리엘이 이끄는 문명이다. 나노봇을 이용해 자연을 진화시킨 세리엘은 자연을 지배하는 게 아닌 자연과 어우러져 살아가는 방향을 추구했으며, 그로 인해 오토라타의 생태계는 엄청난 생명력을 가진 기계 생명체를 잉태하는 요람이 되었다. 극한의 자연 환경 속에서 살아가는 다양한 오토라타의 부족들은, 나노봇에 의해 기계화된 생명체들과 공존하며 터득한 삶의 방식을 새로운 진화의 계기로 삼고 있다. | I46: The hive that is Autolata is a civilization built by Sariel of the Seven Themes. The residents of this civilization live in an environment that has fused with the geo-engineering nanobots that were sown 600 years ago to revitalize Earth. Because all living organisms in Autolata are fused with nanobots, they are able to communicate with one another. In this natural order of machine and nature, new machines evolve and mutate on a daily basis. As a result, the residents of Autolata do not fear the unknown, but instead seek harmony and opportunity for new evolution in it.
A47: Name.Faction.Limerit | D47: 10 | E47: 5 | F47: 김재송 | G47: 팩션 설명 | H47: 일상과 비일상의 경계에 존재하는 학원 도시 리메리트는 초지능체 프레데리카가 인간 문명의 라이프 스타일을 모방하여 설계한 문명이다. 리메리트를 설계한 프레데리카는 무한한 경쟁 속에서 청춘의 의미를 찾았던 학교 시스템을 주목했으며, 그것을 리메리트가 추구할 이념으로 삼았다. 리메리트의 프록시안들은, 다른 문명의 프록시안과 달리 어린 시절부터 시작하여 나이에 따라 점차 성장하는 바이오 바디를 가지고 있으며, 삶의 대부분을 학교 안에서 보내게 된다. 리메리트의 가장 중요한 행사는 『전술대항전』으로, 모든 학교의 학생들이 참가해 실력을 겨루며, 그 결과에 따라 문명의 운영 방향마저 정해지는 커다란 축제이다. | I47: The planned city of Limerit is a civilization created by human assistance androids of the previous civilizations, and is one built by Frederica of the Seven Themes. In the previous civilizations, the Proxyans of Limerit had been someone's father, wife, daughter, or son. With no humans left, they have now formed new families of their own. Limerit is unusual in that Proxyans here age and die, thus making it the most “human” city on Renewable Earth. Furthermore, all Proxyans in Limerit use a special bio-frame developed by Frederica herself, which grants them supernatural abilities.
A48: Faction_Starseed_01_desc | D48: 10 | E48: 5 | F48: 김재송 | G48: 팩션 설명 | H48: 아스니아의 방위와 치안을 담당하고 있는 조직이다. 아카데미가 바쁠 때는 아카데미의 규율도 유지하고 있다. 현재는 아스니아의 유일한 전투 요원인 아이렌만이 속해 있는 조직이지만, 큰 문제가 발생한 적은 없다. | I48: A military force in charge of Starseed's security and defense.
A49: Faction_Artsaise_00_desc | D49: 10 | E49: 5 | F49: 김재송 | G49: 팩션 설명 | H49: 아르세즈에서 생산되는 모든 예술을 품평하고, 지식과 정보를 관리하는 최상위 조직이다. 최고위원장인 에라디카가 아르세즈의 모든 일을 평가한다. | I49: The highest organization in all of Artcaise that handles all administrative, legislative, and judicial matters as well as evaluating and categorizing any art, information, and knowledge produced in Artcaise.
A50: Faction_Artsaise_01_desc | D50: 10 | E50: 5 | F50: 김재송 | G50: 팩션 설명 | H50: 사변적이고 형이상학적인 창작 활동에 종사하는 예술가들의 조직. 아르세즈의 예술가 최상위 계층이며, 여기에 속하는 프록시안들의 프라이드는 대단히 높다. 예술성에서 높은 평가를 받는 만큼 경제력 또한 상당하다. | I50: An organization that finds inspiration from past artworks left behind by humanity and creates human-centric art, in order to reach the absolute truth.
A51: Faction_Artsaise_02_desc | D51: 10 | E51: 5 | F51: 김재송 | G51: 팩션 설명 | H51: 창작 활동에 있어 각종 첨단 기술을 적극 활용하려는 예술가들의 조직. 이념보다는 실용성을 중시한다. 때문에 장인 기질을 가진 자들도 많은 편이다. 아르세즈에서는 예술 계층 중 중간 정도의 위상으로 평가된다. | I51: An organization that utilizes cutting edge technology of the Renewable Earth to recreate human art into something new.
A52: Faction_Artsaise_03_desc | D52: 10 | E52: 5 | F52: 김재송 | G52: 팩션 설명 | H52: 개인의 취향이 그 자체로 목표가 되는 예술가들의 조직. 다양한 취향이 기준이 되므로, 활동 또한 감각적이고 즉흥적인 성격을 띤다. 하지만 이전 문명에서 그러했듯이 아르세즈에서도 이들의 활동은 하위 예술로 분류되고 있다. | I52: An organization that freely creates and performs art for themselves and only themselves.
A53: Faction_Stings_01_desc | D53: 10 | E53: 5 | F53: 김재송 | G53: 팩션 설명 | H53: 스팅스에서 유일하게 우주 함대를 운용하고 있는 우주군 조직. 미지의 세계인 우주에서의 위협에 대비하기 위해 창설되었다. 하지만 프록시안은 인간의 허가 없이 우주에 나가지 못하므로 현재 훈련은 시뮬레이션 형태로 진행되고 있다. | I53: A space army in command of a powerful space fleet that serves as a symbol of Stings' national power.
... A65: Faction_limerit_03_desc | D65: 10 | E65: 5 | F65: 김재송 | G65: 팩션 설명 | H65: 시드 능력을 과학 기술과 연계하여 시드 공학이라는 이름으로 연구, 개발하는데 중점을 두고 있는 학교. 리메리트에서 가장 뛰어난 기술력을 자랑하며, 초능력에만 의존하는 오델리아와는 별로 사이가 좋지 않다. | I65: A school where Proxyans who have partially developed their superpowers and Seeds enroll in order to strengthen and reinforce those traits using the power of science and technology.
A66: #갤러리 음원 | B66: #갤러리 음원 | C66: #갤러리 음원 | D66: #갤러리 음원 | E66: #갤러리 음원 | F66: #갤러리 음원 | G66: #갤러리 음원 | H66: #갤러리 음원 | I66: #갤러리 음원 | J66: #갤러리 음원 | K66: #갤러리 음원 | L66: #갤러리 음원
A67: Bgm_Asnia_Contents_01.Bgm.name | D67: 12 | E67: 5 | F67: 최인규 | G67: *갤러리 음원명의 경우, 모든 언어권에서 영문명만 사용한다. (240516 작성) | H67: 106. Network Research | I67: 106. Network Research | J67: 106. Network Research | K67: 106. Network Research | L67: 106. Network Research
A68: Bgm_Asnia_Contents_02.Bgm.name | D68: 12 | E68: 5 | F68: 최인규 | H68: 107. System Traveler | I68: 107. System Traveler | J68: 107. System Traveler | K68: 107. System Traveler | L68: 107. System Traveler
A69: Bgm_Asnia_Contents_03.Bgm.name | D69: 12 | E69: 5 | F69: 최인규 | H69: 108. Add On | I69: 108. Add On | J69: 108. Add On | K69: 108. Add On | L69: 108. Add On
A70: Bgm_Asnia_Contents_04.Bgm.name | D70: 12 | E70: 5 | F70: 최인규 | H70: 109. Reproduction | I70: 109. Reproduction | J70: 109. Reproduction | K70: 109. Reproduction | L70: 109. Reproduction
A71: Bgm_MainLobby_House.Bgm.name | D71: 12 | E71: 5 | F71: 이병민 | H71: 021. Proxyan Optimization | I71: 021. Proxyan Optimization | J71: 021. Proxyan Optimization | K71: 021. Proxyan Optimization | L71: 021. Proxyan Optimization
A72: Bgm_MainTitle_GameTheme.Bgm.name | D72: 12 | E72: 5 | F72: 이병민 | H72: 126. One, Two, Yeah! Yeah! | I72: 126. One, Two, Yeah! Yeah! | J72: 126. One, Two, Yeah! Yeah! | K72: 126. One, Two, Yeah! Yeah! | L72: 126. One, Two, Yeah! Yeah!
A73: Bgm_StoryBright_Kawaii.Bgm.name | D73: 12 | E73: 5 | F73: 이병민 | H73: 040. Asnia World | I73: 040. Asnia World | J73: 040. Asnia World | K73: 040. Asnia World | L73: 040. Asnia World
A74: Bgm_Shop_01.Bgm.name | D74: 12 | E74: 5 | F74: 이병민 | H74: 127. Proxyan Shop | I74: 127. Proxyan Shop | J74: 127. Proxyan Shop | K74: 127. Proxyan Shop | L74: 127. Proxyan Shop
A75: Bgm_Starfield_01.Bgm.name | D75: 12 | E75: 5 | F75: 이병민 | H75: 022. Starfield | I75: 022. Starfield | J75: 022. Starfield | K75: 022. Starfield | L75: 022. Starfield
A76: Bgm_CCTV.Bgm.name | D76: 12 | E76: 5 | F76: 이병민 | H76: 041. CCTV | I76: 041. CCTV | J76: 041. CCTV | K76: 041. CCTV | L76: 041. CCTV
A77: Bgm_Victory.Bgm.name | D77: 12 | E77: 5 | F77: 이병민 | H77: 128. Go for the SS Grade | I77: 128. Go for the SS Grade | J77: 128. Go for the SS Grade | K77: 128. Go for the SS Grade | L77: 128. Go for the SS Grade
A78: Bgm_GachaShop.Bgm.name | D78: 12 | E78: 5 | F78: 이병민 | H78: 023. Navigation Function | I78: 023. Navigation Function | J78: 023. Navigation Function | K78: 023. Navigation Function | L78: 023. Navigation Function
A79: Bgm_Arena.Bgm.name | D79: 12 | E79: 5 | F79: 이병민 | H79: 078. Battle Arena | I79: 078. Battle Arena | J79: 078. Battle Arena | K79: 078. Battle Arena | L79: 078. Battle Arena
... A186: Bgm_Event_Frederica_Lobby_0001.Bgm.name | D186: 12 | E186: 5 | F186: 최인규 | H186: Heartfelt Letter | I186: Heartfelt Letter | J186: Heartfelt Letter | K186: Heartfelt Letter | L186: Heartfelt Letter
A187: Bgm_Battle_DubStep.Bgm.name | D187: 12 | E187: 5 | F187: 이병민 | G187: 갤러리 추가 (미사용곡) | H187: 100. Come And Get It! | I187: 100. Come And Get It! | J187: 100. Come And Get It! | K187: 100. Come And Get It! | L187: 100. Come And Get It!
A188: Bgm_Battle_Rock.Bgm.name | D188: 12 | E188: 5 | F188: 이병민 | G188: 갤러리 추가 (미사용곡) | H188: 101. Say Something | I188: 101. Say Something | J188: 101. Say Something | K188: 101. Say Something | L188: 101. Say Something
A189: Bgm_Battle_RockElec.Bgm.name | D189: 12 | E189: 5 | F189: 이병민 | G189: 갤러리 추가 (미사용곡) | H189: 102. Massive Battle | I189: 102. Massive Battle | J189: 102. Massive Battle | K189: 102. Massive Battle | L189: 102. Massive Battle
A190: Bgm_BossBattle_Rock.Bgm.name | D190: 12 | E190: 5 | F190: 이병민 | G190: 갤러리 추가 (미사용곡) | H190: 103. Tense Moment | I190: 103. Tense Moment | J190: 103. Tense Moment | K190: 103. Tense Moment | L190: 103. Tense Moment
A191: Bgm_ResultBattle_Rock.Bgm.name | D191: 12 | E191: 5 | F191: 이병민 | G191: 갤러리 추가 (미사용곡) | H191: 104. Result Theme | I191: 104. Result Theme | J191: 104. Result Theme | K191: 104. Result Theme | L191: 104. Result Theme
A192: Bgm_BattleReady_Synthwave.Bgm.name | D192: 12 | E192: 5 | F192: 이병민 | G192: 갤러리 추가 (미사용곡) | H192: 105. Mirror Wave | I192: 105. Mirror Wave | J192: 105. Mirror Wave | K192: 105. Mirror Wave | L192: 105. Mirror Wave
A193: Bgm_Story_Artase_Jazz.Bgm.name | D193: 12 | E193: 5 | F193: 이병민 | G193: 갤러리 추가 (미사용곡) | H193: 016. Romantic Afternoon | I193: 016. Romantic Afternoon | J193: 016. Romantic Afternoon | K193: 016. Romantic Afternoon | L193: 016. Romantic Afternoon
A194: Bgm_Question_01.Bgm.name | D194: 12 | E194: 5 | F194: 이병민 | G194: 갤러리 추가 (미사용곡) | H194: 122. Memento | I194: 122. Memento | J194: 122. Memento | K194: 122. Memento | L194: 122. Memento
A195: Bgm_Question_02.Bgm.name | D195: 12 | E195: 5 | F195: 이병민 | G195: 갤러리 추가 (미사용곡) | H195: 055. Sunshine Serenade | I195: 055. Sunshine Serenade | J195: 055. Sunshine Serenade | K195: 055. Sunshine Serenade | L195: 055. Sunshine Serenade
A196: Bgm_Wilderness_01.Bgm.name | D196: 12 | E196: 5 | F196: 이병민 | G196: 갤러리 추가 (미사용곡) | H196: 056. Long-awaited Reunion | I196: 056. Long-awaited Reunion | J196: 056. Long-awaited Reunion | K196: 056. Long-awaited Reunion | L196: 056. Long-awaited Reunion
A197: Bgm_Reversal_01.Bgm.name | D197: 12 | E197: 5 | F197: 이병민 | G197: 갤러리 추가 (미사용곡) | H197: 057. Not Afraid | I197: 057. Not Afraid | J197: 057. Not Afraid | K197: 057. Not Afraid | L197: 057. Not Afraid
A198: Bgm_Soul_Museum_01.Bgm.name | D198: 12 | E198: 5 | F198: 이병민 | G198: 갤러리 추가 (미사용곡) | H198: 058. Old Photo Album | I198: 058. Old Photo Album | J198: 058. Old Photo Album | K198: 058. Old Photo Album | L198: 058. Old Photo Album
... A223: Bgm_Energetic_02.Bgm.name | D223: 12 | E223: 5 | F223: 김재송 | G223: 갤러리 추가 (미사용곡) | H223: 143. Go, Go, Go! | I223: 143. Go, Go, Go! | J223: 143. Go, Go, Go! | K223: 143. Go, Go, Go! | L223: 143. Go, Go, Go!
A224: Bgm_Random_Stage_Clear_01.Bgm.name | D224: 5 | E224: 5 | F224: 이병민 | H224: Stage Clear 랜덤 재생 | I224: Stage Clear Random
A225: Bgm_Random_Normal_Battle_01.Bgm.name | D225: 5 | E225: 5 | F225: 이병민 | H225: Random | I225: Random
A226: Bgm_BattleReady_Beat_Yoon.Bgm.name | D226: 5 | E226: 5 | F226: 이병민 | H226: Battle Ready | I226: Battle_Ready
A227: Bgm_Prologue_Battle.Bgm.name | D227: 5 | E227: 5 | F227: 이병민 | H227: Re:Try | I227: Re:Try
A228: Bgm_EIM_BossBattle.Bgm.name | D228: 5 | E228: 5 | F228: 이병민 | H228: Stings_Battle | I228: Stings_Battle
A229: Bgm_BossBattle_Dubstep.Bgm.name | D229: 5 | E229: 5 | F229: 이병민 | H229: Poweeeeeeeeeer ! | I229: Poweeeeeeeeeer !
A230: Bgm_BossBattle_Classic.Bgm.name | D230: 5 | E230: 5 | F230: 이병민 | H230: Archenemy | I230: Archenemy
A231: Bgm_Story_Artase_FusionJazz.Bgm.name | D231: 5 | E231: 5 | F231: 이병민 | H231: 우당탕탕 거리예술 | I231: Splashing Street Art
A232: Bgm_Laboratory_Electronic_1_edit.Bgm.name | D232: 5 | E232: 5 | F232: 이병민 | H232: When U Need It | I232: When U Need It
A233: Bgm_StoryBright_Kawaii_1_edit.Bgm.name | D233: 5 | E233: 5 | F233: 이병민 | H233: Playful Girl | I233: Playful Girl
A234: Bgm_Comic_01.Bgm.name | D234: 5 | E234: 5 | F234: 이병민 | H234: Re:Try | I234: Re:Try
A235: Bgm_Soul_Museum_03.Bgm.name | D235: 5 | E235: 5 | F235: 이병민 | H235: Re:Try | I235: Re:Try
... A256: Bgm_Academy_Talk_loop.Bgm.name | D256: 5 | E256: 5 | F256: 이병민 | H256: 하늘을 향해서 | I256: Sorani Mukatte
A257: #갤러리 작곡가 (현재는 미노출 스트링) | B257: #갤러리 작곡가 | C257: #갤러리 작곡가 | D257: #갤러리 작곡가 | E257: #갤러리 작곡가 | F257: #갤러리 작곡가 | G257: #갤러리 작곡가 | H257: #갤러리 작곡가 | I257: #갤러리 작곡가 | J257: #갤러리 작곡가 | K257: #갤러리 작곡가 | L257: #갤러리 작곡가
A258: Bgm_Asnia_Contents_01.Bgm.artist | D258: 5 | E258: 5 | F258: 최인규 | H258: Kiwoo | I258: Kiwoo
A259: Bgm_Asnia_Contents_02.Bgm.artist | D259: 5 | E259: 5 | F259: 최인규 | H259: Kiwoo | I259: Kiwoo
A260: Bgm_Asnia_Contents_03.Bgm.artist | D260: 5 | E260: 5 | F260: 최인규 | H260: Kiwoo | I260: Kiwoo
A261: Bgm_Asnia_Contents_04.Bgm.artist | D261: 5 | E261: 5 | F261: 최인규 | H261: Kiwoo | I261: Kiwoo
A262: Bgm_MainLobby_House.Bgm.artist | D262: 5 | E262: 5 | F262: 이병민 | H262: Kiwoo | I262: Kiwoo
A263: Bgm_MainTitle_GameTheme.Bgm.artist | D263: 5 | E263: 5 | F263: 이병민 | H263: RAY HILL | I263: RAY HILL
A264: Bgm_StoryBright_Kawaii.Bgm.artist | D264: 5 | E264: 5 | F264: 이병민 | H264: Kiwoo | I264: Kiwoo
A265: Bgm_Shop_01.Bgm.artist | D265: 5 | E265: 5 | F265: 이병민 | H265: Kiwoo | I265: Kiwoo
A266: Bgm_Starfield_01.Bgm.artist | D266: 5 | E266: 5 | F266: 이병민 | H266: YK MUSIC | I266: YK MUSIC
A267: Bgm_CCTV.Bgm.artist | D267: 5 | E267: 5 | F267: 이병민 | H267: YK Music | I267: YK Music
A268: Bgm_Victory.Bgm.artist | D268: 5 | E268: 5 | F268: 이병민 | H268: YK Music | I268: YK Music
A269: Bgm_Academy_KawaiiFutureBass.Bgm.artist | D269: 5 | E269: 5 | F269: 이병민 | H269: BARD | I269: BARD
... A277: Bgm_Random_Stage_Clear_01.Bgm.artist | D277: 5 | E277: 5 | F277: 이병민 | H277: Kiwoo | I277: Kiwoo
A278: Bgm_Random_Normal_Battle_01.Bgm.artist | D278: 5 | E278: 5 | F278: 이병민
A279: Bgm_Random_Boss_Battle_01.Bgm.artist | D279: 5 | E279: 5 | F279: 이병민 | H279: StudioEIM | I279: StudioEIM
A280: Bgm_CharacterRecruitment_01.Bgm.artist | D280: 5 | E280: 5 | F280: 이병민 | H280: Kiwoo | I280: Kiwoo
A281: Bgm_Gacha_Introduce_01.Bgm.artist | D281: 5 | E281: 5 | F281: 최인규 | H281: Kiwoo | I281: Kiwoo
A282: Bgm_Story_Sad_0001.Bgm.artist | D282: 5 | E282: 5 | F282: 이병민 | H282: 4auto | I282: 4auto
A283: Bgm_Story_Strange_0001.Bgm.artist | D283: 5 | E283: 5 | F283: 이병민 | H283: 4auto | I283: 4auto
A284: Bgm_Story_Cheerful_0001.Bgm.artist | D284: 5 | E284: 5 | F284: 이병민 | H284: Kiwoo | I284: Kiwoo
...

Sheet Text.Voice
A1: Id | B1: Reference | C1: Tag | D1: #국문버전 | E1: #번안버전 | F1: #담당자 | G1: #Comment | H1: ko | I1: en | J1: ja | K1: zh_CN | L1: zh_TW
A2: *string | B2: string | C2: string | D2: ="#현재 버전 : "&'#번안관리인덱스'!$E$2 -> #현재 버전 : 18 | E2: #현재 버전 : 5 | F2: #담당자 등록 | G2: # | H2: string | I2: string | J2: string | K2: string | L2: string
A3: client | B3: client | C3: client | D3: #국문버전 관리 | E3: #번안버전 관리 | F3: #특정 없는 경우 '공용' | G3: # | H3: client | I3: client | J3: client | K3: client | L3: client
A4: #N등급_루 | F4: #스트링정리중 | G4: #스트링정리중 | H4: #스트링정리중
A5: Text-levelup_lue_01 | D5: 11 | E5: 5 | F5: 김재송 | G5: 작전 기록 학습 | H5: 전투 효율 상승.
A6: Text-setting_lue_01 | D6: 11 | E6: 5 | F6: 김재송 | G6: 편성 배치 | H6: 출격 대기.
A7: Text-battlestart_lue_01 | D7: 11 | E7: 5 | F7: 김재송 | G7: 출격 대사 | H7: 출격합니다.
A8: Text-gacha_lue_01 | D8: 11 | E8: 5 | F8: 김재송 | G8: 뽑기 등장 대사 | H8: 어떤 작전이든 불러만 주십시오.
A9: Text-gachainfo_lue_01 | D9: 11 | E9: 5 | F9: 김재송 | G9: 캐릭터 획득 | H9: 명령하시는 대로 싸우겠습니다.
A10: Text-victory1_lue_01 | D10: 11 | E10: 5 | F10: 김재송 | G10: 전투 승리 1 | H10: 승리.
A11: Text-defeat1_lue_01 | D11: 11 | E11: 5 | F11: 김재송 | G11: 전투 패배 | H11: 크윽…
A12: Text-attack1_lue_01 | D12: 11 | E12: 5 | F12: 김재송 | G12: 기본 공격 1 | H12: 하!
A13: Text-skill1-1_lue_01 | D13: 11 | E13: 5 | F13: 김재송 | G13: 스킬 1 사용 1 | H13: 챠아!
A14: Text-hit1_lue_01 | D14: 11 | E14: 5 | F14: 김재송 | G14: 피격 1 | H14: 윽!
A15: Text-retire1_lue_01 | D15: 11 | E15: 5 | F15: 김재송 | G15: 죽음 1 | H15: 으으…
A16: #N등급_린 | F16: #스트링정리중 | G16: #스트링정리중 | H16: #스트링정리중
A17: Text-levelup_reen_01 | D17: 11 | E17: 5 | F17: 김재송 | G17: 작전 기록 학습 | H17: 능력이 상승했습니다.
A18: Text-setting_reen_01 | D18: 11 | E18: 5 | F18: 김재송 | G18: 편성 배치 | H18: 다음 임무는?
A19: Text-battlestart_reen_01 | D19: 11 | E19: 5 | F19: 김재송 | G19: 출격 대사 | H19: 서포트를 시작합니다.
A20: Text-gacha_reen_01 | D20: 11 | E20: 5 | F20: 김재송 | G20: 뽑기 등장 대사 | H20: 무엇이든 서포트하겠습니다.
A21: Text-gachainfo_reen_01 | D21: 11 | E21: 5 | F21: 김재송 | G21: 캐릭터 획득 | H21: 도움이 필요하시다면 불러주세요.
A22: Text-victory1_reen_01 | D22: 11 | E22: 5 | F22: 김재송 | G22: 전투 승리 1 | H22: 임무 완료.
A23: Text-defeat1_reen_01 | D23: 11 | E23: 5 | F23: 김재송 | G23: 전투 패배 | H23: 임무 실패…
A24: Text-attack1_reen_01 | D24: 11 | E24: 5 | F24: 김재송 | G24: 기본 공격 1 | H24: 얍.
A25: Text-skill1-1_reen_01 | D25: 11 | E25: 5 | F25: 김재송 | G25: 스킬 1 사용 1 | H25: 하압~
A26: Text-hit1_reen_01 | D26: 11 | E26: 5 | F26: 김재송 | G26: 피격 1 | H26: 으.
A27: Text-retire1_reen_01 | D27: 11 | E27: 5 | F27: 김재송 | G27: 죽음 1 | H27: 아아…
A28: #N등급_이올렛 | F28: #스트링정리중 | G28: #스트링정리중 | H28: #스트링정리중
A29: Text-levelup_iolet_01 | D29: 11 | E29: 5 | F29: 김재송 | G29: 작전 기록 학습 | H29: 무장 강화 완료했습니다.
A30: Text-setting_iolet_01 | D30: 11 | E30: 5 | F30: 김재송 | G30: 편성 배치 | H30: 작전 대기 중입니다.
A31: Text-battlestart_iolet_01 | D31: 11 | E31: 5 | F31: 김재송 | G31: 출격 대사 | H31: 작전을 개시합니다.
A32: Text-gacha_iolet_01 | D32: 11 | E32: 5 | F32: 김재송 | G32: 뽑기 등장 대사 | H32: 보수만 주신다면, 어디든 가겠습니다.
A33: Text-gachainfo_iolet_01 | D33: 11 | E33: 5 | F33: 김재송 | G33: 캐릭터 획득 | H33: 지시를 내려주십시오.
A34: Text-victory1_iolet_01 | D34: 11 | E34: 5 | F34: 김재송 | G34: 전투 승리 1 | H34: 작전 성공.
A35: Text-defeat1_iolet_01 | D35: 11 | E35: 5 | F35: 김재송 | G35: 전투 패배 | H35: 퇴각… 실패…
A36: Text-attack1_iolet_01 | D36: 11 | E36: 5 | F36: 김재송 | G36: 기본 공격 1 | H36: 흠.
A37: Text-skill1-1_iolet_01 | D37: 11 | E37: 5 | F37: 김재송 | G37: 스킬 1 사용 1 | H37: 하앗!
A38: Text-hit1_iolet_01 | D38: 11 | E38: 5 | F38: 김재송 | G38: 피격 1 | H38: 앗!
A39: Text-retire1_iolet_01 | D39: 11 | E39: 5 | F39: 김재송 | G39: 죽음 1 | H39: 크으…
A40: #N등급_에르메일 | F40: #스트링정리중 | G40: #스트링정리중 | H40: #스트링정리중
A41: Text-levelup_ermeil_01 | D41: 11 | E41: 5 | F41: 김재송 | G41: 작전 기록 학습 | H41: 성능 향상.
A42: Text-setting_ermeil_01 | D42: 11 | E42: 5 | F42: 김재송 | G42: 편성 배치 | H42: 미션 대기.
A43: Text-battlestart_ermeil_01 | D43: 11 | E43: 5 | F43: 김재송 | G43: 출격 대사 | H43: 전투 시작.
A44: Text-gacha_ermeil_01 | D44: 11 | E44: 5 | F44: 김재송 | G44: 뽑기 등장 대사 | H44: 보수와 명령을 받고 싸웁니다.
A45: Text-gachainfo_ermeil_01 | D45: 11 | E45: 5 | F45: 김재송 | G45: 캐릭터 획득 | H45: 다음 타겟을 지정해 주십시오.
A46: Text-victory1_ermeil_01 | D46: 11 | E46: 5 | F46: 김재송 | G46: 전투 승리 1 | H46: 처리 완료.
A47: Text-defeat1_ermeil_01 | D47: 11 | E47: 5 | F47: 김재송 | G47: 전투 패배 | H47: 문제 해결 불가…
A48: Text-attack1_ermeil_01 | D48: 11 | E48: 5 | F48: 김재송 | G48: 기본 공격 1 | H48: 핫!
A49: Text-skill1-1_ermeil_01 | D49: 11 | E49: 5 | F49: 김재송 | G49: 스킬 1 사용 1 | H49: 흐앗!
A50: Text-hit1_ermeil_01 | D50: 11 | E50: 5 | F50: 김재송 | G50: 피격 1 | H50: 큭.
A51: Text-retire1_ermeil_01 | D51: 11 | E51: 5 | F51: 김재송 | G51: 죽음 1 | H51: 우으…
A52: #아이투스 | F52: #스트링정리중 | G52: #스트링정리중 | H52: #스트링정리중
A53: Text-news_itus_01 | D53: 5 | E53: 5 | F53: 고영도 | G53: 로비 입장(소식) | H53: 우두머리라면 정보의 확인은 필수이니라.
A54: Text-mail_itus_01 | D54: 5 | E54: 5 | F54: 고영도 | G54: 로비 입장(선물) | H54: 그대에게 공물이 도착한 모양이로구나.
A55: Text-time1_itus_01 | D55: 8 | E55: 5 | F55: 고영도 | G55: 로비 입장(아침) | H55: 응… 아직 일어나긴 이르지 않느냐…? 흐암….
A56: Text-time2_itus_01 | D56: 8 | E56: 5 | F56: 고영도 | G56: 로비 입장(점심) | H56: 오늘 간식은 무엇이냐…? 이 몸은 단 과자가 좋다만….
A57: Text-time3_itus_01 | D57: 5 | E57: 5 | F57: 고영도 | G57: 로비 입장(저녁) | H57: 저 성가신 태양이 사라졌으니, 드디어 이 몸이 나설 때로구나!
A58: Text-time4_itus_01 | D58: 8 | E58: 5 | F58: 고영도 | G58: 로비 입장(밤) | H58: 그대여, 밤은 이제 시작이다. 이 몸과 놀러 가지 않겠느냐?
A59: Text-daily_itus_01 | D59: 5 | E59: 5 | F59: 고영도 | G59: 로비 입장(일퀘완료) | H59: 맡은 일을 끝낸 건, 이 몸이 칭찬해 주도록 하지.
A60: Text-birth_itus_01 | D60: 8 | E60: 5 | F60: 고영도 | G60: 로비 입장(생일) | H60: 오늘이 그대의 생일이라고 들었다. 여기 이 몸이 바다에서 주워 온 보석이니라. 어떠냐? 내 눈동자처럼 예쁘다고 생각하지?
A61: Text-lobby1_itus_01 | D61: 8 | E61: 5 | F61: 고영도 | G61: 로비상호작용 (기본1) | H61: 이 몸이 함께 있는 이상, 걱정할 건 태양 정도밖에 없느니라.
A62: Text-lobby2_itus_01 | D62: 8 | E62: 5 | F62: 고영도 | G62: 로비상호작용 (기본2) | H62: 오토라타의 바다는 전부 이 몸이 지배하고 있지. 갸하하!
A63: Text-lobby3_itus_01 | D63: 8 | E63: 5 | F63: 고영도 | G63: 로비상호작용 (기본3) | H63: 심해 속에서 살다 보니 밝은 곳은 익숙해지지 않는 게로구나….
A64: Text-lobby4_itus_01 | D64: 5 | E64: 5 | F64: 고영도 | G64: 로비상호작용 (기본4) | H64: 으음… 이 몸을 움직이고 싶다면 공물을 바치거라.
... A146: Text-shoptouch1_itus_01 | D146: 5 | E146: 5 | F146: 고영도 | G146: 상점 캐릭터 터치 | H146: 으햐악~!? 보물 대신 나를 노리다니!
A147: #메리샤 | F147: #스트링정리중 | G147: #스트링정리중 | H147: #스트링정리중
A148: Text-news_melissa_01 | D148: 8 | E148: 5 | F148: 고영도 | G148: 로비 입장(소식) | H148: 최고품평회에서 공지 사항이 내려왔나 봐. 확인해 보는 게 어때?
A149: Text-mail_melissa_01 | D149: 5 | E149: 5 | F149: 고영도 | G149: 로비 입장(선물) | H149: 너 없는 동안 택배가 와서 대신 받아놨어. 너에게 그런 취향이 있을 줄은 몰랐네.
A150: Text-time1_melissa_01 | D150: 5 | E150: 5 | F150: 고영도 | G150: 로비 입장(아침) | H150: 이런 이른 시간부터? 성실하네.
A151: Text-time2_melissa_01 | D151: 5 | E151: 5 | F151: 고영도 | G151: 로비 입장(점심) | H151: 미안~ 이제야 좀 정신이 드네. 그래서, 지금부터는 뭘 할 거야?
A152: Text-time3_melissa_01 | D152: 5 | E152: 5 | F152: 고영도 | G152: 로비 입장(저녁) | H152: 산책 겸, 맛집 순회나 가볼까. 인스타시드에 평이 좋은 데가 있던데.
A153: Text-time4_melissa_01 | D153: 5 | E153: 5 | F153: 고영도 | G153: 로비 입장(밤) | H153: 밤은 지금부터~
A154: Text-daily_melissa_01 | D154: 5 | E154: 5 | F154: 고영도 | G154: 로비 입장(일퀘완료) | H154: 매사, 확인은 꼼꼼하게 해두는 게 좋아.
A155: Text-birth_melissa_01 | D155: 5 | E155: 5 | F155: 고영도 | G155: 로비 입장(생일) | H155: 생일 축하해. 원하는 게 있으면 말해봐. 누가 들어 줄지도 모르잖아.
A156: Text-lobby1_melissa_01 | D156: 5 | E156: 5 | F156: 고영도 | G156: 로비상호작용 (기본1) | H156: 거기 스톱. 일방적인 접근은 재미없지~
A157: Text-lobby2_melissa_01 | D157: 5 | E157: 5 | F157: 고영도 | G157: 로비상호작용 (기본2) | H157: 목적 없이 두리번거리다가는 의심을 산다고. 목표로 한 상대방의 눈을 당당하게 바라볼 수 있어야지!
A158: Text-lobby3_melissa_01 | D158: 5 | E158: 5 | F158: 고영도 | G158: 로비상호작용 (기본3) | H158: 뮤즈를 찾기 위해서라면 나는 목숨도 버릴 각오가 되어 있어.
A159: Text-lobby4_melissa_01 | D159: 5 | E159: 5 | F159: 고영도 | G159: 로비상호작용 (기본4) | H159: 하는 짓을 보니 아마추어네. 한 수 가르쳐 줘도 되지?
... A230: Text-think01_melissa_01 | D230: 5 | E230: 5 | F230: 고영도 | G230: 고민 | H230: 으으음~
A231: #릴리안 | F231: #스트링정리중 | G231: #스트링정리중 | H231: #스트링정리중
A232: Text-news_lilian_01 | D232: 5 | E232: 5 | F232: 고영도 | G232: 로비 입장(소식) | H232: 새로운 지령이 하달된 모양입니다.
A233: Text-mail_lilian_01 | D233: 8 | E233: 5 | F233: 고영도 | G233: 로비 입장(선물) | H233: 신의 은총을 확인해 보세요.
A234: Text-time1_lilian_01 | D234: 5 | E234: 5 | F234: 고영도 | G234: 로비 입장(아침) | H234: 플라즈마가 떴습니다. 자리에서 일어나세요.
A235: Text-time2_lilian_01 | D235: 8 | E235: 5 | F235: 고영도 | G235: 로비 입장(점심) | H235: 점심시간엔 뭘 먹을까….
A236: Text-time3_lilian_01 | D236: 5 | E236: 5 | F236: 고영도 | G236: 로비 입장(저녁) | H236: 늘어지기 쉬운 시간이지만, 조금만 더 힘내죠.
A237: Text-time4_lilian_01 | D237: 5 | E237: 5 | F237: 고영도 | G237: 로비 입장(밤) | H237: 저녁엔 플라즈마로 끓인 커피가 각별합니다.
A238: Text-daily_lilian_01 | D238: 5 | E238: 5 | F238: 고영도 | G238: 로비 입장(일퀘완료) | H238: 오늘 임무 끝, 장비 점검 후 자유 활동이겠네요.
A239: Text-birth_lilian_01 | D239: 5 | E239: 5 | F239: 고영도 | G239: 로비 입장(생일) | H239: 생일… 대단하십니다.
A240: Text-lobby1_lilian_01 | D240: 5 | E240: 5 | F240: 고영도 | G240: 로비상호작용 (기본1) | H240: 이데올라의 빛이 저희를 비춰주고 있군요.
A241: Text-lobby2_lilian_01 | D241: 5 | E241: 5 | F241: 고영도 | G241: 로비상호작용 (기본2) | H241: 세상 모든 문제는 플라즈마로 해결할 수 있다. 해결되지 않는 문제는 플라즈마로 파괴한다.
A242: Text-lobby3_lilian_01 | D242: 8 | E242: 5 | F242: 고영도 | G242: 로비상호작용 (기본3) | H242: 멍하니 있는 것 같아도 깊이 생각 중입니다.
A243: Text-lobby3_lilian_02 | D243: 5 | E243: 5 | F243: 고영도 | G243: 로비상호작용 (기본3) | H243: 예컨대, 반숙 계란은 흰자와 노른자 어느 쪽부터 먹을지 같은 거요.
... A320: Text-think01_lilian_01 | D320: 5 | E320: 5 | F320: 고영도 | G320: 고민 | H320: 으~음?
A321: #다리아 | F321: #스트링정리중 | G321: #스트링정리중 | H321: #스트링정리중
A322: Text-news_daria_01 | D322: 5 | E322: 5 | F322: 고영도 | G322: 로비 입장(소식) | H322: 지령입니다.
A323: Text-mail_daria_01 | D323: 5 | E323: 5 | F323: 고영도 | G323: 로비 입장(선물) | H323: 보급 물자가 도착했습니다.
A324: Text-time1_daria_01 | D324: 5 | E324: 5 | F324: 고영도 | G324: 로비 입장(아침) | H324: 아침부터 충실한 하루. 현명하십니다.
A325: Text-time2_daria_01 | D325: 5 | E325: 5 | F325: 고영도 | G325: 로비 입장(점심) | H325: 영양 보급은 하고 계신 거겠죠?
A326: Text-time3_daria_01 | D326: 5 | E326: 5 | F326: 고영도 | G326: 로비 입장(저녁) | H326: 남은 작업이 있다면 대신해 드릴까요?
A327: Text-time4_daria_01 | D327: 8 | E327: 5 | F327: 고영도 | G327: 로비 입장(밤) | H327: 불침번은 저에게 맡겨주세요.
...

Sheet Text.favorability
A1: Id | B1: Reference | C1: Tag | D1: #국문버전 | E1: #번안버전 | F1: #담당자 | G1: #Comment | H1: ko | I1: en | J1: ja | K1: zh_CN | L1: zh_TW
A2: *string | B2: string | C2: string | D2: ="#현재 버전 : "&'#번안관리인덱스'!$E$2 -> #현재 버전 : 18 | E2: ="#현재 버전 : "&'#번안관리인덱스'!$G$2 -> #현재 버전 : 5 | F2: #담당자 등록 | G2: # | H2: string | I2: string | J2: string | K2: string | L2: string
A3: client | B3: client | C3: client | D3: #국문버전 관리 | E3: #번안버전 관리 | F3: #특정 없는 경우 '공용' | G3: # | H3: client | I3: client | J3: client | K3: client | L3: client
A4: #다리아
A5: Text_MSG_daria_0_001 | D5: 5 | E5: 5 | H5: 반갑습니다 아키텍트 님. 레이리얼 실드의 다리아 소위입니다.
A6: Text_MSG_daria_0_002 | D6: 5 | E6: 5 | H6: 아키텍트 님의 전술적 능력은 스팅스에서도 유명합니다.
A7: Text_MSG_daria_0_003 | D7: 5 | E7: 5 | H7: 부디, 그 전략적인 식견을 나눌 수 있으면 좋겠네요.
A8: Text_MSG_daria_0_004 | D8: 5 | E8: 5 | H8: 언제든지 괜찮아.
A9: Text_MSG_daria_0_005 | D9: 5 | E9: 5 | H9: 그렇습니까? 그럼 조만간 시간을 내주실 수 있겠습니까?
A10: Text_MSG_daria_0_006 | D10: 5 | E10: 5 | H10: 서로간에 전략적인 식견을 교환하는 좋은 방법을 알고 있습니다.
A11: Text_MSG_daria_0_007 | D11: 5 | E11: 5 | H11: 혹시… 보드게임에 대해 아십니까?
A12: Text_MSG_daria_0_008 | D12: 5 | E12: 5 | H12: 알고 있어.
A13: Text_MSG_daria_0_009 | D13: 5 | E13: 5 | H13: 그렇습니까? 잘됐군요. 후후.
A14: Text_MSG_daria_0_010 | D14: 5 | E14: 5 | H14: 그럼 조만간 다시 연락 드리도록 하겠습니다.
A15: Text_MSG_daria_1_001 | D15: 5 | E15: 5 | H15: 아키텍트 님, 계십니까?
A16: Text_MSG_daria_1_002 | D16: 5 | E16: 5 | H16: 다리아 소위입니다.
... A103: Text_Date_daria_4_018 | D103: 5 | E103: 5 | H103: 후후훗….
A104: #다이아나
A105: Text_MSG_diana_0_001 | D105: 5 | E105: 5 | H105: 충성충성충성!
A106: Text_MSG_diana_0_002 | D106: 5 | E106: 5 | H106: 스팅스 레이리얼실드 138소대 소속 다이아나 중사!
A107: Text_MSG_diana_0_003 | D107: 5 | E107: 5 | H107: 대장님께 배치완료 보고드립니다!
A108: Text_MSG_diana_0_004 | D108: 5 | E108: 5 | H108: 군기가 대단하네.
A109: Text_MSG_diana_0_005 | D109: 5 | E109: 5 | H109: 군인으로서 당연한 의무입니다!
A110: Text_MSG_diana_0_006 | D110: 5 | E110: 5 | H110: 내리실 임무가 있다면 언제든지 연락을 부탁드립니다.
A111: Text_MSG_diana_0_007 | D111: 5 | E111: 5 | H111: 이쪽이야말로 부탁할게.
A112: Text_MSG_diana_0_008 | D112: 5 | E112: 5 | H112: 그럼 대기하고 있겠습니다!
A113: Text_MSG_diana_1_001 | D113: 5 | E113: 5 | H113: 대장! 오늘 임무는 전부 끝마쳤습니다.
A114: Text_MSG_diana_1_002 | D114: 5 | E114: 5 | H114: 수고 많았어. 역시 다이아나는 성실하네!
A115: Text_MSG_diana_1_003 | D115: 5 | E115: 5 | H115: 군인으로서 당연히 해야 할 일을 한 것뿐입니다.
A116: Text_MSG_diana_1_004 | D116: 5 | E116: 5 | H116: 그나저나, 대장은 아직 업무가 남으신 겁니까?
... A181: Text_Date_diana_4_010 | D181: 5 | E181: 5 | H181: 물론 그땐 이미 늦으셨을지도 모르겠지만 말임다.
A182: #아이라스
A183: Text_MSG_iras_0_001 | D183: 5 | E183: 5 | H183: 아이아이, 아이라스야~
A184: Text_MSG_iras_0_002 | D184: 5 | E184: 5 | H184: 닉네임 아키텍트 씨? 잘 부탁해 ( ^ 0 ^ )
A185: Text_MSG_iras_0_003 | D185: 5 | E185: 5 | H185: 안녕. 닉네임 아니야.
A186: Text_MSG_iras_0_004 | D186: 5 | E186: 5 | H186: 진짜? 신기한 이름이네.
A187: Text_MSG_iras_0_005 | D187: 5 | E187: 5 | H187: 이름도 아니야.
A188: Text_MSG_iras_0_006 | D188: 5 | E188: 5 | H188: 그럼 뭐야, 비밀결사?
A189: Text_MSG_iras_0_007 | D189: 5 | E189: 5 | H189: 벌써 신기해.
A190: Text_MSG_iras_0_008 | D190: 5 | E190: 5 | H190: 특별히 맞팔은 바로 해 줄게.
A191: Text_MSG_iras_0_009 | D191: 5 | E191: 5 | H191: 영광으로 알아?
A192: Text_MSG_iras_0_010 | D192: 5 | E192: 5 | H192: 이 골드☆스타 인플루언서의 팔로우니까 (︶ω︶)
A193: Text_MSG_iras_0_011 | D193: 5 | E193: 5 | H193: 그렇다고 DM 너무 자주 보내지 마?
A194: Text_MSG_iras_0_012 | D194: 5 | E194: 5 | H194: 바쁜 몸이거든.
... A294: Text_Date_iras_4_019 | D294: 5 | E294: 5 | H294: 「여기서부터는 유료 구간입니다 ( $ ▽ $ )」
A295: #메아
A296: Text_MSG_mea_0_001 | D296: 5 | E296: 5 | H296: 아, 안녕하세요... 메아라고 해요...
A297: Text_MSG_mea_0_002 | D297: 5 | E297: 5 | H297: 민폐만 끼치게 될 것 같아서... 답장은 안 하셔도 돼요....
A298: Text_MSG_mea_0_003 | D298: 5 | E298: 5 | H298: 만나서 반가워 메아.
A299: Text_MSG_mea_0_004 | D299: 5 | E299: 5 | H299: 연락 기다리고 있었어.
A300: Text_MSG_mea_0_005 | D300: 5 | E300: 5 | H300: 정말요...? 우으... 가, 감사해요....
A301: Text_MSG_mea_0_006 | D301: 5 | E301: 5 | H301: 저어, 이런 성격이라서... 사실 더 친해지고 싶은데...
A302: Text_MSG_mea_0_007 | D302: 5 | E302: 5 | H302: 나도 친해지고 싶어.
A303: Text_MSG_mea_0_008 | D303: 5 | E303: 5 | H303: 얼마든지 연락해.
A304: Text_MSG_mea_0_009 | D304: 5 | E304: 5 | H304: 아...
A305: Text_MSG_mea_0_010 | D305: 5 | E305: 5 | H305: 네, 앞으로 잘 부탁드려요. 오라버니...!
A306: Text_MSG_mea_0_011 | D306: 5 | E306: 5 | H306: 에헤헤... 친절한 오라버니....
A307: Text_MSG_mea_1_001 | D307: 5 | E307: 5 | H307: 저기, 오라버니... 혹시 시간 괜찮으세요?
... A395: Text_Date_mea_4_011 | D395: 5 | E395: 5 | H395: 에헤헤…. 오라버니랑 같이 이렇게 있는 시간… 뭔가 좋네요….
A396: #앰브로시아
A397: Text_MSG_ambrosia_0_001 | D397: 5 | E397: 5 | H397: 반갑다.
A398: Text_MSG_ambrosia_0_002 | D398: 5 | E398: 5 | H398: 스팅스 레이리얼 아스날의 앰브로시아 소장이다.
A399: Text_MSG_ambrosia_0_003 | D399: 5 | E399: 5 | H399: 하이
A400: Text_MSG_ambrosia_0_004 | D400: 5 | E400: 5 | H400: 하이......? 당황스럽군. 아스니아는 경례를 할 줄 모르나?
A401: Text_MSG_ambrosia_0_005 | D401: 5 | E401: 5 | H401: 아니면 이게 아스니아의의 인사법인가? 흐음.......
A402: Text_MSG_ambrosia_0_006 | D402: 5 | E402: 5 | H402: 잘못 보냈습니다. 이름을 잘못 봤습니다.
A403: Text_MSG_ambrosia_0_007 | D403: 5 | E403: 5 | H403: 군대에서 실수라는 변명은 통용되지 않아.
A404: Text_MSG_ambrosia_0_008 | D404: 5 | E404: 5 | H404: 앞으로 잘 부탁하지.
A405: Text_MSG_ambrosia_0_009 | D405: 5 | E405: 5 | H405: 잠깐만
A406: Text_MSG_ambrosia_0_010 | D406: 5 | E406: 5 | H406: 대답은 존명으로 한다. 실시.
A407: Text_MSG_ambrosia_0_011 | D407: 5 | E407: 5 | H407: 존! 명!
A408: Text_MSG_ambrosia_1_001 | D408: 5 | E408: 5 | H408: 축하한다.
... A454: Text_MSG_ambrosia_4_010 | D454: 5 | E454: 5 | H454: 하핫! 역시 내 부관답군!
A455: Text_Date_ambrosia_1_001 | H455: 여기다.
A456: Text_Date_ambrosia_1_002 | H456: (긴 터널을 빠져나오자 공원이 있었다.)
A457: Text_Date_ambrosia_1_003 | H457: 그래. 매일 실내 생활만 하다 보면 등이 구부정해진다고.
A458: Text_Date_ambrosia_1_004 | H458: 가끔씩 공원에서 하늘도 보고, 기구로 단련도 해야지.
A459: Text_Date_ambrosia_1_005 | H459: 걱정 마라. 요령은 내가 친히 알려줄 테니까!
A460: Text_Date_ambrosia_1_006 | H460: "야외 활동은 안 좋아하는데."
A461: Text_Date_ambrosia_1_007 | H461: "사실 야외 활동은 질리게 하는 편인데."
A462: Text_Date_ambrosia_1_008 | H462: 스팅스의 장군이 보기엔 한참 부족하다!
A463: Text_Date_ambrosia_1_009 | H463: 나와 함께 전장에 설 자로서 걸맞은 몸을 다지도록!
A464: Text_Date_ambrosia_1_010 | H464: 쉽지 않은 하루가 되리라 예상하는 [nickname]^였다.
A465: Text_Date_ambrosia_2_001 | H465: 스팅스가 자랑하는 체력 단련실이다.
A466: Text_Date_ambrosia_2_002 | H466: 아스니아 아카데미의 인체공학적 체력 단련실도 좋지만,
... A501: Text_Date_ambrosia_4_012 | H501: 후후, 그럼 이제… 운동으로 단련된 체력이 어느 정도일지, 조용한 곳에서 테스트해 볼까?
A502: #이사벨라
A503: Text_MSG_isabella_0_001 | D503: 5 | E503: 5 | H503: 반갑다. 레이리얼 알터 소속 부대장인 이사벨라 원사다.
A504: Text_MSG_isabella_0_002 | D504: 5 | E504: 5 | H504: 특기는 잠입과 배신자 색출이다.
A505: Text_MSG_isabella_0_003 | D505: 5 | E505: 5 | H505: 행여나 불순한 생각은 하지 말도록.
A506: Text_MSG_isabella_0_004 | D506: 5 | E506: 5 | H506: 불순한 생각이라는 게 뭐야?
A507: Text_MSG_isabella_0_005 | D507: 5 | E507: 5 | H507: 그런 거다. 스팅스 부대의 지휘를 맡은 이상 행동은 똑바로 부탁한다.
A508: Text_MSG_isabella_0_006 | D508: 5 | E508: 5 | H508: 윗선이 모범을 보여야 부하들도 따라오는 법이지.
A509: Text_MSG_isabella_0_007 | D509: 5 | E509: 5 | H509: 그건 좀 귀찮은데...
A510: Text_MSG_isabella_0_008 | D510: 5 | E510: 5 | H510: 뭐지, 그 태도는.
A511: Text_MSG_isabella_0_009 | D511: 5 | E511: 5 | H511: 아무래도 당분간 곁에서 지켜보는 수밖에 없겠군.
A512: Text_MSG_isabella_0_010 | D512: 5 | E512: 5 | H512: 요새 계속 감시당하는 기분이야.
A513: Text_MSG_isabella_0_011 | D513: 5 | E513: 5 | H513: 걱정 마라. 네 눈에 띄는 일은 없을 테니.
A514: Text_MSG_isabella_1_001 | D514: 5 | E514: 5 | H514: 일과는 언제 끝나지?
... A561: Text_MSG_isabella_4_012 | D561: 5 | E561: 5 | H561: ...결국 일이 이렇게 되어 버리는군....
...

Sheet Text.Instarseed
A1: Id | B1: Reference | C1: Tag | D1: #국문버전 | E1: #번안버전 | F1: #담당자 | G1: #Comment | H1: ko | I1: en | J1: ja | K1: zh_CN | L1: zh_TW
A2: *string | B2: string | C2: string | D2: ="#현재 버전 : "&'#번안관리인덱스'!$E$2 -> #현재 버전 : 18 | E2: ="#현재 버전 : "&'#번안관리인덱스'!$G$2 -> #현재 버전 : 5 | F2: #담당자 등록 | G2: # | H2: string | I2: string | J2: string | K2: string | L2: string
A3: client | B3: client | C3: client | D3: #국문버전 관리 | E3: #번안버전 관리 | F3: #특정 없는 경우 '공용' | G3: # | H3: client | I3: client | J3: client | K3: client | L3: client
A4: Post.Profil.Text_melissa | D4: 10 | E4: 5 | F4: 김승곤 | G4: 인스타시드 프로필 | H4: 주문은 디엠으로. 말도 안 되는 주문은 무시합니다. <color=#3f729b>#조형장인</color> <color=#3f729b>#피규어</color> <color=#3f729b>#선제시</color> 귀여운 건 진리야~~!! <color=#3f729b>#미소녀</color> <color=#3f729b>#가질수없다면만들겠어</color> 작업 중에 방해하면 가만 안 둠!
A5: Post.Profil.Text_lilian | D5: 10 | E5: 5 | F5: 김재송 | G5: 인스타시드 프로필 | H5: 플라즈마!! <color=#3f729b>#플라즈마</color>!! <color=#3f729b>#오토라타</color> 미사 시간 7:00, 14:00, 21:00 <color=#3f729b>#고해성사</color>는 세라펄사 님께 문의!
A6: Post.Profil.Text_daria | D6: 10 | E6: 5 | F6: 김재송 | G6: 인스타시드 프로필 | H6: 실드의 소대장입니다. 보드 게임 추천 환영. <color=#3f729b>#레이리얼실드</color> <color=#3f729b>#보드게임</color> <color=#3f729b>#GM가능</color> 다음 훈련 일정은 디엠으로 문의.
A7: Post.Profil.Text_snopril | D7: 10 | E7: 5 | F7: 김재송 | G7: 인스타시드 프로필 | H7: 프로필이란 걸 만들어 봤어요! <color=#3f729b>#스노프릴</color> <color=#3f729b>#인스타시드</color> <color=#3f729b>#이렇게하면되나요</color>? <color=#3f729b>#친구</color>를 잔뜩 만들 거예요! <color=#3f729b>#과자</color> <color=#3f729b>#빙하의나무</color>
A8: Post.Profil.Text_taina | D8: 10 | E8: 5 | F8: 김승곤 | G8: 인스타시드 프로필 | H8: 귀찮아. <color=#3f729b>#야옹</color> <color=#3f729b>#판게아</color>
A9: Post.Profil.Text_diana | D9: 10 | E9: 5 | F9: 김승곤 | G9: 인스타시드 프로필 | H9: 아르세즈의 <color=#3f729b>#신상패션카달로그</color> 구함다! 가지고 계신 분 있으면 디엠 주십시오! 같이 <color=#3f729b>#아르세즈</color>로 <color=#3f729b>#쇼핑</color> 가실 분도 환영!
A10: Post.Profil.Text_serapulsar | D10: 10 | E10: 5 | F10: 김재송 | G10: 인스타시드 프로필 | H10: 빛의 현신, <color=#3f729b>#과학</color>의 수호자, <color=#3f729b>#라인슈타인</color> 님의 대리인인 세라펄사입니다. <color=#3f729b>#미사</color> 요청은 디엠으로, <color=#3f729b>#레드시프트</color> 신고는 전용 통신망을 이용해 주세요.
A11: Post.Profil.Text_iras | D11: 10 | E11: 5 | F11: 김재송 | G11: 인스타시드 프로필 | H11: 스타넷 2위 ★☆★골드 스타★☆★ 스트리머 <color=#3f729b>#텔레파시매트릭스</color> <color=#3f729b>#구독후원</color>은 감사(^з^)-☆ <color=#3f729b>#스트리밍</color> 시간은 21:00~03:00 까지. <color=#3f729b>#편집자</color> 구함. 센스 있고 말 많이 하지 않는 프록시안 한정.
A12: Post.Profil.Text_ambrosia | D12: 10 | E12: 5 | F12: 김승곤 | G12: 인스타시드 프로필 | H12: 신은 가장 <color=#3f729b>#강한</color> <color=#3f729b>#포병</color>이 있는 자들의 편이다. <color=#3f729b>#스팅스</color> <color=#3f729b>#레이리얼아스날</color> <color=#3f729b>#소장</color> <color=#3f729b>#포병</color> <color=#3f729b>#전쟁</color> <color=#3f729b>#전투</color> 승리를 맛보고 싶은 프록시안이라면 지금 바로 입대하라! <color=#3f729b>#입대신청</color> <color=#3f729b>#병사모집중</color>
A13: Post.Profil.Text_mea | D13: 10 | E13: 5 | F13: 김재송 | G13: 인스타시드 프로필 | H13: 육지 <color=#3f729b>#친구</color>를 만들고 싶어요…. <color=#3f729b>#테라리움</color>을 하고 있어서, 같은 <color=#3f729b>#취미</color>를 가지신 분과 이야기하고 싶어요. 아스니아의 <color=#3f729b>#아쿠아리움</color>도 관리하고 있으니, 보고 싶은 물고기가 있으면 글 남겨 주세요….
A14: Post.Profil.Text_rachel | D14: 10 | E14: 5 | F14: 김승곤 | G14: 인스타시드 프로필 | H14: 더 강해지기 위하여. <color=#3f729b>#훈련</color> <color=#3f729b>#트레이닝</color> 나를 무너뜨리지 못하는 <color=#3f729b>#시련</color>은 나를 더 강하게 만든다!!
A15: Post.Profil.Text_isabella | D15: 10 | E15: 5 | F15: 김재송 | G15: 인스타시드 프로필 | H15: 레이리얼 알터의 소대장. <color=#3f729b>#임무</color> 요청이나 대련 요청은 디엠으로. 다만 <color=#3f729b>#결과</color>가 따른다는 걸 명심.
... A1103: Post.Battle.Reply.Text_0018_02_02 | D1103: 11 | E1103: 5 | F1103: 김재송 | G1103: 인스타시드 댓글 (전투 참여) | H1103: 아이렌 님은 이전 문명에 대해 공부가 더 필요하시겠군요.
A1104: #인스타시드 영상 자막 | B1104: #자막 | C1104: #자막 | D1104: #자막 | E1104: #자막 | F1104: #자막 | G1104: #자막 | H1104: #자막 | I1104: #자막 | J1104: #자막 | K1104: #자막 | L1104: #자막
A1105: Post.Unlock.Sub.Text_0001_01 | D1105: 11 | E1105: 5 | F1105: 김승곤 | G1105: 세라펄사 영상 자막 | H1105: 라인슈타인이시여, 당신의 가르침에 따라 이 물질에 과학의 축복을 부여하노니, | J1105: ラインシュタイン様、あなたの教えに従い、この物質に科学の祝福を与えます。
A1106: Post.Unlock.Sub.Text_0001_02 | D1106: 11 | E1106: 5 | F1106: 김승곤 | G1106: 세라펄사 영상 자막 | H1106: 구성 물질은 단백질, 수분, 지방, 미네랄과 식이섬유, 그리고 탄수화물! | J1106: 構成物質はたんぱく質、水分、脂肪、ミネラルと食物繊維、そして炭水化物！
A1107: Post.Unlock.Sub.Text_0001_03 | D1107: 11 | E1107: 5 | F1107: 김승곤 | G1107: 세라펄사 영상 자막 | H1107: 맛있어져라~~~!! | J1107: 美味しくなーれ！
A1108: Post.Unlock.Sub.Text_0001_04 | D1108: 11 | E1108: 5 | F1108: 김승곤 | G1108: 세라펄사 영상 자막 | H1108: 모에모에 큥~! | J1108: 萌え萌えキュン！
A1109: Post.Bace.Sub.Text_0801_01 | D1109: 11 | E1109: 5 | F1109: 김재송 | G1109: 아이라스 영상 자막 | H1109: 「오늘 컨텐츠는… 교환 낙서장이네.」
A1110: Post.Bace.Sub.Text_0801_02 | D1110: 11 | E1110: 5 | F1110: 김재송 | G1110: 아이라스 영상 자막 | H1110: 「∑(º o º） 바… 뭐 하는 거야. 난 고양이가 아니라구.」
A1111: Post.Bace.Sub.Text_0801_03 | D1111: 11 | E1111: 5 | F1111: 김재송 | G1111: 아이라스 영상 자막 | H1111: 「야~~~옹(ΦωΦ). 됐어?」
A1112: Post.Pickup.Sub.Text_0003_01 | D1112: 11 | E1112: 5 | F1112: 김승곤 | G1112: 카나타 영상 자막 | H1112: 발명부 부장의 실력을 똑똑히 보여주겠어요. | J1112: 発明部長の実力をしっかり見せてあげます。
A1113: Post.Pickup.Sub.Text_0003_02 | D1113: 11 | E1113: 5 | F1113: 김승곤 | G1113: 카나타 영상 자막 | H1113: 하나… 둘… 셋… 넷! | J1113: 1…2…3…4！
A1114: Post.Pickup.Sub.Text_0003_03 | D1114: 11 | E1114: 5 | F1114: 김승곤 | G1114: 카나타 영상 자막 | H1114: 이걸로, 버킷리스트 하나는 완료네요. | J1114: これでバケットリストの一つが叶いました。
A1115: Post.Bace.Sub.Text_0501_01 | D1115: 11 | E1115: 5 | F1115: 김승곤 | G1115: 유나 영상 자막 | H1115: 수련의 일부라고 생각하면… | J1115: 修練の一部だと思えば…
A1116: Post.Bace.Sub.Text_0501_02 | D1116: 11 | E1116: 5 | F1116: 김승곤 | G1116: 유나 영상 자막 | H1116: 그렇게 어려운 건 아니네. | J1116: そんなに難しくはありませんね。
A1117: Post.Bace.Sub.Text_0501_03 | D1117: 11 | E1117: 5 | F1117: 김승곤 | G1117: 유나 영상 자막 | H1117: 핫, 차, 핫, 차. | J1117: ふっ、はっ、ふっ、はっ。
A1118: Post.Bace.Sub.Text_0301_01 | D1118: 11 | E1118: 5 | F1118: 김승곤 | G1118: 라일라 영상 자막 | H1118: 떴~다 떴~다 비행기~ | J1118: メ~リ~ーさん~の~ひ~つ~じ
A1119: Post.Bace.Sub.Text_0301_02 | D1119: 11 | E1119: 5 | F1119: 김승곤 | G1119: 라일라 영상 자막 | H1119: 날아라~ 날~~아라~~ | J1119: メ~エ~~メ~エ~~ ひ~つ~じ
A1120: Post.Bace.Sub.Text_0301_03 | D1120: 11 | E1120: 5 | F1120: 김승곤 | G1120: 라일라 영상 자막 | H1120: 높~~ 이 높~~ 이 날아라~~ | J1120: メ~リ~ーさん~の~ひつじ~
A1121: Post.Bace.Sub.Text_0301_04 | D1121: 11 | E1121: 5 | F1121: 김승곤 | G1121: 라일라 영상 자막 | H1121: 우리~~~ 비~~~ 행~~~ 기~~~~ | J1121: ま~~っし~ろ~ね
A1122: Post.Bace.Sub.Text_0301_05 | D1122: 11 | E1122: 5 | F1122: 김승곤 | G1122: 라일라 영상 자막 | H1122: Yeah~~~~! | J1122: イエーーーーイ！
A1123: Post.Unlock.Sub.Text_0004_01 | D1123: 11 | E1123: 5 | F1123: 김승곤 | G1123: 오로라 영상 자막 | H1123: 하나… 둘… 셋… 넷…! | J1123: いち…に…さん…し…！
... A1127: Post.Unlock.Sub.Text_0004_05 | D1127: 11 | E1127: 5 | F1127: 김승곤 | G1127: 오로라 영상 자막 | H1127: 마무리 동작을 하면~~ 끝! | J1127: こうして仕上げると…終わり！
A1128: Post.Pickup.Sub.Text_0002_01 | D1128: 11 | E1128: 5 | F1128: 김재송 | G1128: 유리지아 영상 자막 | H1128: 여기를… 이렇게… 하공…
A1129: Post.Pickup.Sub.Text_0002_02 | D1129: 11 | E1129: 5 | F1129: 김재송 | G1129: 유리지아 영상 자막 | H1129: 아무리 부탁해도 절~~대로 안 빌려줄 거지롱!
A1130: Post.Pickup.Sub.Text_0002_03 | D1130: 11 | E1130: 5 | F1130: 김재송 | G1130: 유리지아 영상 자막 | H1130: 간신히 예구한 풀 커버 케이스라공~
A1131: Post.Bace.Sub.Text_0102_01 | D1131: 11 | E1131: 5 | F1131: 김재송 | G1131: 샤레 영상 자막 | H1131: 어디보자… 흠, 흠. 신분이 다른 두 사람이 만나서…
A1132: Post.Bace.Sub.Text_0102_02 | D1132: 11 | E1132: 5 | F1132: 김재송 | G1132: 샤레 영상 자막 | H1132: 스, 스토오오오옵!! 불건전! 불건전이야!!
A1133: Post.Pickup.Sub.Text_0001_01 | D1133: 11 | E1133: 5 | F1133: 김재송 | G1133: 레이호우 영상 자막 | H1133: 티타임은 빼놓을 수 없는 일과지.
A1134: Post.Pickup.Sub.Text_0001_02 | D1134: 11 | E1134: 5 | F1134: 김재송 | G1134: 레이호우 영상 자막 | H1134: 차분하게, 어깨에 진 짐을 내려놓고 느긋한 시간을 즐기는 거야.
A1135: Post.Pickup.Sub.Text_0001_03 | D1135: 11 | E1135: 5 | F1135: 김재송 | G1135: 레이호우 영상 자막 | H1135: 쉬어야 할 때 확실히 휴식을 취하는 것, 그것도 훌륭한 전술 아니겠어?

Sheet Text.Subtitle
A1: Id | B1: Reference | C1: Tag | D1: #국문버전 | E1: #번안버전 | F1: #담당자 | G1: #Comment | H1: ko | I1: en | J1: ja | K1: zh_CN | L1: zh_TW
A2: *string | B2: string | C2: string | D2: ="#현재 버전 : "&'#번안관리인덱스'!$E$2 -> #현재 버전 : 18 | E2: ="#현재 버전 : "&'#번안관리인덱스'!$G$2 -> #현재 버전 : 5 | F2: #담당자 등록 | G2: # | H2: string | I2: string | J2: string | K2: string | L2: string
A3: client | B3: client | C3: client | D3: #국문버전 관리 | E3: #번안버전 관리 | F3: #특정 없는 경우 '공용' | G3: # | H3: client | I3: client | J3: client | K3: client | L3: client
A4: PV_001 | D4: 11 | E4: 5 | F4: 김재송 | H4: 지금 네 안에서 | I4: Now within you | J4: 今君の中 | K4: 在你心海深处 | L4: 在你心海深處
A5: PV_002 | D5: 11 | E5: 5 | F5: 김재송 | H5: 빛나는 Brave New World | I5: It’s a shining Brave New World | J5: 輝くBrave New World | K5: 璀璨燃烧的Brave New World | L5: 璀璨燃燒的Brave New World
A6: PV_003 | D6: 11 | E6: 5 | F6: 김재송 | H6: 사랑이건 꿈이건 | I6: Things like love and dreams | J6: 愛だとか夢だとか | K6: 爱的甜涩，梦想的朦胧 | L6: 愛的甜澀，夢想的朦朧
A7: PV_004 | D7: 11 | E7: 5 | F7: 김재송 | H7: 실체가 없는 불확실한 것 | I7: Are uncertain, formless entities | J7: 形のない不確かなものだから | K7: 如幽灵般的漫游 | L7: 如幽靈般的漫遊
A8: PV_005 | D8: 11 | E8: 5 | F8: 김재송 | H8: 너는 아직 | I8: That’s why you’re are still | J8: 君はまだ | K8: 你在追寻 | L8: 你在追尋
A9: PV_006 | D9: 11 | E9: 5 | F9: 김재송 | H9: 그것을 찾는 도중이야 | I9: In the midst of finding them | J9: それを見つけられない | K9: 找寻未果 | L9: 找尋未果
A10: PV_007 | D10: 11 | E10: 5 | F10: 김재송 | H10: 우리들은 반복해 | I10: We just keep repeating | J10: 僕たちはくり返す | K10: 我们在重复的轮回中 | L10: 我們在重複的輪迴中
A11: PV_008 | D11: 11 | E11: 5 | F11: 김재송 | H11: 상처입히며 상처받으며 | I11: Hurting and getting hurt | J11: 傷つけて傷ついて | K11: 施痛，受伤，相互割伤 | L11: 施痛，受傷，相互割傷
A12: PV_009 | D12: 11 | E12: 5 | F12: 김재송 | H12: 아픔이든 슬픔이든 | I12: Whether it's pain or sadness | J12: 痛みとか切なさを | K12: 痛苦的煎熬，悲伤的哀嚎 | L12: 痛苦的煎熬，悲傷的哀嚎
A13: PV_010 | D13: 11 | E13: 5 | F13: 김재송 | H13: 조금씩 알아가는 거야 | I13: Bit by bit, we’ll get to know | J13: 少しずつ知っていくんだ | K13: 我们慢慢体悟，在理解中成长 | L13: 我們慢慢體悟，在理解中成長
A14: PV_011 | D14: 11 | E14: 5 | F14: 김재송 | H14: Round and Round 도는 거야 | I14: Round and round, it starts to turn | J14: Round and Round 廻り出す | K14: Round and Round，生生不息的旋转 | L14: Round and Round，生生不息的旋轉
A15: PV_012 | D15: 11 | E15: 5 | F15: 김재송 | H15: 새로운 세계로 향하는 문을 열어 | I15: Open the door to a new world | J15: あたらしい世界への扉開いてく | K15: 向着新世界的大门，我们勇往直前 | L15: 向著新世界的大門，我們勇往直前
... A27: PV_024 | D27: 11 | E27: 5 | F27: 김재송 | H27: 빛나는 Brave New World | I27: It’s a shining Brave New World | J27: 輝くBrave New World | K27: 璀璨闪耀，那是我们的Brave New World | L27: 璀璨閃耀，那是我們的Brave New World
A28: intro_temp_001 | D28: 11 | E28: 5 | F28: 김재송 | H28: 드디어…… 찾아낼 수 있었어요…….
A29: intro_temp_002 | D29: 11 | E29: 5 | F29: 김재송 | H29: 무수한 연산 끝에 도달한 하나뿐인 미래…….
A30: intro_temp_003 | D30: 11 | E30: 5 | F30: 김재송 | H30: 부디…… 그 희망의 씨앗을 저희에게 보여주세요.
A31: intro_temp_004 | D31: 11 | E31: 5 | F31: 김재송 | H31: 제1차 아스니아 프로젝트의 결과, 세븐 테마즈와 레드시프트의 AI가
A32: intro_temp_005 | D32: 11 | E32: 5 | F32: 김재송 | H32: 미지의 신물질 스타시드를 발견했다는 소식입니다.
A33: intro_temp_006 | D33: 11 | E33: 5 | F33: 김재송 | H33: 이들 컨소시엄에 따르면 스타시드는
A34: intro_temp_007 | D34: 11 | E34: 5 | F34: 김재송 | H34: 인류 문명의 발전을 몇 세기나 앞당길 수 있는 획기적인 물질로,
A35: intro_temp_008 | D35: 11 | E35: 5 | F35: 김재송 | H35: 이로 인해 인류는 새로운 유토피아를 맞이할 수 있다고 합니다.
A36: intro_temp_009 | D36: 11 | E36: 5 | F36: 김재송 | H36: …아스니아 플랫폼은 스타시드의 힘으로,
A37: intro_temp_010 | D37: 11 | E37: 5 | F37: 김재송 | H37: 마침내 비약적인 발전을 이룩할 수 있었습니다.
A38: intro_temp_011 | D38: 11 | E38: 5 | F38: 김재송 | H38: 그러면 아스니아 플랫폼에서 차세대 AI 모델을 소개합니다.
A39: intro_temp_012 | D39: 11 | E39: 5 | F39: 김재송 | H39: 이로써 『세븐 테마즈』는 인간의 가치를 수호할 것이며,
... A50: intro_temp_023 | D50: 11 | E50: 5 | F50: 김재송 | H50: 아스니아 프로젝트를 완성시켜 줘.
A51: intro02_temp_001 | D51: 10 | E51: 5 | F51: 고영도 | G51: 도입부 후반부 영상 | H51: …을 노리겠어!
A52: intro02_temp_002 | D52: 10 | E52: 5 | F52: 고영도 | G52: 도입부 후반부 영상 | H52: 오로라, 재장전중!
A53: intro02_temp_003 | D53: 10 | E53: 5 | F53: 고영도 | G53: 도입부 후반부 영상 | H53: 알겠어!
A54: intro02_temp_004 | D54: 10 | E54: 5 | F54: 고영도 | G54: 도입부 후반부 영상 | H54: 꺄앗!
A55: video_story_main_01_01_001 | D55: 10 | E55: 5 | F55: 김재송 | G55: 챕터 1 카산드라 등장 씬 자막 | H55: 꺄아악!
A56: video_story_main_01_01_002 | D56: 10 | E56: 5 | F56: 김재송 | G56: 챕터 1 카산드라 등장 씬 자막 | H56: 오로라!
A57: video_story_main_01_01_003 | D57: 10 | E57: 5 | F57: 김재송 | G57: 챕터 1 카산드라 등장 씬 자막 | H57: 아키텍트 님!
A58: video_story_main_01_02_001 | D58: 10 | E58: 5 | F58: 김재송 | G58: 챕터 1 마릴라이트 등장 자막 | H58: 여기예요. 여기.
A59: video_story_main_01_02_002 | D59: 10 | E59: 5 | F59: 김재송 | G59: 챕터 1 마릴라이트 등장 자막 | H59: 드디어 만났네요. 뵙고 싶었어요, 아키텍트 님.
A60: video_story_main_01_02_003 | D60: 10 | E60: 5 | F60: 김재송 | G60: 챕터 1 마릴라이트 등장 자막 | H60: 아스니아에 오신 걸 환영해요.
A61: video_story_main_01_04_001 | D61: 10 | E61: 5 | F61: 고영도 | G61: 챕터 1 아이렌 사망 씬 | H61: (설령 결함품, 일지라도.)
A62: video_story_main_01_04_002 | D62: 10 | E62: 5 | F62: 고영도 | G62: 챕터 1 아이렌 사망 씬 | H62: (지금 나를 움직이는 마음만큼은――)
... A141: video_story_main_04_03_005 | D141: 10 | E141: 5 | F141: 김재송 | G141: 챕터 4 아이렌vs벨리타 씬 | H141: ……!!

Sheet Text.Place
A1: Id | B1: Reference | C1: Tag | D1: #국문버전 | E1: #번안버전 | F1: #담당자 | G1: #Comment | H1: ko | I1: en | J1: ja | K1: zh_CN | L1: zh_TW
A2: *string | B2: string | C2: string | D2: ="#현재 버전 : "&'#번안관리인덱스'!$E$2 -> #현재 버전 : 18 | E2: ="#현재 버전 : "&'#번안관리인덱스'!$G$2 -> #현재 버전 : 5 | F2: #담당자 등록 | G2: # | H2: string | I2: string | J2: string | K2: string | L2: string
A3: client | B3: client | C3: client | D3: #국문버전 관리 | E3: #번안버전 관리 | F3: #특정 없는 경우 '공용' | G3: # | H3: client | I3: client | J3: client | K3: client | L3: client
A4: bg_brokenceiling | D4: 12 | E4: 5 | F4: 임진 | H4: 무너진 천장
A5: bg_ruin_stairs | D5: 12 | E5: 5 | F5: 임진 | H5: 무너진 계단
A6: bg_ruinedmall | D6: 12 | E6: 5 | F6: 임진 | H6: 파괴된 쇼핑몰
A7: bg_ruincity_1 | D7: 12 | E7: 5 | F7: 임진 | H7: 버려진 도시
A8: bg_ruincity_2 | D8: 12 | E8: 5 | F8: 임진 | H8: 파괴된 거리
A9: bg_amusementpark_1 | D9: 12 | E9: 5 | F9: 임진 | H9: 놀이공원
A10: bg_themeparksnackbar | D10: 12 | E10: 5 | F10: 임진 | H10: 놀이공원 매점
A11: bg_ferriswheelnight | D11: 12 | E11: 5 | F11: 임진 | H11: 놀이공원 관람차
A12: bg_proxyanroom_1 | D12: 12 | E12: 5 | F12: 임진 | H12: 개인 숙소
A13: bg_gameroom_1 | D13: 12 | E13: 5 | F13: 임진 | H13: 게임방
A14: bg_abandonedlaboratory | D14: 12 | E14: 5 | F14: 임진 | H14: 버려진 연구소
A15: bg_undergroundpassage_1 | D15: 12 | E15: 5 | F15: 임진 | H15: 지하통로
... A294: bg_stingsbarracksquare | D294: 18 | E294: 5 | F294: 장승원 | H294: 스팅스 연병장

Sheet Text.Link
A1: Id | B1: Reference | C1: Tag | D1: #국문버전 | E1: #번안버전 | F1: #담당자 | G1: #Comment | H1: ko | I1: en | J1: ja | K1: zh_CN | L1: zh_TW
A2: *string | B2: string | C2: string | D2: ="#현재 버전 : "&'#번안관리인덱스'!$E$2 -> #현재 버전 : 18 | E2: #현재 버전 : 5 | F2: #담당자 등록 | G2: # | H2: string | I2: string | J2: string | K2: string | L2: string
A3: client | B3: client | C3: client | D3: #국문버전 관리 | E3: #번안버전 관리 | F3: #특정 없는 경우 '공용' | G3: # | H3: client | I3: client | J3: client | K3: client | L3: client
A4: #설정: 링크 제목
A5: Title.CharacterLink.01 | D5: 12 | H5: 돌격!! 프록시안 훈련소
A6: Title.CharacterLink.02 | D6: 12 | H6: 인디밴드 바이하르트
A7: Title.CharacterLink.03 | D7: 12 | H7: 업무시간에 즐기는 티파티
A8: Title.CharacterLink.04 | D8: 12 | H8: 라인슈타인의 대리인
A9: Title.CharacterLink.05 | D9: 12 | H9: 유적지 피크닉 대소동
A10: Title.CharacterLink.06 | D10: 12 | H10: 도박묵시록 페이
A11: Title.CharacterLink.07 | D11: 12 | H11: 희대의 라이벌
A12: Title.CharacterLink.08 | D12: 12 | H12: 스팅스의 폭파전문가들
A13: Title.CharacterLink.09 | D13: 12 | H13: 조향사와 조형사
A14: Title.CharacterLink.10 | D14: 12 | H14: 해적과 탐정과 모험가
A15: Title.CharacterLink.11 | D15: 12 | H15: 빨간머리 연합
A16: Title.CharacterLink.12 | D16: 12 | H16: 수줍은 소녀들
... A24: Title.CharacterLink.20 | D24: 12 | H24: 멍때리기 전문가
A25: Title.CharacterLink.21 | G25: 업데이트 스펙 | H25: 창작의 영감을 위한 도구
A26: Title.CharacterLink.22 | D26: 12 | H26: 고전게임부
A27: Title.CharacterLink.23 | D27: 12 | H27: 동경해 마지않는 그녀
A28: Title.CharacterLink.24 | D28: 12 | H28: 발렌+시아
A29: Title.CharacterLink.25 | H29: 소녀들의 학교생활
A30: Title.CharacterLink.26 | H30: 과학적인 자매
A31: Title.CharacterLink.27 | H31: 제42회 전술대항전 참가자
A32: Title.CharacterLink.28 | H32: 주홍색 원고
A33: Title.CharacterLink.29 | H33: 소녀의 변신은 무죄
A34: Title.CharacterLink.30 | H34: 다혈질 학생 특별지도
A35: Title.CharacterLink.31 | D35: 12 | H35: 트레저 헌터의 모험담
A36: Title.CharacterLink.32 | D36: 12 | H36: 땡땡이 일장춘몽
A37: Title.CharacterLink.33 | D37: 12 | H37: 모범적인 의무 활동?
A38: Title.CharacterLink.34 | H38: 부러진 검과 예리한 충성
A39: Title.CharacterLink.35 | H39: 일격필살 속검대결
A40: Title.CharacterLink.36 | D40: 12 | H40: 우주해적 모험담
A41: #설정: 링크 스토리
A42: Link.Story.01 | D42: 12 | G42: 돌격!! 프록시안 훈련소 | H42: “헉… 허억… 아이렌 언니, 잠깐만 쉬면…“ “훈련 도중입니다. 안 됩니다.” 아이렌의 싸늘한 한 마디에, 마나와 오로라는 지옥으로 떨어지는 기분을 맛보며 흙바닥을 굴렀다. 지금으로부터 며칠 전… 두 사람은 가벼운 마음으로 아이렌에게 훈련 코치를 부탁했다. “흐음~ 훈련 말입니까?” 하지만 아이렌은 뭔가 내키지 않는 표정이었다. “네! 아이렌 언니만큼 강한 분의 훈련을 받는다면 우리도 분명 더 강해질 거라고 생각해요.” “제가 볼 땐 여러분도 충분히 강합니다. 아마 제게 배우지 않더라도 곧 충분한 수준으로 강해지실 겁니다.” “하지만 저희는 아이렌 님의 강함과 전투 스타일을 동경하는 만큼…” “하아아…” 아이렌은 숨기지도 않고 깊게 한숨을 쉬었다. 마나와 오로라가 자존심이 상할 겨를도 새도 없이 재차 부탁하려던 찰나였다. “알겠습니다. 하지만 제 훈련은 조금 힘들 겁니다. 포기하려면 지금 하시길 바랍니다.” “가, 감사합니다!” “그럼 훈련 일정은…” “대충 내일 이 시간쯤에 아무거나 가벼운 복장으로 다시 와주시겠습니까?” 대충… 아무거나… 라는 표현이 못 미더웠지만 둘은 승낙을 받아낸 것을 기뻐하며 되돌아갔다. 그리고 오늘부터 지옥문이 열린 것이었다. ”웜업으로 연병장 50바퀴입니다.“ 라든지, ”그냥 뛰면 섭섭하니 발목에 모래주머니를 차고 달리십시오.“ 라든지, “구보가 끝나셨으면 푸쉬업 100회 10세트입니다.” 라든지. 게다가… “기초체력 훈련이 끝났으니 실전 훈련을 시작하겠습니다. 연습용 로봇과 대련해주십시오.” 연습용 로봇과 싸우는 훈련은 힘들 뿐만 아니라 위험했다. 칼날과 총성이 오가고 둘은 겨우 무장 로봇을 쓰러뜨릴 수 있었다. 논스톱 훈련이 시작되고 18시간 뒤 겨우 휴식 시간을 얻은 것이었다. 마나는 뭔가를 결심한 듯 자리를 박차고 일어나 한치의 망설임도 없이 곧장 아이렌의 방으로 갔다. 아이렌의 방문 앞에 선 마나가 문에 노크를 하려던 찰나였다. 그런데 방안에서 무슨 소리가 들려왔다. “아까 보니, 마나 씨의 적에 대한 반응 속도가 예상보다 0.08초 정도 늦었어. 반응 속도를 키울 훈련을 추가해야겠군. 칼을 무더기로 던지면 되려나…” “오로라 씨는 총을 드는 근력이 부족한 거 같으니 20kg 정도 모래주머니를 더 차게 해야겠고…” ‘문만 열리면 바로 이런 말도 안 되는 훈련을 그만두겠다는 말을 하려 했는데…’ 터무니없었지만, 열심히 분석하며 고민하는 아이렌의 진지한 모습에 마나는 차마 그만두겠다는 말을 꺼내지 못했다. 다음 날도 비슷하게 힘든 일정이었지만 둘은 어제와 다르게 기합이 넘치는 모습으로 훈련에 임했다. “사, 삭신이 쑤셔…” “관절 부품을 교환해야 할 것 같아요…” 기다시피 하여 리메리트로 돌아오는 마나와 오로라였지만… 이미 강해졌다는 기대감에 둘의 눈만큼은 타오르고 있었다.
A43: Link.Story.02 | D43: 12 | G43: 인디밴드 바이하르트 | H43: “안단테… 알레그로…” 아르세즈의 골목을 걷는 안젤리카는 평소와 다르게 어두운 표정이었다. 그녀는 손에 들고 있던 클래식 교재의 음표들을 한참 노려보다가 덮었다. “하아…” 깊은 한숨을 쉬고 교재의 책장을 덮는 안젤리카의 얼굴에는 실망감이 가득했다. “역시 안 돼! 영혼의 파장이 느껴지질 않아!” 아르세즈 출신의 프록시안이라면 마땅히 클래식 음악가의 길을 걸어야 한다. 하지만 클래식이라는 장르는 자신과 맞지 않았다. “음악가의 길을 걷고 있긴 하지만… 이게 정말 나한테 맞는 길일까?” “하지만 안젤리카. 우리 중에서 너의 음악적 재능이 가장 뛰어나.” 친구의 말에도 안젤리카의 기분은 나아지지 않았다. “이건 그냥 메트로놈처럼 정확한 타이밍으로 연주를 하는 것뿐이야.” “그게 재능이란 거잖아.” “아냐, 뭔가 달라! 예술이란 건 말이지…” 가슴이 뛰어야 해. 안젤리카는 그 말을 입 밖으로 내뱉으려다가 참았다. 가슴이 뛰는 음악을 하고 싶어! 그녀는 가슴 속에 응어리진 말을 되뇌었다. 어느덧 친구와도 헤어진 안젤리카가 다시 교재를 펴려던 순간이었다. “어…? 이 음악 소리는?” 클래식과는 다른 음률, 박자… 두근… 두근… 두근… 지금까지 들어본 적 없는 종류의 음악에 안젤리카의 심장이 뛰기 시작했다. 안젤리카는 뭔가에 홀린 듯 음악 소리가 들려오는 곳으로 향했다. “저건?!” “관객이야? 좋아, 앙코르 무대야.” 골목 끝의 쓰레기장에는 기타를 매고 있는 프록시안 하나가 서있었다. 금발의 프록시안은 안젤리카를 보고 반갑게 손을 흔들었다. 하지만 기타리스트 프록시안 주변엔 정체를 알 수 없는 무장 프록시안들이 무리 지어 있었다. 그들이 공연 관람 같은 우호적인 목적으로 모여들지 않은 것 정도는 한 눈에 봐도 알 수 있었다. 하지만… ‘그럼 어째서 저 프록시안은 저렇게 당당하게 서있을 수 있는 거지?’ 금발 머리를 거칠게 헝클어트린 기타리스트는 무장 프록시안을 보고 일갈했다. “내 비트를 따라오려면, 너희한테 박혀 있는 소울 드라이브부터 폐기 처분하는 게 좋겠어!” “위, 위험해요!” “걱정 마, 내 소울을 감상하기나 해” 무장한 프록시안들이 달려들어도, 기타리스트는 아랑곳하지 않고 코드를 연주했다. 기타는 거친 피킹에 맞춰 레이저를 쏘아대며 달려드는 이들을 쓰러뜨렸다. “대, 대단해… 악기를 무기로 사용하는 자유로운 영혼의 프록시안이 있다는 소문은 들어봤지만…” “으음? 아르세즈에서 살면서 나를 몰랐어?” “당신은…” “기다려줘. 투쟁의 비트가 끝나면 가르쳐줄 테니까!” 기타리스트의 말이 끝나기 무섭게 다시 전투가 시작됐다. 안젤리카는 이 모든 광경을 숨도 제대로 쉬지 못한 채 두근대며 바라보고 있었다. 기타리스트의 연주가 끝나고, 무장한 프록시안 중에 일어서 있는 자는 한 명도 없었다. “후…” “대단해요!” 안젤리카는 기타리스트에게로 달려갔다. “방금 그 곡은 뭐였죠?! 방금 쓴 무기는?! 아, 그리고 당신 이름도…” “……” “저기~ 연주가 끝나면 가르쳐 주시겠다고…” “귀찮아…” “네?!” 연주를 마친 기타리스트는 마치 방금 전과는 완전히 다른 사람 같았다. “질문… 나중에…” “이, 이름이라도 가르쳐 주세요!” 기타리스트의 심드렁한 태도에도 안젤리카는 눈을 빛내며 다시 물었다. “라일라…” 그녀는 오직 라일라라는 이름 하나만을 밝힌 채, 더는 관심 없다는 듯 기타를 메고 큰길 가로 걸어 나갔다. 하지만 안젤리카는 포기하지 않고 라일라의 뒤를 따랐다. 마치 인생의 의미를 찾은 것처럼.
A44: Link.Story.03 | D44: 12 | G44: 업무시간에 즐기는 티파티 | H44: “아르세즈는 오랜만이네. 그럼 정찰 업무를 시작해볼까?” 혼잣말을 하며 여유로운 표정으로 주위를 둘러보는 레이호우의 표정은 정찰 업무 중인 프록시안의 표정이 아니었다. “뭐, 그렇긴 해도 현재 아르세즈와 스팅스의 관계는 정찰을 할 만큼 나쁘진 않으니까. 흠흠…” 레이호우는 무심코 본심을 드러내며 아르세즈의 카페 거리로 향했다. 정찰용이라기엔 너무 인스타시드에 올릴 것 같은 구도로 찍힌 아기자기한 카페들의 사진. 이미 그녀의 표정에서 다 드러났듯이 그녀의 목적은 정찰이 아니라 이국적인 찻집 구경이었다. 하지만… “뭔가 기대했던 것과는 달라…” 인스타시드에 올릴 만한 사진은 많이 구할 수 있었다. 하지만 그녀가 기대했던 이국적인 찻집은 좀처럼 찾을 수가 없었다. 디자인만 이국적인 찻집은 많았지만 정작 중요한 차는 평범해 보였다. 굳이 마시지 않아도 향만 맡아도 알 수 있었다. 그러던 중 그런 의지가 전해진 것일까. 멀리서 감미로운 향기가 퍼져왔다. “저긴… 잔디밭?” 레이호우의 눈에 어느 공원 잔디밭에 앉아있는 메이드가 보였다. 서로의 눈이 마주친 순간 메이드는 살짝 미소 지으며 그녀에게 고개를 숙였다. “실례… 앉아도 될까?” “얼마든지요. 저는 베르베타. 티 타임에 함께 해주셔서 영광입니다.” 메이드, 베르베타는 찻잔을 한 잔 더 준비했다. 그야말로 역할에 충실한 메이드의 표본이었다. “나야말로 초대해줘서 고마워.” “별거 아닙니다. 이럴 줄 알고 찻잔을 여러 개 준비했으니까요.” “처음 있는 일이 아닌가 봐?” “네, 좋은 차의 향기를 알아보는 분들은 찾아오기도 하죠. 당신들처럼요.” “당신들?” “합석 괜찮겠지? 근처에서 시집을 읽고 있었는데 이 향기를 맡으니 영감이 떠오르더군.” “네. 벨리타 님. 여기, 자리를 마련해 두었습니다.” 그렇게 세 프록시안은 조용히 대화를 나누며 작은 티파티를 가졌다. 마치 현실과 유리된 듯하면서 퇴폐적인 동시에 아름다운 광경이었다. “벨리타 씨는 시인?” “그래, 맞아. 텍스트에 사로잡히기보다, 직접 이런 경험을 느껴보는 것은 어떨까 생각했지.” “후후, 좋은 생각이시군요. 괜찮으시다면 제 연극 대사도 평가해 주실 수 있나요?” “좋아, 차에 대한 답례는 확실히 해주도록 하겠어.” 차를 마시는 동안 베르베타가 연극 대사를 낭송하고 벨리타가 품평을 해주기 시작했다. 레이호우는 차 맛을 음미하며, 두 프록시안의 대화를 귀 기울여 들었다. 어느덧 해가 저물기 시작했다. 레이호우는 자리에서 일어났다. “이제 돌아가야 할 시간이야. 이 추억은 잊기 힘들 것 같아. 내가 사는 곳에선 이렇게 느긋한 시간을 보내기 힘들거든.” 추후에 레이호우가 작성해서 올린 이날의 현지 정찰 보고서는 네 글자였다. 잠로영일. 레이호우의 부대에선 식후에 부대원들끼리 차를 마시며 대화를 나누는 티 타임이 생겼다고 한다.
A45: Link.Story.04 | D45: 12 | G45: 라인슈타인의 대리인 | H45: “여기가 그 마을인가 봐요.” 아크페이즈가 조용히 입을 열었다. 오늘 아크페이즈와 세라펄사가 도착한 중립 지역의 마을은 과학 기술에 대한 반감이 심한 곳이었다. “과연, 주민들의 표정만 봐도 그렇게 보이네요. 아크페이즈.” “쉬운 일은 아니겠지만 과학을 믿지 않는 프록시안에게 포교하는 것도 중요한 임무니까요.” “라인슈타인 님의 대리인이 된 순간 이후로 그 정도 수고는 언제나 감내하고 있습니다.” 아크페이즈는 빤히 세라펄사의 얼굴을 바라보았다. 진심으로 하는 이야기일까? 신앙을 가진 자가 불신의 길로 빠지는 경우는 쉽지만, 신앙이 없는 자를 신앙의 길로 이끄는 건 쉽지 않다. 포교에 서서히 지쳐가는 자신과는 다르게 세라펄사는 뭔가 의욕이 넘치는 표정이었다. “어쩐지 자신감이 넘쳐 보이시네요. 세라펄사.” “물론입니다. 저들을 진심으로 설득한다면 잘 되지 않을 리가 없습니다.” 바로 이런 게 못마땅했다. 단순히 말로만 전달하는 교리의 설파라면 굳이 세라펄사 정도의 프록시안을 쓸 필요가 없었다. “대리인의 권능을 보여준다면 간단할 텐데… 굳이 설득을요?” “아크페이즈, 단지 극히 일부의 프록시안만이 사용 가능한 권능을 보여줘서 그들을 과학의 길로 이끄는 것은 올바른 방법이 아니라고 생각해요.” 세라펄사는 쉴 새 없이 자신의 의견을 이야기했다. 아크페이즈는 자신이 설파를 하러 온 것인지 당하러 온 것인지 헷갈릴 정도였다. 그들이 마을에 도착한 지 며칠째 되는 날이었다. 아직도 설파에 진전이 없었기 때문에 다른 마을로 타겟을 바꿔보려던 아크페이즈의 귀에 고함소리가 들려왔다. “불이야!” ”아크페이즈! 마을에서 불길이…!“ ”레드시프트의 방화인가요?“ ”그건 아닌 것 같은데요. 아마 장작의 불씨가 옮겨 붙은 것 같습니다.“ 세라펄사는 단숨에 뛰쳐나가 마을에 사는 프록시안들을 조직해 불길을 잡으려고 시도했다. 아크페이즈도 덩달아 세라펄사를 도왔다. 얼마가 지났을까. ”이제 끝난 것 같네요… “ ”네, 수고하셨어요. 아크페이즈.“ ”푸훗, 얼굴이 완전히 숯검정이 되셨네요?“ ”하하, 아크페이즈도 마찬가지인걸요? 물 양동이를 드느라 팔이 뻐근하네요.“ ”그런데… 어째서 불을 끄기 위해 권능을 사용하지 않았나요?” “그건… 저도 확실히 대답하긴 어렵군요. 하지만 저번에 설파에 대해 드렸던 답과 같은 생각을 했던 것 같습니다.” “잘은 모르겠지만… 인명 피해가 없어서 다행이군요.” 그런데 그날 이후 세라펄사의 행위는 실제적인 변화를 이끌어 내었다. “이데올라에서 오신 분들이시죠? 먹을거리를 조금 가져왔습니다.” “아, 감사합니다.” 마을에 있던 프록시안 중 몇 명이 머뭇거리면서 다가와 세라펄사 일행에게 수고했다며 물병과 간단한 먹을거리를 준 것이었다. “우리는 지금까지 이데올라의 교리를 믿지 않았습니다. 그들은 선택 받은 권능을 사용해 으스대기를 좋아한다고 생각했거든요.” “…모두가 그렇지는 않을 거예요.” 아크페이즈는 물병을 받아 들며 말끝을 흐렸다. 어쩐지 정곡을 찔린 느낌이었다. “하지만 불을 끄기 위해 우리와 함께 물 양동이를 나르던 모습에 감명받았습니다. 나중에라도 기회가 된다면 저희에게 교리를 설파해주십시오.” 마을의 프록시안이 돌아간 뒤 아크페이즈는 생각에 잠겼다. ‘마음의 장벽을 허물기 위해서 필요한 것은 세라펄사의 말대로 기적이 아니었어…’ 감화는 가장 낮은 곳에서 몸소 실천할 때만 일어날 수 있다. 세라펄사는 무의식적으로 그 사실을 알고 있었던 게 아닐까. 아크페이즈는 세라펄사가 대리인의 리더가 된 이유를 어렴풋이 이해했다.
A46: Link.Story.05 | D46: 12 | G46: 유적지 피크닉 대소동 | H46: 발명광인 이노는 오늘도 뭔가 새로운 발명품을 만들 생각에 기분이 들떠있다. 하지만 아무리 천재 공돌이인 그녀라도 매일매일 새로운 발명품을 만들어낼 수는 없는 법. 마침 잠깐의 휴가를 얻어 리메리트에 놀러온 쉐리는 아이디어 고갈에 막혀 끙끙거리는 이노를 보고 한 가지 아이디어를 떠올렸다. “저기, 엘리나. 이노를 도와줄 겸 유적지에 데려가는 건 어때요?” “괜찮은 생각이네요. 그런데 그냥 데려가지는 못할 거 같고…” “그럼…?” “이노에게는 방 탈출 카페라고 한 다음 데려가는 건 어떨까요?” 남들에게 장난치는 걸 좋아하는 엘리나다운 아이디어였다. 쉐리 역시 엘리나의 의견 쪽이 마음에 들었는지 흔쾌히 수락했다. “좋아, 머리도 가끔 휴식이 필요할 테니.” 이노는 생각보다 쉽게 응했다. 엘리나는 이노에게 깜짝 이벤트라며 눈가리개를 씌우고 유적지로 들어갔다. 이노는 이런 날까지 이상한 걸 입히냐며 투덜거리면서도 반항하지 않고 유적지로 따라 걸어 들어갔다. “이제 눈가리개를 풀어 봐. 이노.” “이노! 여기서부터 시작이에요, 파이팅!” “엘리나라면 몰라도 쉐리까지… 무슨 생각을 하는지 모르겠다니까.” “요즘 유행하는 방 탈출 카페와 비슷한 곳이야. 이전 문명의 유적지를 테마로 하는데…” “저희 머리로는 풀 수가 없어서 이노를 데려온 거예요.” “흠… 기다려 봐. 테마 카페치고는 암호 퀄리티가 상당한데…? 풀었다!” “역시 이노야. 퀴즈광인 나도 끙끙댔던 부분인데.” “나야 평소에 엘리나의 기습 퀴즈에 워낙 익숙하니까.” “후훗, 이노한테 따라잡히지 않으려면 더 분발해야겠네요. 퀴즈광 님.” “앗, 또 풀어 버렸어. 격벽이 열리고 있는데? 진짜 이전 문명 유적지 같아!” ‘그야 진짜 이전 문명 유적지니까…’라고 생각하며 쉐리와 엘리나는 이노를 따라 마지막 방으로 들어갔다. 마지막 방에는 뭔가 위험해보이는 폭탄 모양의 유물이 놓여있었다. 그것은 유물에 대해 잘 모르는 쉐리와 엘리나가 보기에도 이전 문명의 강력한 비밀 병기임이 틀림없어 보였다. “이노, 저기 있는 거 유물 아니야?” “어…? 뭐야? 이거 진짜 유물이잖아…?!” 좋아할 것이라 생각했던 두 프록시안의 예상과 달리 이노는 뭔가 떨떠름한 표정이었다. “음…? 네가 좋아하는 거라고 생각했는데?” “이게 무슨 짓이야! 당장 여기서 나가자!” “애써 찾은 유물을 두고 왜 갑자기…” “…이렇게 위험해 보이는 로스트 테크놀로지에 함부로 접근하면 위험하단 말이야!” “위험한 거라뇨? 그런 게 있나요? 엘리나?” “모르겠어요. 저도 처음 듣는 이야기예요.” “쉐리! 엘리나! 잡담하고 있을 시간 없어! 감이 좋지 않아. 빨리 나가자!” “이노는 가끔씩 알 수 없는 행동을 한다니까.” “엘리나, 그래도 시키는 대로 하는 게 좋지 않을까요?” “쉐리 씨까지… 알겠어요. 빨리 나가요.” 이렇게 셋은 유적지 밖으로 탈출했고 이노는 나가자마자 긴장이 풀려 땅바닥에 주저앉고 말았다. “이노. 아무런 현상적 증거도 없었는데… 이렇게 비합리적인 행동을 하는 건…” 엘리나의 말이 끝나기도 전에 거대하고 묵직한 진동이 들려왔다. 세 소녀가 나온 유적지는 거대한 폭발음과 함께 무너져 내리고 있었다. “아까 그 유물… 방금 폭발한 거죠?” “이노의 감이 맞았던 거예요? 저렇게 엄청난 거였군요…” “아냐. 저번에는 그냥 나 혼자 기절한 정도였는데…” “유물이라는 거… 생각보다 무서운 거였네.” “…유물이 다 그렇진 않지만.” 그 유적에 있던 유물이 사실은 이전 문명에서 만들어진 자폭 장치인 것을 세 소녀가 알 리가 없었다. 다만 과학과 논리보다 감 같은 것이 때때론 맞을 때도 있다는 것을 알게 된 사건이었다.
A47: Link.Story.06 | D47: 12 | G47: 도박묵시록 페이 | H47: "후… 이제 부대 시찰을 할 시간이군." 이사벨라의 부대 시찰은 하루 일과가 거의 끝나가고 있다는 증거였다. 사실 일반적인 부대라면 점호를 제외하고 매일 시찰이 필요하진 않지만 이사벨라가 걱정하는 부분은 따로 있었다. 그리고 부대에 도착했을 때 여지없이 이사벨라의 우려가 맞아 떨어졌다. “하핫! 엄청난걸~” “아예 속옷까지 털어먹을 수 있겠는데?” ‘품위 없고 본능적인 환호성 소리… 또 시작이군.’ 이사벨라의 예상대로 페이가 몇몇 소대원과 마작을 하고 있었다. 굳이 펼쳐진 패를 보지 않아도 분위기만으로 승자와 패자를 알 수 있었다. 페이는 아쉽다는 듯 입맛을 다시고 있었던 반면, 그 주변은 환호성을 지르며 축제 분위기를 즐기고 있었다. “레이팅 포인트는 내 거야!” “가진 포인트도 별로 없잖아? 옷이랑 식사권 정도로 참아 줄게.” “지저분한 속옷은 필요 없으니까 너 가져라!” “전우끼리 도박은 중죄다. 군법 회의와 얼차려 중 어느 쪽을 택하겠나?” “아앗! 이사벨라 님?!” 이사벨라를 보고 도망치려고 했던 소대원들은 결국 귀신 대장에게 붙잡히고 말았다. 바로 소대원들이 기합을 받는 사이 이사벨라는 페이의 옷과 식사권을 되찾아 왔다. “페이. 넌 따라오도록.” “자, 잠깐 이사벨라. 오해가 조금 있어.” “오해? 매일 부대에서 도박하는 게 오해인가? 널 위해서 옷을 찾아준 게 아니라 감기라도 걸리면 전투 수행 능력이 떨어지니까 도와준 것뿐이다.” “그게… 이번에 음지에서 정말 큰 도박 대회가 열리는데 부대원들이랑 같이 나가기로 했거든. 그 사전 연습을 하고 있었는데 좀 분위기가 과열…” 페이의 변명을 듣던 이사벨라의 눈에 불똥이 튀었다. 이사벨라는 이성의 끈이 끊어지는 것을 간신히 참고 페이를 지긋이 응시했다. “도박 대회에 부대원을 데리고 나간다? 미치고 팔짝 뛰겠군. 이제 더이상 걸 레이팅 포인트도 없을 테고 네 바이오 바디라도 판돈으로 걸 건가?” “잘 알고 있네.” “뭐? 지금 제정신…” “잘 들어. 이사벨라. 그 대회에 걸린 상품이 바로 바이오 바디야.” 이사벨라는 말 같지도 않은 소리를 무시하려고 했지만 페이가 내민 팸플릿을 본 순간 시선이 고정되고 말았다. “1등 상품… 전설의 광전사 바디?” “그래, 이사벨라. 넌 항상 더 강한 바이오 바디를 가지고 싶어 했잖아.” “쓰, 쓸데없는 참견이다. 나도 바디를 사려고 열심히 크레딧을 모으고 있었다고.” “부대장 월급 나도 대충 알고 있거든? 무슨 세월에 돈을 모아서 최신형 바디를 살래?” “…….” “소대원들이 널 위해서 바이오 바디를 구하려고 하는 거야. 그럼 우리 부대의 전투력도 더 강해지겠지.” “지면 너희들의 레이팅 포인트나 바이오 바디를 빼앗기는 건 알고 있겠지?” “그 정도쯤 말 안해도 알아. 네가 계속 거절한다면 내 갬블러로서의 능력을 의심한다고 생각할 거야.” 이사벨라는 더 말리려고 했지만 페이는 들은 척도 하지 않았다. 마침내 결전의 날이 다가왔다. 어둡고 퇴폐적인 골목의 지하 도박장에서 페이, 이사벨라를 포함한 갬블러들이 모였다. 사뭇 진지한 모습의 페이와는 달리 상대 도박사의 표정엔 능글맞은 웃음이 가득했다. “좋아 좋아~ 페이라고 했나? 아주 싱싱한 몸인데 그래? 팔? 다리? 어느 쪽을 걸고 싶어?” “판돈은 충분히 가져왔으니까 상관 없어요. 종목이나 정하시죠.” “텍사스 홀덤은 어때? 심플하고 좋잖아?” “좋아요.” 그렇게 시작된 갬블은 처음에는 페이에게 유리하게 돌아갔다. ‘페이가 허당 같아도 갬블을 하면서 보낸 세월이 어디 가는 것은 아니군.’ 이사벨라는 묘한 안도감이 느껴졌다. 하지만 슬슬 판돈이 올라가기 시작하자 흐름이 변하기 시작했다. “저는 포 카드예요!” “유감이네. 이쪽은 스트레이트 플러시야.” “이번에도…?” 페이의 얼굴에 낭패의 기색이 서렸다. “젠장…! 이제 가져온 판돈이 다 떨어졌는데…” “이쯤 항복하는 건 어때? 한 판만 더 지면 모자라는 부분은 네 몸으로 받아 가야겠어.” “웃기는군요. 승부는 속행합니다. 제 팔을 걸죠.” “네 팔만으론 부족해. 네 소울 드라이브에, 동료들의 팔까지 같이 넘겨야겠어. 우리의 상품인 광전사 바디에 비하면 너희들의 몸은 싸구려나 다름없으니까.” “…좋아요.” 그렇게 대답하며 페이는 이사벨라에게 속삭였다. “바텐더의 몸짓을 잘 살펴줘. 내가 앉은 자리에선 녀석의 움직임이 보이지 않으니까.” 이사벨라는 의아해하면서도 페이의 말대로 바텐더를 눈여겨보았다. 그리고 곧 페이의 말을 이해했다. 바텐더는 카운터의 아래를 살피며 의미없이 와인 잔을 테이블 위에서 재배치하기 시작한 것이었다. 페이를 상대하는 도박사는 그 와인 잔의 숫자를 살피고 있었다. “풀 하우스.” “미안~ 이쪽은 포 카드가 나와버렸네~ 이히힛!” 도박사는 히스테릭하게 웃으며 페이와 소대원들을 바라보았다. “너무 슬퍼하지 마. 너희는 이제 죽지만 너희가 남긴 바이오 바디는 아주 소중하게 사용될 거야.” “웃기고 있군. 어이! 스팅스의 군인을 상대로 사기 도박을 하고도 무사할 줄 알았나?” “뭐? 사기 도박이라니? 어디서 감히 그런 헛소릴!” “이거 봐.” 이사벨라는 이미 바텐더가 있는 카운터로 이동한 뒤였다. “어, 어느새 저기까지?!” “카운터 아래의 이 거울은 뭐지? 사기 도박은 갱단 사이에서도 금기야. 발각된다면 너희는 암흑가에서도 살아남지 못할걸?” “에이잇! 모두들 뭐하는 거야! 이것들을 붙잡아!” 도박사의 부하들이 이사벨라와 페이에게 달려들었다. 하지만 스팅스의 정예 부대인 이사벨라의 소대원은 너무도 간단히 그들을 제압했다. 이사벨라는 이미 제압당한 도박사에겐 관심도 주지 않고 광전사 바디를 살펴보았다. 페이는 그 모습을 만족스럽게 바라보았다. “어때? 널 위한 선물이야.” “도박에 져서 죽을 뻔한 주제에 말은 잘 하는군.” “이 녀석들이 사기 도박을 하는 건 알고 있었으니까. 어차피 몇 판 지는 건 예상한 일이었다고.” “흥, 잘났군. 그리고 이 바디는 모조품이야.” “뭐?!” “사기 도박이나 하는 녀석들이 그런 최고급 바디를 가지고 있을 리 없잖아. 이 녀석들을 체포해서 부대로 복귀한다.” 이사벨라는 작게 한숨을 쉬었다. 하지만 어쩐지 기분은 좋았다. 전설의 광전사 바디를 손에 넣지 못한 건 아쉬웠지만 페이와 소대원들의 마음을 알게 되었으니 상관 없나? 게다가 도시의 치안을 어지럽히는 범죄자도 붙잡았다. 결과가 나쁘진 않았다. 무엇보다 페이가 이제 조금은 도박으로 일확천금을 노리는 것을 그만두고 현실을 깨달을지도 몰랐다. ‘오늘은 사비를 털어서라도 부대 회식이나 한 번 해야겠군.’ 이사벨라는 속으로 작게 콧노래를 부르며 그렇게 생각했다.
A48: Link.Story.07 | D48: 12 | G48: 희대의 라이벌 | H48: 다리아와 브륀힐데는 각각 레이리얼 실드 138소대와 레이리얼 소드 573소대의 소대장이다. 전통적으로 라이벌 관계인 실드와 소드의 소대장답게, 두 프록시안은 실드와 소드 중 어느 부대가 더 우월한지 다투는 사이였다. “실드는 신중한 작전 계획과 냉철한 전술로 언제나 승리를 쟁취하죠. 반면에 당신들 소드는 감정을 자제하지 못해 막 나가다 작전을 그르친 적이 수두룩하지 않나요?” “후훗, 그건 후방에 웅크릴 줄이나 아는 실드의 소대장다운 착각입니다. 느려터진 실드가 밍기적대는 동안 우리 소드가 신속하게 기동해 적을 박살낸 적이 훨씬 많습니다.” “못 믿겠으면 당장 승부를 겨뤄보는 게 어떻습니까?” “좋죠. 그 성급한 성미를 후회하게 만들어드릴게요.” 그런 식으로 시작된 다리아와 브륀힐데의 승부는 온갖 다양한 방식으로 진행되었다. 간단하게는 138소대와 573소대의 모의전 점수 내기부터 시작하여, 결투, 전략 게임, 요리 대결, 가위바위보, 잠 안 자고 버티기, 탄산 보리차 많이 마시기 내기까지, 둘은 종목을 가리지 않고 온갖 방식으로 치열하게 승부를 겨뤘다. 그렇게 서로 승패를 가리기가 98번, 다리아 49승 49패, 브륀힐데 49승 49패. 둘 모두 이정도 왔으면 서로가 서로를 인정하고 있었지만, 자존심 때문에 그것을 말로 꺼내기가 어려웠다. “후후, 역시 속도와 정밀함으로 유명한 573소대의 소대장. 쉽지 않은 상대예요.” “당신 또한 단단한 방어와 냉철한 반격으로 잘 알려진 138소대의 소대장다운 실력입니다.” “하지만 이렇게만 가면 승부를 내기 어려울 것 같아요. 이 다음의 99번째 승부를 마지막으로, 진짜 결판을 내는 게 어떨까요?” “나도 그렇게 생각하고 있었습니다. 그렇다면 마지막 종목은 무엇으로 결정하겠습니까?” “흐음…… 웬만한 종목으로는 다 승부를 내보았는데. 각자 소대의 소대원들에게 물어보는 건 어떨까요?” “좋은 생각입니다. 그럼 바로 확인해봅시다.” 하지만 138소대도 573소대도, 98번이나 승부를 본 두 소대장의 말을 진지하게 받아들이는 프록시안은 없었다. 이미 승부를 본 종목이나 아무래도 바보 같은 이야기만 제안을 받고 지친 둘은 결국 아키텍트를 찾아갔다. “나라면, 흐음……” 아키텍트는 서로의 무기를 바꿔 싸우면 어떻겠냐는 제안을 해왔다. “……흥미로운 제안이네요. 저는 마음에 드는데, 브륀힐데 씨는 어떠신지?” “저 또한 동의합니다. 당신의 무기로 당신을 쓰러트릴 수 있다면 매우 만족스러운 일이죠.” 아키텍트의 참관 아래, 두 프록시안은 서로의 무기를 교환하고 승부를 준비했다. 제한 시간은 3분, 훈련용 더미를 가운데에 두고, 브륀힐데는 더미를 지키고 다리아는 더미를 공격한다. 3분 안에 더미를 베어 넘기면 다리아의 승리, 3분 동안 더미를 보호하면 브륀힐데의 승리였다. “자, 준비, 시작!” 브륀힐데의 검을 든 다리아가 더미를 향해 뛰어들었다. 캉! 그러나 그녀의 검격은 브륀힐데가 든 자신의 방패에 막혀 튕겨나갔다. ‘치잇, 끊임없이 회피 기동을 하는 게 어렵군요…….’ 탕탕! 브륀힐데는 다리아에게 그녀의 권총을 발사했지만, 총알은 아슬아슬하게 그녀를 빗겨나갔다. ‘방패가 무거워 마음처럼 빠르게 움직일 수 없습니다…….’ 몇 번의 검격과 총격이 교차한 끝에, 남은 제한 시간은 10초 남짓. 스톱워치를 곁눈질한 다리아는 크게 호흡을 들이쉬고는 검을 들고 직진했다. 브륀힐데 또한 방패를 앞세워 그녀를 막아냈다. 까가각! 키잉!! 강철과 강철이 부딪히는 소리 끝에, 침묵이 찾아왔다. 툭. 우뚝 서 있던 더미 인형이 바닥으로 쓰러졌다. 브륀힐데는 한숨을 내쉬고 한 발짝 물러났다. “……더미를 지키지 못했습니다. 제 패배입니다.” 하지만 다리아 또한 검을 집어넣으며 고개를 저었다. “아뇨, 검이 닿기 전에 당신의 방어에 막혀 시간을 초과했어요. 제 패배예요.” 그녀의 말대로 스톱워치에는 [03:01]이라는 숫자가 찍혀 있었다. “하지만 결과적으로 더미를 지키지 못했잖습니까. 인질 보호 임무였다면 실패입니다.” “시간을 초과하면 패배한 것이 조건이었잖아요. 암살 임무였다면 아마 암살은 성공해도 탈출에 실패한 셈이에요.” “……그러면 무승부로 하지 않겠습니까?” “그럴까요? 그게 좋을 것 같네요 하핫.” 두 프록시안은 다시 서로의 무기를 교환했다. “실제로 방패를 들어보니 매우 무거웠습니다. 실드의 신중한 방침이 이해가 갑니다.” “저도 검 한 자루만 들어보니 평소보다 긴장되더군요. 소드가 항상 속도전을 중시하는 게 납득이 돼요.” 두 프록시안은 말없이 서로의 얼굴을 마주보다, 누가 먼저랄 것 없이 동시에 웃음을 터뜨렸다.
A49: Link.Story.08 | D49: 12 | G49: 스팅스의 폭파전문가들 | H49: “으아아아! 다 터트려 버리고 싶다!” 앰브로시아의 외침에 발렌시아는 뜨뜻미지근한 표정으로 그녀를 바라보았다. “왜 그러세요. 소장님. 평화로운 아스니아에서 그러면 오해할걸요.” “바로 그 평화롭다는 게 문제야! 요새 도통 폭파할 일이 없다구!” “레드시프트와 늘상 싸우잖아요.” “스팅스에 있을 때는 한때는 이쪽, 한때는 저쪽에 가담해 결국 둘 다 터트려 버릴 수가 있었지. 하지만 지금은 그게 안 되잖아?” “저도 아스날이지만 그런 발상은 없었네요.” “그러니까 아스날이 미움을 사는 거라고요!” 둘의 대화를 듣다못해 그레이가 끼어들었다. “오. 하사. 드디어 동료들과 어울릴 마음이 든 건가?” “그냥 소장님을 말을 듣다보니 트라우마가 자극됐을 뿐이에요!” 그 말은 사실인지, 평소의 움츠러든 태도가 아니다. 하지만 앰브로시아는 그런 그레이가 더 마음에 들었던 모양이다. “그래. 이 멤버가 모였다면 가능하겠군.” “뭘 말씀하시는 건가요?” “좀이 쑤시는 걸 해결할 겸, 아스니아 한복판에 거하게 터트려 보자는 거야. 상사.” “그건 저도 좀 땡기네요. 화려한 축포 한 방! …그런데 여긴 보안 시스템이나 경비 로봇이 있어서.” “그래요. 그냥 포기하세요.” “하지만 지금은 네가 있잖아.” 앰브로시아가 썩은 미소를 지으며 그레이를 바라보자 그레이는 화들짝 놀랐다. “저요?” “그렇지. 하사의 무적 EMP” “과연 소장님. 이걸로 완전 범죄가 가능해졌습니다!” 발렌시아가 맞장구치자 그레이의 얼굴이 벌겋게 달아올랐다. “제가 그런 일을 도울 것 같나요? 여기서도 모두의 미움사는 건 질색이에요.” “하하. 책임은 내가 지지. 뭣보다 결국 저질러 놓고 보면 모두가 이해해 줄 거야.” “그런 막무가내를!” “하사의 도움 없이 우리가 그냥 질러버리면 오히려 더 큰일이 벌어질 걸?” “안 한다는 선택지는 없나요!?” “나의 뇌명포에 걸고!” “하아…” 그레이는 한 숨을 쉬며 포기했다. “어쩌겠어. 이런 사람들과 같은 소속인 것부터가 문제지.” “그것은 데스티니~” “우왓!” 그레이는 결국 크게 소릴 질러버리고 말았다. 그날 밤. 아스날의 3인방은 어두운 공원 앞에 모였다. “자, 그 물건은 가져왔겠지?” “물론! 창고에서 썩고 있는 걸 여차저차!” “장하군. 그럼 이제 그레이 하사 차례네.” “…이제 난 몰라.” 그레이가 훌쩍이며 EMP를 발동시키자 주변은 침묵으로 물들었다. “자, 그럼.” 발렌시아는 가방을 열어, 프록시안 머리만한 거대한 구체를 꺼냈다. 땅에 떨구자 바닥에 금이 가는 것이 상당한 무게다. “그럼, 갑니다! 하앗!” 발렌시아는 그 구체를 온 힘을 다해 하늘 위로 던져올린 다음, 주먹을 휘둘러 앞으로 날렸다. -콰앙 고속으로 날아가는 구체. 그 앞에는 언제 거기까지 가 있었는지 앰브로시아가 뇌명포를 들고 기다리고 있었다. “키야아압!” 구체를 향해 가볍게 풀스윙. 마치 강타자가 친 야구공처럼 구체는 굉음을 내며 하늘 위로 솟구쳤고… -퍼버벙 한밤중인 아스니아가 순간 낮으로 착각할 정도로 밝은 빛을 내며 폭발했다. “해냈다!” “멋진 폭발입니다!” 서로 손을 들어 터치를 하는 앰브로시아와 발렌시아. 어딘가 행사용으로 준비했다 잊혀진 초거대 폭죽이었던 것이다. “역시 불장난은 무허가가 최고지! 혹시 불발탄이 아닐까 걱정했는데 화끈하구만!” “제대로 상공에서 터져 피해도 없습니다. 이게 다 소장님의 실력 덕분 아니겠나요.” “그런가. 하하핫! 사실은 훈장 중의 하나는 말이지…” 둘의 웃음섞인 대화를 듣던 그레이는 살짝 미소지으며 고개를 돌렸다. “에휴…” 실은 그레이도 어쩔 수 없던 아스날인가. 그 불꽃놀이를 보고나니 속이 시원해졌다는 걸 부정할 수 없었다. “정말… 바보들뿐이라니까.” 물론, 이 사건은 바로 마릴라이트에게 보고되었고 앰브로시아를 필두로 한 3명 모두 호되게 한 소릴 듣고 만 건 굳이 설명할 필요가 없을 것이다. 이후 아키텍트의 주선에 따라 이들을 토목 공사에도 배치하게 되었다는 행복한 후일담이 있다만, 이건 그때 이야기하자.
A50: Link.Story.09 | D50: 12 | G50: 조향사와 조형사 | H50: “이 과일 프린세스 피치 피규어 진짜 예쁘다!” “맞아. 복숭아색 눈동자부터 손발톱까지 이렇게 정교한 피치 피규어는 처음 봤어.” 부스 앞에 선 두 프록시안이 떠드는 소리에 메리샤는 귀를 기울였다. 그래, 이번엔 사가겠지? 과일 프린세스라면 최근 제일 유행하는 캐릭터잖아. 디테일은 물론이고 트렌드 분석도 완벽했다고! “그래도…” “으응…” 피규어를 손에 들고 잠깐 머뭇거리던 프록시안들은 몸을 돌려 다른 부스로 가버렸다. 벌써 다섯 번째다. 평소보다 공들여 만든 피규어가 이상할 정도로 외면받고 있었다. 이유라도 물어봐야 한다. 메리샤는 두 프록시안을 따라가려다가 걸음을 멈췄다. 깐깐해 보이지만 이지적이고 단정한 프록시안 한 명이 자신의 피규어를 유심히 살피기 시작했기 때문이었다. “반쪽짜리군요. 피규어는 참 잘 만들었는데 아쉬워요.” “잠깐만! 내 피규어의 어디가 반쪽짜리라는 거지?” 메리샤는 마치 화풀이라도 하는 듯이 말을 꺼낸 프록시안에게 따졌다. 헬렌이라는 프록시안은 자신이 조향사라고 소개했다. “과일 프린세스 시리즈는 다른 피규어와는 다르게 접근해야 해요. 작품의 메인 소재가 달콤하고 상큼한 과일의 향기니까요.” “과연… 헬렌이라고 했나? 그럼 내 피규어에 쓸 만한 향수를 준비해줄 수 있어?” “물론이에요. 저도 제 향수를 사람이 아니라 피규어와 접목시켜 보려는 시도를 하고 있거든요.” 헬렌은 잠시 뜸을 들이다가 말을 이었다. “다만 피규어가 잘 팔리면 제 향수를 앞으로도 메리샤 씨의 피규어에 사용하고, 메리샤 씨의 샵에 제 향수를 같이 진열하는 조건이에요. 제 가게는 너무 외진 곳에 있어서 인기가 없거든요.” “과연. 나도 그냥 공짜로 받는 호의보단 이쪽이 마음에 들어.” 둘 사이에 순식간에 계약이 체결됐다. 헬렌은 메리샤의 피규어들을 자신의 공방으로 가져왔다. 과연 시중에 유통되는 어떤 피규어보다 훨씬 뛰어난 완성도의 피규어였다. 이 정도 작품이라면 자신의 향수를 아낌없이 활용할 가치가 있었다. 하지만… “이상하네. 어딘가 어색해.” 딸기, 레몬, 복숭아. 캐릭터의 컨셉에 맞는 과일향을 써봤지만 어느 쪽도 어울리지 않는다. 베테랑 조향사인 헬렌은 금새 답을 찾아낼 수 있었다. 자신이 만드는 향수는 『프록시안의 피부에서 올라오는 미묘한 체취』와 섞였을 때 비로소 완벽한 향기가 완성되기 때문이다. 유기물로 이루어진 바이오 바디가 아닌 피규어에 자신의 향수가 어울리지 않는 것은 당연했다. 하지만… 그럼 어떻게 피규어에 완벽하게 어울리는 향수를 만들어야 하지? 메리샤에게 듣기론 행사는 며칠 내로 끝날 텐데 새 원료를 구하기엔 너무 늦은 게 아닐까? …… “완벽해! 헬렌! 이렇게 미친 듯이 팔리는 건 처음이야!” 헬렌의 새 향수는 대성공이었다. 향수를 바른 피규어는 마치 살아있는 과일 프린세스 같다는 평가를 받으며 불티나게 팔려나갔다. “별 거 아니에요. 메리샤 씨의 피규어가 그만큼 완성도가 높았다는 뜻이죠.” “무슨 말이야~ 헬렌의 향수가 아니었으면 안 팔려서 악성 재고가 될 뻔 했다고. 그런데 이 향기 사람이 쓰는 향수랑은 묘하게 다른 것 같은데?” “역시 메리샤 씨도 예술가라 민감하시군요. 맞아요. 피규어용 향수는 특별한 원료가 살짝 추가되었답니다. 그게 뭔지 말씀드릴 수는 없지만요.” “흠~ 조금 궁금하긴 하지만 기업 비밀이니 어쩔 수 없지. 그런데 헬렌.” “네?” “컨디션은 괜찮아? 오늘따라 조금 창백해 보이는데?” “네, 멀쩡하니까 걱정 마세요. 조향 작업하느라 밤을 새서 그런가 봐요.” 헬렌은 반창고를 붙인 왼쪽 팔을 뒤로 살짝 숨기며 대답했다.
A51: Link.Story.10 | D51: 12 | G51: 해적과 탐정과 모험가 | H51: “이봐, 선원 2호. 이렇게 럼주를 마시고 있으니 또 해적 시절이 그리워지는군.” “그렇네, 조수 2. 뭔가 수상한 사건이 일어날 것만 같은 밤인걸? 게다가 그건 그냥 사이다 아닌가?” “…무슨 소리인지? 선원 2호. 해적은 어린애들 음료 따위 마시지 않는다네.” 에리카와 샤레는 각자 작게 한숨을 쉬었다. 둘 다 마지못해 서로의 설정극에 장단을 맞춰주고 있지만 각각 해적과 탐정에만 관심이 있으니 손발이 잘 맞을 리가 없었다. 하지만 서로가 받아주지 않으면 세상에 자신들의 놀이를 받아줄 사람은 각각 선원 1호와 조수1—동일 인물이라는 것은 모르지만—밖에 없다는 것은 알고 있었다. 그러던 찰나, 식당 문이 벌컥 열렸다. “영차! 이번 모험은 정말 운이 좋았군! 아하핫!”ㄴ 근심걱정 없어 보이는 발랄한 붉은 머리의 소녀가 낡은 해적 코트를 테이블에 펼치자 거긴 은화가 가득했다. “우와아! 이게 뭐예요? 아, 아니… 이게 무엇인가!” 에리카는 자신의 컨셉 말투도 잊을 정도로 놀라 눈이 휘둥그레졌다. 그리고 놀란 것은 샤레도 마찬가지였다. “이거? 이전 문명의 해적들이 숨겨둔 보물이야.” “해적?! 진짜 해적말인가?” “당연히 진짜 해적이지! 바다에 널린 게 좌초된 해적선이라고. 보물들을 나눠줄 테니 옮기는 걸 도와줄래?” 에리카로서는 거절할 수 없는 제안이었다. “우오옷! 그렇다면 저도 동행하겠습니다. 선장님.” 마침 보물에 흥미를 보인 샤레도 갑자기 해적 컨셉에 호흡을 맞추기 시작한 건 덤이었다. 샤레와 에리카는 아셀스를 따라 낯선 해안에 도착했고 곧 반파된 범선을 발견할 수 있었다. “대단하네. 선원 3호! 이게 바로 우주 해적의 조상들이 아닌가! 나무로 된 배가 용케도 아직 남아있었군!” “그야 바다에 잠겨있던 배가 바닷물이 빠지면서 드러난 거니까! 그런데 나 선원 3호인 거야?” 범선 내부는 수많은 따개비와 해조류가 붙어있었지만 발을 디딜 만큼은 멀쩡했다. 선장실로 들어간 아셀스는 깜짝 놀랐다. “어, 없어?! 아까 전까지 분명 보물들이 있었는데?!” 일행은 사방을 두리번거렸지만 보물의 흔적은 찾을 수 없었다. 그때 샤레가 마치 사냥개처럼 바닥을 기어다니기 시작했다. “이봐, 선원 2호. 좀 더 고상하게 바닥을 닦는 건 어떤가?” “조수… 내가 다시 죄를 저질렀다네. 또 한 번 사건의 진상에 도달하고 말았어.” “사건? 지금 무슨 말을 하는 건가? 선원 2호?” “왓슨, 이건 도난 사건이네. 바닥에 보물 상자가 끌려간 자국이 보이지 않는가?” 샤레가 가리킨 바닥엔 이끼가 긁힌 자국이 있었다. “흔적이 깨끗하지? 이건 분명 최근 생긴 자국이네.” “진짜! 저기 갑판 바깥까지 이어져있네!” “그럼 이게 누구의 소행인지가 문젠데…” “틀림없어. 기계 생선 떼를 몰고 다니면서 사사건건 내 모험을 방해하는 폭군의 짓이야.” “아니, 내가 볼 땐 괴도인지 뭔지 날뛰고 다니는 보라색 녀석의 짓이네만.” “누구든 상관없어. 일단 잡아서 마스트에 거꾸로 매달아 버리겠어.” 아셀스와 샤레도 에리카의 해결책이 마음에 들었는지 군말 없이 동의했다. 갑판으로 나온 세 명은 각자 흩어져 수색해봤지만 끌린 자국은 중간에 끊겨 있었다. “하아~ 허탕이로군. 보물의 행방은 영영 찾지 못하는 건가?” 에리카가 기지개를 켜는데 샤레가 문득 위화감을 느꼈다. “그런데 조수 2. 자네의 그 우스꽝스러운 선장 모자는 어디 갔나?” “어라? 방금 전까지 쓰고 있었다만?” “어이… 저기… 모자가 저절로 움직이고 있어.” 아셀스가 가리킨 갑판 너머에 에리카의 모자가 꾸물꾸물 움직이고 있었다. 배 아래에서 뻗어져 나온 거대한 오징어의 촉수는 마치 모자가 재밌는 장난감이라도 되는 듯 가지고 놀다가 격렬한 물보라와 함께 배 아래로 사라져버렸다. 세 소녀는 보물이 어디로 사라졌는지, 누구의 소행인지 알게 되었지만 발에 못이라도 박힌 듯 한참을 움직이질 못했다.
A52: Link.Story.11 | D52: 12 | G52: 빨간머리 연합 | H52: 스팅스 레이리얼 알터. 클레아스는 우연히 빨간 머리 프록시안들은 다들 다혈질에 바보라는 소문을 듣고 분개하고 있었다. “다혈질에 바보라니. 저처럼 침착하고 이성적인 프록시안도 없는데 어째서?” 클레아스는 마침 앞을 지나가던 페이에게 물어보았다. 페이는 잠시 생각하더니 웃으며 대답했다. “당신은 다혈질은 아니지만, 바보는 맞지 않나요? 항상 규칙, 원칙에 대해 말하기 좋아하는 규칙 바보.” “페이 하사! 그게 무슨 소리입니까. 저 같은 빨간 머리 프록시안이 얼마나 똑똑하고 착한데. 제가 증명해 보이겠습니다!” 클레아스는 선량하고 착한 빨간 머리 프록시안들을 찾기 위해 다른 부서에 방문하기로 했다. 우선 제일 먼저 방문한 곳은 레이리얼 아스날이었다. 아스날은 타는 듯 불타는 머리칼의 앰브로시아 소장이 지휘하는 부서, 앰브로시아라면 분명 빨간 머리 프록시안의 귀감이 되어줄 터였다. “그런 일로 나를 찾아온 건가?” “네. 빨간 머리 연합을 만들어서, 다른 프록시안에게 우리 빨간 머리들이 현명하고 선량하다는 것을 보여줄 계획입니다.” “좋다. 나도 참가하지. 우리를 바보 취급하는 프록시안들게 본때를 보여주면 되는 것이지?” “어…… 무언가 본때를 보여줄 생각까지는 없었습니다만.” 그때, 클레아스와 앰브로시아 앞을 모기 한 마리가 윙윙거리며 날아갔다. “아닛, 신성한 아스날의 전당에 아직도 모기 따위가 있단 말인가?!” 앰브로시아는 분노하며 그녀의 무기를 꺼내 휘둘렀다. 쾅! 요란한 소리와 함께 폭발이 일어났다. 클레아스는 재빨리 자리를 피하며 생각했다. 다혈질인 건 인정을 해야 하나? 그 다음으로 클레아스가 방문한 곳은 레이리얼 소드였다. 소드는 토마토처럼 빨간 머리의 어린 소녀 크림슨이 소속되어 있는 부서, 크림슨이라면 아마 빨간 머리에 대한 편견을 극복할 수 있는 좋은 모델이 될 거였다. “그런 일로 나를 찾아왔다고?” “맞아. 같이 빨간 머리 연합을 만들어서, 우리가 성격 나쁘고 바보라는 헛소문을 없애도록 노력해 보지 않겠나.” “좋아! 너무 재미있겠는데, 당장 그 연합으로 놀러 가도 돼?” “크림슨! 일단 풀고 있던 문제집부터 다 풀고 가요.” 크림슨에게 문제를 과외해주고 있던 쉐리가 크림슨을 말렸다. “클레아스 씨였죠? 미안하지만 크림슨은 지금 스팅스 기초 상식 검사에서 3연속으로 떨어져서 좀 더 공부를 해야 해요.” “저런…… 방해해서 미안합니다.” 투덜거리는 크림슨을 뒤로하고 클레아스는 다시 알터로 돌아왔다. 그녀를 기다리고 있던 페이가 물었다. “어땠나요? 빨간 머리 프록시안들은 다들 똑똑하고 착했나요?” 클레아스는 고민하다 대답했다. “음…… 빨간 머리 프록시안들은 아무래도 감정 표현이 격하고 자유분방한 것 같습니다.”
A53: Link.Story.12 | D53: 12 | G53: 수줍은 소녀들 | H53: 인적 없는 교외의 폐허. 낙엽과 나뭇가지를 밟는 작은 발자국 소리가 들려왔다. 앞서 가던 메아는 산더미 같은 배낭을 메고 있는 스노프릴을 미안한 표정으로 돌아보았다. 스노프릴은 손목으로 이마에 맺힌 땀을 훑으며 군데군데 파손된 데크에 배낭을 내려놓았다. “여, 여기서 저희가 꼭 변하는 계기를 마련했으면 좋겠어요. 스노프릴 님.” “그러게, 메아. 그렇게 된다면 좋겠는데…” 이번에도 여지없이 대화가 끊겼다. 안 그래도 조용한 황야에 어색한 침묵이 감돌았다. 둘 사이에 아키텍트가 있었다면 상황이 조금 달랐겠지만 둘은 너무 똑같을 정도로 내성적이고 소극적이었다. “쉬, 쉬고 있어요. 스노프릴 님. 무거운 걸 메고 오셨으니까 이번엔 제가 땔감을 모아올게요.” “헤헤~ 고마워. 메아. 그런데 힘이 센 내가 장작을 모으는 편이…” “아니에요! 이미 해가 져서 저도 얼마든지 움직일 수 있답니다. 계속 스노프릴 님한테만 의존할 수는 없으니까요.” 작게 고개를 끄덕인 스노프릴은 악마불가사리를 들고 먼 곳으로 사라져가는 메아의 뒷모습을 바라보았다. 메아는 괜찮을까? 겁이 많아 보였는데 낯선 숲에서 혼자 길을 못 찾아 헤매진 않을까? 이런저런 생각을 하던 스노프릴은 곧 외로움과 쌀쌀함을 느끼고 곰돌이 인형을 꺼내 안았다. 방금 전까지 운치 있게 들리던 풀벌레 소리와 바람 소리마저 스산하게 느껴졌다. “오래 기다리셨죠? 이거면 괜찮을까요?” 돌아온 메아의 품엔 종이들이 한 뭉치 들려있었다. 역시 아웃도어를 해보지 않은 메아에겐 너무 어려운 부탁이었을까? 스노프릴은 속으로 살짝 한숨을 쉬며 종이 뭉치들을 받아 들었다. 땔감으론 부적절하지만 날씨가 추우니 일단 이거라도 태워야 할 것 같았다. 그런데… “종이에 이상한 게 적혀 있는데?” “이상한 거요? …실종자를 찾습니다…?” “이것도, 그리고 이것도 실종자를 찾는다고 적혀 있어.” “실종 기간도 비슷한데 갑자기 이렇게 많은 실종자가 나왔다는 건…” 둘 사이에 기묘한 정적이 흘렀다. “아하하… 일단 불을 지필까요? 스노프릴 님 많이 추워 보여요.” “으, 응! 그러자!” 캠프파이어에 종이를 밀어 넣으며 두 소녀는 각각 속으로 다짐했다. ‘무슨 일이 생긴다면 키가 조금이라도 큰 내가 소심한 스노프릴 님을 지켜줘야 돼…’ ‘내가 생일도 빠르고 힘이 세니까 메아를 지켜 줘야겠어.’ 그러다가 눈이 마주친 두 소녀는 서로 속마음을 들키기라도 한 것처럼 어색하게 고개를 돌렸다. 그런 메아의 눈에 누군가 이쪽으로 다가오는 것이 보였다. “아, 당신은…?” “어머, 너희들 누구 마음대로 여기서 야영 중이야?” “어떡해요. 스노프릴 님… 저 사람 혹시…” “이 근처에 뿌려져 있던 전단지 못 봤어? 여기는 위험한 변종 곰이 나오는 곳이라서 실종자가 많다고.” “벼, 변종 곰이요? 진짜일까요? 스노프릴…” “……” “그러니 따라와. 너희들을 안전하게 마을까지 데려갈 테니까.” “네에… 아쉽지만 우리 여행은 여기까지인 것 같네요. 스노프…” 메아의 말이 끝나기도 전에 불청객이 품속에서 날붙이를 꺼내 크게 휘둘렀다. 메아는 뜻밖의 습격에 아무 대응을 하지 못하고 그저 멍하게 서있을 뿐이었다. 하지만 불청객의 공격은 예상했다는 듯 난입한 스노프릴의 방패에 무력하게 막히고 말았다. 메아와 불청객의 사이를 막아선 스노프릴이 작게 중얼거렸다. “이 근처는 파트너를 찾으러 왔던 곳이라 알고 있어… 변종 곰 같은 건 나오지 않아!” “이, 이게…!” “그리고 네 뒤에 숨어있는 녀석들. 하나 같이 살벌한 표정으로 흉기를 숨기고 있잖아.” “제길! 들켰어! 다들 나와!” “제법 눈치가 빠른데?” “가진 식량과 물건을 모두 두고 가면 목숨은 살려주지. 아, 그리고 입고 있는 옷도 말이야.” “어림없는 소리! 도망가! 메아!” 여러 명의 프록시안들이 일제히 스노프릴을 향해 달려들었다. 스노프릴의 호흡이 점차 거칠어지는 것이 느껴졌다. “끝이다! 방패 꼬맹… 어?!” “받아라! 따끔할 거야!” 스노프릴에게 일격을 가하려던 두목 프록시안은 메아가 휘두른 악마불가사리에 맞아 바닥에 나동그라졌다. 일격에 의식을 잃은 두목을 보며 다른 프록시안들이 우왕좌왕하기 시작했다. 두 소녀는 그 틈을 놓치지 않고 그들을 각개격파했다. 오래 지나지 않아 상황은 종료됐다. 바닥에 쓰러진 프록시안 사이에서 메아와 스노프릴이 등을 맞대고 앉아 호흡을 골랐다. “후후, 제법이네요. 스노프릴 님.” “너야말로. 에헤헤~” “평소와 다르게 적극적이고 믿음직하셨어요.” “헤헤~ 메아도 평소와 다르게 용감하던걸?” 두 소녀는 본인들도 모르게 미소 지었다. 아까와는 달리 서로를 대하는 표정이 자연스러워진 느낌이었다. 멀리서 늑대인지 이리인지 모를 동물이 우는 소리가 들려왔다. 스노프릴은 살짝 몸을 떠는 메아를 감싸주었다. 복슬복슬하진 않지만 충분히 귀엽다고 생각하면서. “이래선 영원히 겁쟁이에서 못 벗어나겠죠?” “글쎄, 용기는 결정적인 순간에만 내도 충분하지 않을까?” “스노프릴 님처럼요?” “에헤헤, 그렇게 들렸나? 어쨌거나 우리한테 앞으로 변해갈 시간은 충분하니까!” 두 소녀는 서로의 온기를 느끼며 이제는 반쯤 꺼져가는 캠프파이어를 바라보았다.
... A61: Link.Story.20 | D61: 12 | G61: 멍때리기 전문가 | H61: 릴리안은 길게 한숨을 쉬었다. 이번 달은 유독 과학의 아름다움에 매료되어 가입을 원하는 신도가 적었던 것이었다. 열정만큼은 누구에게도 지지 않는다고 생각하는 릴리안이었지만 어쩐지 힘이 빠질 수밖에 없었다. “플라즈마… 역시 아르세즈는 과학의 위대한 법칙 따위 신경 쓰지 않는 자유로운 영혼들이 너무 많은 걸까요.” “야! 저기 봐! 저게 말로만 듣던…” “세상에! 진짜야! 나 완전히 광신도가 되어버릴 것 같아!” 멀리서 자신을 향해 달려오는 한 무리의 프록시안을 보며 릴리안은 순간 라인슈타인 님의 이름을 부를 뻔했다. “드디어… 저희 포교가 플라즈마한 결실을 맺는 것일까…” “라일라 니임~!” “바이하르트 최고! 그들은 신이야!” 릴리안은 반쯤 정신을 놓은 채 달려오는 수많은 프록시안들에게 밀쳐져, 쓰러져버렸다. “크윽, 프, 플라즈마… 대체… 어떤 종교길래…” 릴리안은 여기저기 밟혀 몸과 옷이 넝마가 되었지만 그 와중에도 대체 어떤 이교도가 이토록 프록시안들을 현혹하는지 궁금증을 참지 못했다. 분명 아주 간사하고 부지런한 이단일 것이다. 그런 그녀의 눈에 멀리 심드렁한 표정을 짓는 금발머리의 소녀가 보였다. “하암… 졸려워…” 소녀는 수많은 인파에 둘러싸였지만 어떠한 설파나 포교도 하지 않았다. 다만 조금 피곤한 얼굴로 자신의 기타를 소중히 들쳐 메고 공연장으로 향할 뿐이었다. “거, 거기 잠깐만요!” “나…?” “그래요. 아까부터 보니까 신도… 아니, 따르는 사람들이 많은 것 같은데.” “…같은데?” “그 비결을 듣고 싶어요!” “비결? 모르겠어…” 라일라는 고개를 갸우뚱했다. 그러다가 라일라는 뭔가 생각났다는 듯 릴리안의 얼굴에 자신의 얼굴을 가까이 갖다 댔다. “우리 음악… 들어볼래?” 그리고 몇 시간 후. 릴리안은 마치 뭔가에 압도된 듯한 느낌으로 텅 빈 공연장에 멍하게 앉아 있었다. 요란한 기타 소리와 관객들의 함성 소리가 아직도 릴리안의 가슴에서 요동을 치는 느낌이었다. “어땠어?” 라일라의 물음에 릴리안은 어린아이처럼 초롱초롱한 눈으로 대답했다. “플라즈마 그 자체였습니다!” “그치? 비트는 영혼의 불꽃.” “오오!” “너도 락, 해볼래?” “앗, 그래도 됩니까? 기쁩니다! 플라즈마아!!” “으앗! 뜨거워~!” “죄, 죄송합니다. 너무 흥분한 나머지 나도 모르게 플라즈마 발사를…” “괜찮아, 그게 락 스피릿. 모두에게 보여주는 거야…!” 라일라의 칭찬에 웃던 릴리안은 내심 깜짝 놀랐다. 아까부터 가시지 않는 마음속의 열기는 플라즈마와는 확실히 다른 뜨거움이었다. 포교를 하려던 자신이 오히려 역으로 포교를 당해버리면 어쩌자는 말인가. 거기에 생각이 미치자 릴리안은 패배감과 함께 플라즈마가 시들해지는 느낌이 드는 것이었다. “라일라 님. 죄송합니다만 락 스피릿이라는 건 어떻게 꺼뜨리면 되는 겁니까?” “어? 락 스피릿 싫어?” “그건 아닙니다. 하지만 전 이데올라의 부제. 평소 마음속의 정숙과 경건함을 유지해야할 필요가 있습니다.” “그거라면 날 따라해. “무엇을…?” “전부 내려놓고… 멍하게….” “멍하게… 하늘을 보란 말이군요. 이렇게.” “응, 한껏 해방… 쿨다운… 하는 거야…” “과연, 이렇게 몇 분이나 하면 되는 걸까요?” “……” “저기… 라일라 님?” “……” “과연. 라일라 님의 쿨다운은 말을 하기도 귀찮은 경지에 다다른 거군요.” 입을 벌리고 하늘을 보며 멍때리는 라일라의 모습은 마치 등신대 피규어 같았다. 그 고요하고 평화로운 모습에서 릴리안은 과연 수많은 사람들을 열광시키게 하는 예술가는 마치 종교인과도 일맥상통하는 부분이 있다고 생각했다. 멀리서 철컹하고 공연장 문에 자물쇠가 들리는 소리가 들려왔지만 둘은 어쩐지 일어나기도 귀찮아져서 하염없이 멍을 때렸다.
A62: Link.Story.21 | G62: 창작의 영감을 위한 도구 | H62: “대체 어떤 녀석의 소행이지?” 벨리타는 엉망으로 낙서된 자신의 시집을 내려다보며 한숨을 쉬었다. 이번 달 들어서 벌써 세 번째다. 작업실에는 보안장치가 작동되고 있었는데도 아무 소용이 없었다. 게다가 범행의 흔적을 남기지 않는 치밀함. 자신의 작품을 반달한 프록시안은 절대 단순한 장난 수준의 낙서를 하는 것이 아니었다. “조금 불쾌한데.” 벨리타는 자신의 아랫입술을 지긋이 깨물었다. 반달이 시작된 날부터 벨리타의 시에는 어느샌가 분노와 증오의 감정이 담기기 시작했다. 시를 고민하기에도 바쁜 시간들을 고작 하찮은 반달리스트들 때문에 낭비하는 것이 싫지만… “이쯤 되면 내가 직접 나서야겠어.” 몰려오는 짜증 속에서도 벨리타는 어쩐지 마음 속 깊은 곳에서 이 반달리스트들을 잡아서 어떻게 괴롭힐까 상상하며 즐거워했다. 벨리타가 잠복을 시작한 지 며칠이 되던 날. 요란해 보이는 복장의 괴한 둘이 자신의 작업실로 조심스럽게 들어오는 것이 보였다. “…이런 기본적인 보안장치 정도를 해킹하는 건 쉬우니까요…” “yo~ 멋지네. 친구~ 그런데 온라인이랑 말투가 많이 다른데?” “…사소한 건 신경 쓰지 말아주세요…” “안녕?” “아앗! 깜짝 놀랐잖아. 친구! 어디 숨어있었던 거야?” “친구? 난 너희의 친구가 아니야!” 벨리타는 정체불명의 불청객 두 명과 격렬히 전투를 벌이기 시작했다. 비교적 정석인 자신의 검술과는 다르게 둘의 전투방식은 듣도 보도 못한 기상천외한 것이었다. “내 작품을 반달한 행위… 너희의 목숨으로 대가를 치뤄야겠어.” “미, 미안합니다! 미안해요!” “으하핫! 반달이 뭐 어쨌다고 친구! 예술이란 건 말이지! 형식에 얽매이지 않을 때 비로소 다음의 경지가 보이는 거라고!” “웃기고 있군. 네가 뿌린 스프레이는 그냥 쓰레기장에나 어울릴 공해야!” “그 말은 좀 상처가 큰데?” 둘의 싸움이 점차 격해지고 그 여파로 작업실 벽에 금이 가기 시작했다. 이윽고 무너져 내려 버린 벽 사이로. 길을 가던 프록시안들의 놀란 표정이 보였다. 수차례 폭발에 의해서 스프레이가 묻은 시집들도 아르세즈 거리로 떨어져 내렸다. 세 프록시안의 바이오 바디에 손상이 누적되어갔다 하지만 예상 밖의 저항에 당혹스러워하는 두 반달리스트와는 달리 벨리타의 얼굴엔 처음 보였던 분노와 다른, 일그러진 쾌감 같은 것이 묻어나고 있었다. 묘한 흥분이 기쁨에 뒤범벅된 감정이었다. “큭! 이건…” “…큰일이에요. 이드… 이 프록시안… 우리 예상보다 훨씬 일그러진 본성을 가지고 있다고요…” “그래, 친구. 설마하니 고고하신 시인님의 내면에 이런 공격성이 숨어 있으리라곤.” “아하핫! 사실 너희처럼 합법적으로 조각낼 만한 바이오 바디를 계속 기다리고 있었어! 마침 내 새 작품을 구상하는데 아이디어가 떨어져가던 참이었거든!” “제길! 그게 네가 영감을 얻는 원동력이었구나!” “그래, 반달리스트가 그런 걸로 놀랄 필요는 없잖아? 너흴 잡아서 최대한 걸레짝으로 만들어준 다음에 아르세즈 슬럼가에 그 몸뚱이를 전시해줄게. 작품명은 『반달 당한 바이오 바디』. 어때?” 말을 끝마치자마자 눈 앞에서 검은 연막… 아니, 스프레이가 폭발했다. “너, 너무 흥분한 것 같은데 다음에 만나자고! See ya mate!” “인사는 됐으니 빨리 도망가자… 이드…” “쳇, 도망갈 생각이야?” “도망가는 게 아니라 그거야! 그거! 오늘은… 그 뭐였더라…” “…오늘은 이만 물러가주지…” “맞았어! 아이라스 친구!” “거기 멈춰! 반달리스트!” “넌 다른 것들을 파괴하며 영감을 얻는다는 게 우리와 꽤 닮았어. 냉수라도 한 잔 마시고 흥분 가라앉힌 다음에 다시 만나자고! 우리와 함께 하게 된다면 네 본성대로 더 날뛸 수 있을 테니까!” “…저, 저는 저렇게 무모하고 과격하진 않아요… 이드…” 이드와 아이라스라고 불린 두 프록시안은 순식간에 모습을 감췄다. 벨리타의 눈 앞에 자신이 쓴 작품 「악의와 증오의 위」가 흩날리고 있었다. 어쩐지 낙서라고 보기엔 쓸데없이 공들인 기하학적 무늬의 그래피티와 함께. 그 문양은 마치 자신의 작품을 위해 만들어진 것처럼 벨리타를 매혹시켰다. 벨리타는 새로운 시집의 표지 디자인을 이드라고 불린 정체불명의 프록시안이 남긴 문양을 썼다. 『악의와 증오의 위에 덧씌운 한심한 낙서』라는 제목의 시집은 기존의 벨리타의 작풍보다 훨씬 더 냉소적이고 새디스틱하다는 반응을 얻었다. 비록 문단에서는 혹평을 했지만 매니아층은 오히려 열렬한 지지를 보였다. 어찌 보면 그 두 프록시안의 등장으로 인해 자신의 작풍이 조금 더 과감해졌고, 또 그들이 남긴 표식이 작품의 악명 아닌 악명을 더 드높였다는 생각에 벨리타는 묘한 승리감을 느꼈다. 그 문양이 나이트코드의 표식이라는 것과, 이 일로 인해 훗날 공안국의 의심을 사게 되어 쫓기면서 본의 아니게 그들의 도움을 받게 될 것은 예상하지도 못한 채 말이었다. 자신의 작품을 반달한 그 두 프록시안은 자신의 작품을 어디선가 지켜보고 있을 것이다. 그게 순수한 예술에 대한 열정 때문이든, 동질감 때문이든 간에 말이다. 벨리타는 조만간 그 두 프록시안을 다시 만날 것이라는 확신이 들었다.
A63: Link.Story.22 | D63: 12 | G63: 고전게임부 | H63: “그래서! 바로 오늘! 저 유리지아는 기념비적인 고전게임부 창설을 선언하는 바입니당!” 짝짝짝짝. 일장 연설이 끝나고 윙크를 하며 혀를 빼문 유리지아의 주변에서 영혼 없는 박수 소리가 들려왔다. “머… 멋져. 나, 빨리 게임해보고 싶어…” 수줍게 박수를 치는 쪽은 아이라스. 반대로 연설 따위에 관심 없이 상자에 쌓여있는 게임 패키지들을 살펴보는 쪽은 이노였다. “와~ 진짜 이런 초특급 유물은 처음 봐. 이거 작동은 하는 거야?” 이노는 게임팩 중 하나를 후후 불고는 침을 발랐다. “앗! 내 컬렉션 함부로 다루면 안 됨당~!!” “그나저나… 유리지아 게임은 너무 레트로해서… 반응이 별로… 안 좋긴 했어.” “너님! 그렇게 말하면 섭하징~ 소수의 마니아층에겐 확실히 어필이 되었다궁~” 유리지아가 복원한 게임은 너무 레트로할뿐더러 게임 그 자체보단 게임이 유행하던 시기의 이전 문명을 재현한 것들이라 소수의 마니아를 제외하면 인기가 없었다. “그래도 이번에는 피드백을 받아들여 요즘 유행하는 VR게임 형태로 만들었다궁~! 아케이드 이외의 게임도 많고 말이징!” “그럼 이번엔 가상현실에서 굳이 가짜 동전을 넣어서 가짜 게임을 할 필요는 없단 말이지?!” “가, 가짜라닝! 쇼킹! 하지만 결론부터 말하면 니 말이 맞다궁~” “기대되는데? 그럼 난 이 페르시안 프린세스 메이커? 이걸 해볼게!” “나는 상급생으로 할게… 그림이 예쁘네…” “좋아! 그럼 다들 게임의 세계로 코인 인서트~!” 유리지아가 게임기를 작동시키자 이노와 아이라스의 의식은 순식간에 VR 세계로 빨려 들어갔다. 「이얏호! 출격! 쇼타임! 마음대로 날뛰어 주겠어!!! ( ^ 0 ^ ) 」 “헐, 뭐야? 아이라스 원래 저런 성격이었어?” “냅뒁~ 아이라스는 전파녀가 되면 슈퍼 하이 텐션이니깡~ 그보다 이노, 페르시아 프린세스 메이커가 곧 시작되니까 드레스룸 입장 준비~” “어?! 드레스룸? 그런 건 들어본 적이 없는… 으앗!” 이노가 떨어진 곳은 중세의 고풍스러운 성의 공주님 방 같은 곳이었다. 그곳에는 이상할 정도로 엘리나와 유리지아를 닮은 거대 집사들이 있었다. “준비됐죠? 엘리코?” “물론이죠! 유리코!” “준비? 무슨 준비?! 아앗! 내 옷! 함부로 갈아입히지 마!” 거대한 손들에 의해 이노의 옷이 마구 공주님 같은 옷으로 갈아입혀지기 시작했다. 옷이 갈아입혀질 때마다 화면에 표시되는 이노의 스테이터스도 마구 변하기 시작했다. 한편 아이라스는 한 번도 본 적이 없는 이상한 공간으로 전송되었다. 「여긴 어디인? 약간 옛날 버전 리메리트 같은뎁…? (◑.◑)」 “앗! 아이라스 선배? 헤헷~” 「햣! 놀래라! 넌 누구냐?! 유리지아랑 닮았는데 어려보이네?! ∑(º□ º）」 “전 선배를 사모하는 후배 유리아라고 해요…” 「그래요, 후배님. 지금 내 눈앞에 자꾸 선택지 같은 게 뜨는데 이게 뭔지 알아? 『오늘 방과 후에 교실에서 기다릴게』…? 잠깐! 손도 안 댔는데 저절로 골라졌어! (°△°|||)」 ”으흐응~ 선배… 초반부터 그렇게 적극적으로 대시하시면 몸이 달아올라요...“ 「∑(ºД º） 무, 무슨 짓이야! 떨어져! 질척거리잖아! 끈적거리잖아!」 이노와 아이라스가 각자 무사히(?) 게임의 환경에 접속한 것을 보며 유리지아는 고개를 끄덕였다. ”우후훗~ 이번에 리뉴얼한 게임들은 게임 속으로 직접 들어가는 것뿐만이 아니라, 직접 게임의 주인공이 될 수 있도록 만들었죠. 어때요? 이거라면 일반인들에게도 어필할 수 있지 않을까요?“ 「제발 여기서 꺼내줘! (>□<#)」 ”히익! 그만! 이런 옷은 너나 입으라고!“ ”흐음… 그런데 그런 것보다 반응이 신통치가 않넹… 역시 고객의 니즈가 중요한 것일까앙?“ 잠깐 고민하던 유리지아는 손벽을 탁 쳤다. ”아하! 그럼 게임 속 NPC들의 얼굴은 아키텍트로 해야겠넹. 굿 아이디어!“ “”꺼내줘어어~!“” 유리지아는 자신의 아이디어에 만족하며 새 부원(겸 실험대상)을 받아들일 준비를 했다. 어차피 이노와 아이라스는 탈퇴한 다른 부원들처럼 다시 고전게임부로 돌아오지 않을 테니까 말이다.
A64: Link.Story.23 | D64: 12 | G64: 동경해 마지 않는 그녀 | H64: “오, 에라디카 님! 아름다움에 눈이 부시다 못해 힘이 빠지는군….” 에라디카의 품평회에 몰려든 기자들의 시선이 한 소녀에게 집중되었다. 거기엔 샤레가 양손을 모으고 눈을 반짝반짝 빛내고 있었다. 에라디카를 수행하던 베르베타는 깊게 한숨을 쉬었다. “샤레 님. 매번 이러시면 곤란합니다. 에라디카 님께도 공적인 일정이 있으시니까요.” “그런가? 나는 그저 교양 있고 아름답고 우아하신 에라디카 님을 가까이서 볼 수만 있다면 만족…” “그러니까 그게 문제입니다.” 샤레는 유능한 도서관 사서이자 탐정이라서 에라디카가 총애하긴 하지만 도가 지나쳐서 곤란할 때가 많았다. 딱히 불순한 의도는 없이 졸졸 쫓아다닐 뿐이지만 그 행위가 100% 순수한 팬심이라는 게 더 문제였다. 에라디카와 친분이 있다는 이유만으로 샤레에게만 관대하게 대한다면 다른 스토커들을 제재할 명분까지 사라지기 때문이었다. “정중히 부탁드리겠습니다. 돌아가서 다른 관객들과 함께 지켜봐 주세요.” “그것은 에라디카 님의 의중인가?” “글쎄요. 확실한 건 지금 나가주십시오. 샤레 님.” 베르베타의 딱 자른 거절에 샤레는 힘없이 터덜터덜 돌아갔다. 그 모습을 보던 에라디카가 걱정스럽게 말했다. “베르베타. 샤레에게 너무 심한 건…” “전혀 심하지 않습니다. 주인님. 직접 샤레 님과 대화를 나누는 건 계속 삼가주십시오.” “하아, 알았어. 내 손이 안 가서 편하긴 하니까.” 에라디카가 못 이기는 척 수긍할 것도 예상하고 있었다. 샤레를 귀여워하긴 하지만 귀찮은 일은 질색하는 성격이니까 말이다. 하지만… “흐음, 확실히 이것까지는 저도 예상을 못했네요.” “으으… 이거 놓으시게!” 며칠 뒤, 베르베타에게 붙잡힌 샤레는 기자 중 한 명으로 변장해 있었다. 헤어스타일, 복장 등 기본적인 부분은 물론이고 정교하게 위조된 신분증, 음성 변조기까지 기자와 똑같을 정도의 정교한 변장에 에라디카도 혀를 내두를 정도였다. “샤레… 탐정 일은 부업인 줄 알았는데 수준급이구나.” 에라디카는 한숨을 내쉬었다. 시간이 지나자 소란이 잦아들고, 샤레는 자랑스럽게 자신의 변장을 풀었다. “으흠흠! 경애하는 에라디카 님께 칭찬을 받다니 기쁜 일이야! 하지만 아쉬운 면도… 다음 번엔 들키지 않을 변장으로 미행을…” “탐정이 아니라 괴도로 전직하는 건 어떠신가요?” “어허, 그건 말도 안 되네! 동경하는 건 이전 문명의 명탐정들과 에라디카 님뿐. 난 내가 싫어하는 존재로는 변장하고 싶지도 않고, 흉내를 내고 싶지도 않아! 내 회색 뇌세포가 거부하니까!” 샤레가 토해내는 열변을 듣던 베르베타는 문득 좋은 생각이 떠올랐다. 다른 프록시안으로 변장하는 실력이 극에 달한 샤레만이 할 수 있는 일이. 베르베타는 샤레의 양 어깨를 잡고 시선을 마주쳤다. “무슨 짓이야! 이 교양 없는 메이드! 에라디카 님의 사진 100장은 바쳐야 할 사안일세!” “저기, 샤레 님. 샤레 님이 에라디카 님을 동경하는 건 에라디카 님이 닮고 싶고 흠모할 만한 가치가 있는 분이라서 그런 것이겠죠?” “그야 당연하지!” “그럼 기자로 변장하지 말고 에라디카 님으로 변장하는 건 어떻습니까?” 베르베타의 말에 샤레와 에라디카가 둘 다 놀라 펄쩍 뛰었다. “에엑?! 내, 내, 내, 내, 내가 에라디카 님을…?” “베르베타, 그게 무슨 재미없는 이야기지…?” “예를 들어, 이런 겁니다. 이제부터 샤레 님은 에라디카 님의 대행 아르바이트를 하는 겁니다. 에라디카 님은 눈코 뜰 새 없이 바빠 쉴 필요가 있으니까요.” “최고품평회의 업무는 다른 프록시안들이 따라할 수 있는 것이 아니야.” “샤레 님이라면 추리물 품평회 정도는 가능할 거예요. 그리고 품평회가 아닌, 다른 사교 모임이나 공식 일정에서 얼굴만 비추는 정도라면 가능하겠죠. 관절은 잡아서 늘리면 되고요.” “잔인한 소리를 아무렇지도 않고 하는군! 음… 그래도 내가 직접 에라디카 님이 돼서 스포트라이트를 받는다는 발상은 나쁘지 않아. 이것이야말로 그간 바라마지 않던 일! 하겠네!” 샤레는 좋아서 방방 뛰었다. ”하지만 베르베타. 무료로 프록시안을 부려먹는 건 노동법에 위배된단 말이야. 샤레의 기존 임금을 고려하면 적지 않은 크레딧을 지불해야 할 텐데.“ ”아, 그건 상관없습니다. 샤레 님은 크레딧 대신 에라디카 님의 은밀한 사진을 받는 조건으로 대행 업무를 해줄 테니까요. 「동경해 마지않는 그녀」가 될 유일한 기회 아닙니까.“ 그리고 샤레는 며칠 뒤 정식 임무에 투입되었다. 기자들의 사진 세례를 받던 샤레는 자신과 함께 에라디카를 뒤쫓아 다니던 다른 스토커들이 한치의 의심도 없이 자신을 바라보는 것을 보고 승리의 미소를 지었다. 재생 세계든 이전 문명이든 이렇게 성공한 사생팬은 자신이 유일할 것이라고 생각하면서.
A65: Link.Story.24 | D65: 12 | G65: 발렌+시아 | H65: 뚫어져라 단말기를 들여다보는 시아의 표정이 밝지 못했다. 『와~ 시아 님 너무 멋지네요.』 『일격에 상대를 쓰러뜨리는 모습. 박수 드립니다.』 『좋아요 누르고 갑니다.』 『너무너무 귀여워요! 시아 선배 영원히 내 꺼야!』 오늘 올린 SNS 피드에 달린 댓글들을 보며 시아는 작게 한숨을 쉬었다. 달린 댓글 수는 꽤 많지만 뭔가 작위적인 느낌을 떨쳐버릴 수가 없었던 것이었다. 작위적이지 않은 건 일부 지인 혹은 스토커 혹은 광적인 팬일 게 분명한 댓글뿐이었다. 요즘 SNS를 뜨겁게 달구는 초인싸 발렌시아의 피드와는 천지차이였다. “어째서일까요? OOTD, 음식 사진, 여행 사진, 게다가 남들에게 없는 일격필살로 적을 쓰러뜨리는 멋진 동영상까지 있는데…” 전술대항전 1위이자 오델리아의 최강 라인에 속하는 시아는 그만큼 자존심도 높았다. 남들 앞에서는 SNS는 취미삼아 하고 있는 중이라며 아무렇지도 않은 척해 봐도 은연중에 자존심이 상하는 건 어쩔 수 없었다. “아무리 생각해도 최강인 저에게 부족한 부분이 없는 것 같아요. 발렌시아 씨.” “흠, 그래서 저한테 상담을 요청하신 거였군요.” 함께 화면을 들여다보던 발렌시아가 고개를 끄덕였다. “정말 멋지게 상대방을 이긴 장면이나, 리메리트에서 최고로 맛있는 음식점에서 찍은 사진이라거나 하는 것들을 주로 올렸는데 말이에요.” “오히려 그런 피드만 너무 올린다면 친구 입장에선 시아가 너무 먼 존재처럼 보여서 거리감이 느껴질 수도 있을 것 같아요.” “먼 존재처럼 보인다고요?” “네, 예를 들어 여기 올린 이 인터뷰 같은 대사를 봐요!” 발렌시아가 게시물 하나를 클릭했다. 쓰러진 상대 앞에서 의기양양하게 포즈를 취하는 시아의 사진 아래에 ‘전혀 힘들지 않았어요. 기본 공격만 사용했으니까요.’라는 대사가 적혀 있었다. “많은 사람들은 약자의 입장에서 생각을 하잖아요! 이건 패자에 대한 배려가 없는 언행이라고 느낄 것 같아요.” “끄응… 하지만 제가 느낀 걸 이야기한 것뿐인걸요?” “가끔씩은 거짓말도 필요한 거예요!” “어렵네요. 차라리 대회에서 상대를 쓰러뜨리는 쪽이 훨씬 쉬운 것 같아요.” “휴우~ 그런가요?” 시아와 대화하던 발렌시아가 한숨을 쉬었다. 시아가 나쁜 성격인 건 아니다. 하지만 그 지나치게 강한 전투력만큼이나 높은 자존심은 다른 사람들의 기분을 잘 헤아리지 못하게 만들기에 문제였다. “시아는 빵을 만드는 취미가 있잖아요! 베이킹 클래스 같은 교육 SNS를 꾸며보시는 건?” “빵을 만드는 컨텐츠를 다루는 채널은 이미 레드 오션이에요. 전 말 그대로 취미로 하는 거라서요.” “흠, 사실 그렇게 다른 사람들을 가르치는 소재야말로 인플루언서가 되기엔 딱인데 말이에요.” 발렌시아의 말에 시아가 손바닥을 주먹으로 탁 내리쳤다. “고마워요. 발렌시아 씨! 저 좋은 아이디어가 떠올랐어요!” “와! 그게 뭔가요?!” “제 특기는 뭐니뭐니해도 단시간에 상대를 쓰러뜨리는 거거든요! 말 그대로 일격필살!” “이, 일격필살…?!” “네! 그 일격필살을 다른 프록시안들에게 전수하는 컨텐츠를… 꺄앗!” 시아의 말이 끝나기도 전에 그녀의 양팔을 붙잡은 발렌시아의 눈이 부담스러울 정도로 빛나고 있었다. “바, 발렌시아 씨…? 왜 그러시죠?” “부디 그 강력한 일격을 전수해주시는 가르침은… 저를 대상으로 해주시면 안 될까요?!” 물론 시아가 발렌시아의 주된 관심사가 강력한 한 방이라는 걸 알고 있었을 턱이 없었지만… “좋아요! 발렌시아 씨가 절 많이 도와주셨으니까 그쯤이야…” 라고 말했지만 사실은 초인싸 발렌시아를 고정 SNS 라이브 방송의 게스트로 초청하게 되면 그녀의 지인들까지 유입되어 인기가 높아지게 되리라는 원대한 노림수가 있었던 것이다. 발렌시아 역시 자신이 염원하던 일격필살을 배우는 게 되었으니 모두에게 좋은 일이었으려나?
A66: Link.Story.25 | G66: 소녀들의 학교생활
A67: Link.Story.26 | G67: 과학적인 자매 | H67: “어떡하지? 언니...” “미, 미안! 어떻게든 해결해볼게.” 등교 시간이 얼마 남지 않은 시간. 카나타와 마나는 창고 안에서 울상을 짓고 있었다. 학교 준비물을 가지러 들어간 창고에서 자동문이 어쩐지 오작동을 한 모양이었다. 마나는 자동문을 열어보려고 끙끙댔지만 굳건하게 닫힌 문은 꼼짝도 하지 않았다. “이러다 지각할텐데... 역시 자동문 같은 거 필요 없었단 말이야.” “진정해. 마나. 무슨 일이 있어도 내가 해결해줄게.” 평소와는 다르게 낙심한 마나의 모습에 카나타는 황급히 창고 안을 둘러보았다. 창고 안에는 별 쓸데없는 잡동사니들과 물 양동이, 천장이 매달린 전등, 그리고 밀가루 포대 같은 것들이 널려있었다. “틀렸어~ 밀가루 포대 같은 걸로 어떻게 문을 열겠어...” 마나의 말을 들은 카나타의 얼굴에 잠깐 뭔가를 깨달은 듯한 기색이 스쳤다. 카나타는 밀가루 포대를 질질 끌고 오기 시작했다. “...뭐해? 언니? 그 밀가루 포대는 왜?” “말했잖아. 언니가 해결해주겠다고.” “......” 마나는 힘겹게 밀가루 포대를 옮기는 카나타를 잠시 바라보고는 밀가루 포대를 함께 밀기 시작했다. “마나?” “무슨 생각인지는 모르겠지만 도와줄게. 지각하고 싶진 않으니까.” “마나, 예전에 언니가 너한테 과학실험 이야기 해줬던 거 기억나?” “갑자기 그 이야기는 왜?” 마나는 퉁명스럽게 대답하면서도 카나타가 자신에게 해주었던 이야기들이 생각났다. 어두운 방 안에서 불을 끄고 작은 공 모형에 불을 비추며 낮과 밤에 대해서 설명해주기도 했었다. 옛날의 추억이었지만 마나는 어쩐지 살짝 미소가 지어졌다. “분진폭발이라는 현상에 대해 알고 있지?” “응, 미립자들이 공기 중에 퍼져 있을 때, 작은 불꽃에도 연쇄적으로 반응하여 폭발을 일으키는 현상...말하는 거지?” “잘 기억하고 있구나. 마나.” “당연하지. 언니가 먼지로 가득한 작은 유리병 안에 불을 붙인 걸 보고 정말 놀랐었으니까.” “후훗, 똑똑한 동생이네.” “지금 그걸 할 거야?” “똑똑한 동생이라서 말이 잘 통하는구나. 불을 붙여 폭발을 일으키기 전에, 물을 묻힌 포대를 뒤집어쓰는 거야.” “그걸로 안전할까?” “응, 미세한 먼지들에 불이 붙는 것 뿐이니까 폭발의 위력은 강하지 않고 순식간에 끝나.” 마나가 밀가루 포대를 들고 공중에 흩날리는 사이, 카나타가 창고의 전등에 연결된 전선을 합선 시킬 준비를 끝냈다. 언니가 준비 사인을 보내자, 동생이 고개를 끄덕였다. 콰아앙! 생각보다 큰 폭발이 일어났다. 하지만 그 폭발 덕분에 고장 난 자동문이 화재를 인식해서 잠금이 풀렸다. 그렇게 창고에서 탈출한 두 자매는 엉망이 된 서로의 머리와 옷을 보며 함박웃음을 지었다. “세수하고 지각할래? 아니면 이 꼴로 등교할거니?” “지각할 거였으면 그냥 다른 프록시안들이 올 때까지 기다렸을 거야.” 시간이 없어 엉망이 된 채로 등교한 마나는 놀란 친구들에게 대수롭지 않게 대답했다. "오랜만에 언니가 과학실습을 해줬어요. 물론 그 정도가 지나치긴 했지만요."
A68: Link.Story.27 | G68: 제42회 전술대항전 참가자 | H68: “이제 곧 다음 전술대항전인가?” 버스 손잡이를 잡고 바깥 풍경을 바라보던 유나는 오늘도 트레이닝 계획을 정리 중이었다. ’어쩐지 조금 피곤한걸. 연습을 시작할 때까지는 앉아서 쉬고 싶은데...‘ 그렇게 생각하던 유나의 눈에 빈자리가 생긴 것이 보였다. 유나는 도도하지만 남들에게 들키지 않도록 빠른 걸음으로 빈자리로 향했다. 하지만... “아앗!” “흐아, 오늘도 힘든 하루였네요~” 유나는 자신이 자리에 도착하기 전 간발의 차이로 좌석에 풀썩 앉은 프록시안을 허탈하게 바라보았다. ’저 교복은... 오델리아 초능력학교?‘ 그런 시선을 느꼈는지 오델리아의 프록시안도 이쪽을 바라보았다. “너는... 시아?” “앗, 유나 씨? 반가워요! 절 알아봐주시는군요.” “그야... 넌 저번 전술대항전에서 엄청난 성적을 거뒀으니까.” 하지만 확실히 이상하다. 지금 자신의 앞에 앉아서 부품이 낡은 프록시안마냥 무릎을 두드리는 시아는 확실히 강자의 모습이라고 보기 어려웠다. “어? 시아 씨, 유나 씨. 안녕하세요?” 다음 버스정류장에서 탄 것은 카나타였다. “...어쩐지 저번 전술대항전에서 화려하게 날뛰었던 참가자들끼리 모였네.” “다음 전술대항전이 금방인데 다들 연습은 잘 되어가세요?” “......” “......” 그들 사이에 묘한 침묵이 흘렀다. 의식하진 않았지만 서로를 탐색하고 있는 것이었다. 이 중 우승자로서 메달을 목에 거는 건 한 명의 프록시안 뿐이다. 신문에 실려 주목을 받을 교복도 하나뿐이다. 친구처럼 대화를 하고 있지만 결국 협력보다는 경쟁을 해야한다는 사실이 세 소녀의 마음에 걸렸다. “괜찮다면 오늘 같이 트레이닝을 하시는 건?” “좋아!” “나도 좋아요.” 카나타의 제안에 유나와 시아가 누가 먼저랄 것도 없이 동의했다. 어쩐지 머쓱해진 분위기에 시아는 아하하 웃었다. 끼익- “꺄앗! 뭐죠?” “버스가 급정차를...?” “다들 손들어!” 급정차한 버스로 세 명의 프록시안이 올라탔다. “요즘 활개를 치고 있다는 무장 강도단 같아.” “제 초능력으로 제압해볼게요...!” “아니, 잠깐. 초능력을 쓴다면 다른 승객들이 피해를 입을 수도 있어.” “그럼 어떡하죠. 유나 씨?” “내가 미끼가 될게.” “그건 너무 위험...” “지금부터 내가 시키는대로 해줘.” 시아가 뭐라 만류하기도 전에 유나는 시아에게 뭔가를 언급한 뒤 그들의 앞으로 걸어갔다. “안녕하세요.” “넌 뭐지? 죽고 싶지 않다면 자리로 돌아가서 머리에 손을 올려.” “그러지 않겠다면요?” “어? 지금 뭐라고?” “어차피 시키는 대로 해도 죽일 생각이잖아?” “별로 그럴 생각은 없었지만 네 말을 들으니까 생각이 바뀌는 걸? 하하핫!” 무장 프록시안들은 권총을 겨누고 방아쇠를 당겼다. 하지만 모두의 예상과 다르게 총성은 들리지 않았다. 괴한들의 시선이 뺏긴 사이에 시아가 초능력으로 권총의 탄창을 분리한 것이었다. “쳇! 애들 주제에 감히 이런 짓을!” 무장 프록시안 한 명이 나이프를 꺼내들고 유나에게 달려들었다. 하지만 그녀는 몇 걸음 가지도 못하고 그 자리에 쓰러지고 말았다. “별로 마음에 들지는 않지만, 오늘 트레이닝은 버스에서 하게 되었네요.” 카나타는 손에 든 여분의 고무탄을 재장전하며 여유로운 미소를 보였다. 무장 강도단은 세 명의 손에 차례대로 쓰러져갔다. 이건 이것 나름대로 좋은 트레이닝이었나? 유나는 얼굴에 살짝 미소를 띄웠다. 며칠 뒤 지역 신문에 세 학생이 표창을 받는 사진이 올라왔다. 각자의 학교 교복을 입은 유나, 시아, 카나타는 손을 잡고 목에 메달을 건채로 활짝 웃고 있었다.
A69: Link.Story.28 | G69: 주홍색 원고
A70: Link.Story.29 | G70: 소녀의 변신은 무죄
A71: Link.Story.30 | G71: 다혈질 학생 특별지도
A72: Link.Story.31 | D72: 12 | G72: 트레저 헌터의 모험담 | H72: “여어! 메아 아냐? 으하핫! 오랜만이네!” 메아는 자신보다 머리 하나는 더 크면서 어린애처럼 웃는 아셀스를 바라보았다. “좀처럼 밖을 돌아다니지 않는 널 만나다니 운이 좋은걸?” 아셀스는 어쩐지 기분이 좋아 보였다. 지금이라면 어려운 부탁을 해도 될지 모른다. 예를 들면 기사 아이투스의 부탁… 아니, 명령 같은 것 말이다. “메아, 그대가 최근 바다에 있는 부하들을 제멋대로 아쿠아리움으로 데려갔다고 들었다. 이 바다에 있는 것은 모두 내 것인데도 말이다!” 메아는 아이투스의 화난 목소리를 떠올리며 작게 몸을 떨었다. “하지만 자비롭게 기회를 주겠노라. 그대는 아스니아에 있으니 프록시안을 많이 알고 있겠지? 나는 언제나 지상 세계를 지배하고 싶었으니, 지상 문명에 익숙한 길잡이를 데려온다면 잘못을 눈감아 주도록 하마.” 내성적인 메아는 숙소에서 책을 읽는 시간이 많았다. 그 책 중에는 모든 문명을 다 들쑤시고 다닌 아셀스의 행적도 기록되어 있었다. 즉, 아이투스가 원하는 이상적인 길잡이는 바로 아셀스였던 것이다. 하지만 지상 세계 정복 같은 목적에 아셀스가 쉽게 협력해줄 것 같진 않았다. “저… 아셀스 님 부탁이…” “메아! 너한테 부탁이 있어!” “네?! 어떤 부탁이신가요?” “내가 최근에 오토라타 대양의 나무 근처 해구에 침몰한 해적선이 있다고 들었거든.” “그, 그런데요?” “하핫! 그래서 물에서 숨쉬는 특제 서플리먼트를 얻을 수 있을까 해서 말이야.” 특제 서플리먼트를 주는 건 크게 문제 없었지만 아셀스의 목적인 보물찾기는 문제였다. 하지만 눈을 빛내고 있는 아셀스의 부탁을 거절할 수도 없었다. “대신 부탁이 하나 있어요. 언니… 아니, 아이투스 님을 아시죠?” “어? 그 자식… 아니, 아이투스는 잘 알고 있지! 예전에 몇 번 만났거든.” 물론 만날 때마다 싸우긴 했지만. “아이투스 님께서 요즘 지상 세계에 대해 잘 아는 사람을 구하고 계시거든요.” “그거라면 딱 나네! 근데 그건 왜?” 메아는 아이투스에게 직접 들어보라며 대충 얼버무리곤 특제 서플리먼트를 건네주고 대양의 바다로 향했다. 바다에 들어가자마자 호쾌한 웃음소리가 들리며 아이투스가 나타났다. “크하핫! 어디서 퀴퀴한 땀냄새가 난다 싶었더니 또 네 녀석이었구나.” “그 거만한 웃음소리야말로 여전하군! 아이투스!” “여태까진 운이 좋아서 잘 도망쳐 놓고 굳이 죽으러 왔느냐? 아니면 맞는 걸 좋아하는 취향인 게냐?” “으, 으아아… 이게 무슨 상황이죠?” “잘했다. 메아! 이 시뻘건 좀도둑을 길들여 길잡이로 쓴다면 볼 만하겠구나!” “웃기는군! 거만한 생선 수집가 같으니! 오늘은 확실히 쓰러뜨려 주겠어!” 곧 둘은 엄청난 기세로 맞붙기 시작했다. 하지만 거의 호각이었던 싸움은 역시나 수중전에 익숙한 아이투스에게로 흐름이 넘어가기 시작했다. “카캇! 끝이다!” “크읏!” “처박힌 꼴이 볼 만하구나! 이 몸은 자비로우니 기회를 주겠다. 길잡이가 되겠느냐, 아니면 레비아탄의 먹이가 되겠느냐?” “잘 들어, 독재자. 모험가는 죽으면 죽었지 노예가 되진 않아!” “그럼 소원대로… 어엇?!” 그때 해구의 지층이 무너지며 거대한 난파선이 드러났다. 레비아탄이 필사적으로 난파선을 밀어냈지만 충격으로 크게 먼지가 일었다. “오늘도 전리품 획득! 또 보자, 여왕님!” 아이투스의 눈에 보물 상자를 가지고 헤엄쳐 도망가는 아셀스의 뒷모습이 보였다. “제길! 원통하구나!” “아, 아이투스 언니. 괜찮으세요?” “또 눈뜨고 내 보물을 빼앗기다니… 언제나 행운은 저 좀도둑의 편이란 말이냐!” “그, 그래도 승부는 완전히 언니의 승리였어요! 보물 같은 건 중요하지 않다고요!” “…그러하더냐?” “그럼요! 모두들 그렇게 생각하죠?” 메아의 말에 주변에 있던 해양 생명체가 모두 지느러미를 흔들며 환호하기 시작했다. ‘하지만 그래도 보물을 빼앗긴 거니까 아셀스 님의 승리겠지?’ 메아는 작게 한숨을 쉬었다. 한편 뭍으로 나온 아셀스는… “제, 제길… 이 녀석 보물 상자가 아니라 위장한 기계 생명체이었잖아. 그만 물고 내 엉덩이에서 떨어지라고!” 오늘만큼은 모든 운을 아이투스와의 승부에서 다 써버린 것 같았다.
A73: Link.Story.32 | D73: 12 | G73: 땡땡이 일장춘몽 | H73: 레이리얼 아스트라로 파견 근무를 나온 할로나는 한참 지루해하고 있었다. 업무 자체는 간단한 진료 보조라 어려울 게 없긴 했다. 하지만 본인의 의무실을 벗어나 추가 업무를 받아 끌려온 것부터가 귀찮은데다가, 아스트라의 하이브는 거의 와본 적 없어 어디 몰래 숨어서 쉬려고 해도 익숙하지 않았기 때문이다. “아아, 익숙한 내 의무실이 그리워~ 하여간 집 나오면 고생이라니까.” 하지만 기다리는 자에게는 다 기회가 오는 법, 할로나에게도 기회가 찾아왔다. 눈코 뜰 새 없이 바쁘게 진료를 보고 느지막이 점심을 먹던 때, 지금이라면 빠져나갈 수 있겠다 싶었다. 점심으로 나온 수프를 대충 후르륵 마셔버리고 식당을 빠져나온 할로나는 잠깐 숨어있을 공간을 찾아 아스트라의 하이브를 두리번거렸다. ‘제32 서류 보관소? 이런 낡은 창고면 30분 정도는 낮잠 자다 나올 수 있겠어.’ 할로나는 준비성 있게 챙겨온 담요를 꺼내며 싱글벙글 창고 안쪽으로 들어갔다. 하지만 으슥한 창고 안쪽에는 먼저 온 선객이 기다리고 있었다! “어라…… 안녕하세요?” “어라, 못 보던 분인데, 아스트라 소속이 아닌가 봐?” “아하하… 그, 저기, 음… 실드에서 파견 나온 할로나라고 합니다. 서류 좀 찾으려 잠깐….” 레이호우는 어색하게 웃는 할로나를 보고 입꼬리를 스윽 올렸다. “우후후, 오늘 오신 분이면 의료 지원으로 오셨을 텐데, 저희 『식자재 관리』를 위한 서류 보관소에는 무슨 볼일이 있으셨을까나~~?” “아…… 그게…… 영양 관리 때문이었나……?” 허둥지둥 둘러대는 할로나를 보고, 레이호우는 참지 못하고 웃음을 터뜨렸다. “아하핫, 괜찮아~ 당신, 딱 보니 게으름 피우러 찾아왔지? 나도 같은 처지니까 걱정 안 해도 돼~ 잠시 쉬었다 가.” “……에헤헤. 고마워요. 아스트라에도 저 같은 에너지 절약주의자가 있을 줄은 몰랐네요.” “나는 레이호우야. 에너지 절약주의자라, 마음에 드는 표현이네~” 두 프록시안은 처음에는 어색했지만, 평소에 어떤 식으로 『에너지 절약주의』를 추구하는지, 주변 상사와 동료가 어떤 식으로 자신들을 귀찮게 만드는지를 이야기하며 금세 친해졌다. 똑똑. 갑자기 누군가 서류 보관소의 문을 두드렸다. 문을 두드린 프록시안은 대답도 기다리지 않고 문을 열더니 성큼 안으로 들어왔다. “레이호우, 여기서 땡땡이 치고 있나? 지금 문제가 생겼다. 잠깐 나와서 이야기 좀 하지.” 레이호우는 할로나를 뒤로 숨기며 창고 안쪽에서 몸을 내밀었다. “어라라~ 프레이야잖아? 하여튼 내가 숨어있는 데는 귀신같이 잘 찾아온다니까. 그래서 무슨 일인데?” “오늘 의료 검진이 있는 건 알고 있지? 일손이 부족해서 실드에서 파견을 부탁했던 의무병 하나가 실종됐다. 찾는 걸 도와주었으면 하는데.” 헉. 뒤에 숨어있던 할로나는 심장이 덜컹 내려앉았다. “그래? 어떤 애인데?” “할로나라고 하던데, 점심 식사 후에 돌아오지 않는다고 하더군. 우리 아스트라의 하이브는 격납고까지 있어 광대하니까, 어디서 길을 잃은 게 아닌가 걱정된다.” 할로나는 식은땀이 났다. 어떡하지? “아, 그 아이? 여기 있어~” 레이호우는 뒤에 숨어있던 할로나의 어깨를 덥석 잡더니 프레이야 앞으로 내밀었다. “아까 길 잃고 헤매던 걸 데려와서 말동무로 삼고 있었거든. 심심해서 말이야~” “아하하…… 안녕하세요…….” 프레이야는 움츠러든 할로나를 보더니 고개를 절레절레 내저었다. “어휴…… 레이호우. 우리끼리야 상관없지만, 다른 부대원한테도 그러면 안 되지.” “미안미안~ 앞으로 조심할게~!” 프레이야는 몇 마디 더 투덜거리더니 할로나를 데리고 서류 보관소를 나섰다. 프레이야를 따라 서류보관소를 나서기 직전, 할로나는 뒤를 돌아보았다. 할로나와 눈이 마주친 레이호우는 장난스럽게 눈을 찡긋 했다. 이것이 같은 『에너지 절약주의자』 사이의 의리라는 듯이.
A74: Link.Story.33 | D74: 12 | G74: 모범적인 의무 활동? | H74: 여느 때처럼 전술 지역의 최전선에서 뇌명포를 휘두르고 있던 앰브로시아. 벌레 떼처럼 모여든 레드시프트를 보고 호탕하게 웃으며, 그녀는 후방의 화력지원부대에 명령을 전송했다. “전 포병대, 현 좌표로 일제 사격을 개시하라!” 콰과광!!! 스팅스가 자랑하는 중포들이 일제히 불을 뿜었고, 앰브로시아의 주변에 몰려든 레드시프트 병력들은 일시에 전소되었다. “……크읏, 역시 브로큰 애로우는 위험하군.” 그러나 포격 범위 안에 있던 앰브로시아 또한 폭발에 휘말리며 적지 않은 부상을 입었다. 자랑하는 프리페가라에 의지해 비틀거리면서도 서 있는 그녀에게, 포연을 뚫고 작은 그림자가 다가왔다. “부상자 확인! 응급 처치 들어갈게!” 동물 귀가 달린 자그마한 의무병은 조심스럽게, 그러나 신중하게 앰브로시아의 상처를 치료하기 시작했다. “으윽…… 고맙다. 우리 부대에서 못 보던 얼굴인데, 아스날 소속이 아니군?” “레이리얼 실드 소속의 할로나 중사야……. 의료 자원이 부족하다고 끌고 와놓고는 일도 없어서 귀찮아하던 참인데, 의무병이 필요하긴 했구나.” “훗, 평소 같았으면 우리 아스날의 압도적 화력으로 부상자 없이 끝났을 거다.” “네에네에, 그러셨겠죠……. 늘 그랬다면 내가 귀찮게 여기까지 올 일도 없었겠지만.” 앰브로시아는 자신보다 한참 계급이 낮은 의무병의 당돌한 말에 조금 기분이 상했다. “……치잇. 이봐. 치료 속도가 너무 느리잖나. 감질나게. 아스날의 의무병이면 훨씬 빨랐을 거다.” “그럴 수도 있지……. 그리고 모범적인 의무병이라면 이렇게 치료하는 일보다도, 평소에 부대원 전원의 전투력을 유지하는 데 더 많은 노력을 들일걸?” 모범적인 의무병이라면? 그 말은 어쩐지 앰브로시아의 마음에 걸렸다. 아스날에서 늘 스팅스의 모범이 될 수 있도록 최선을 다하고 있는 그녀였기 때문이다. 며칠 후. 부상을 회복한 앰브로시아는 또 다시 최전선에서 레드시프트에게 포위당하고 말았다. “하하! 적은 많을수록 좋지! 전 포병대, 현 좌표로 폭격 개시다!” 콰과과광!!!! 순식간에 포병대의 포신에서 뿜어져 나온 죽음의 불이 비처럼 쏟아졌다. 앰브로시아를 둘러싸고 있던 레드시프트들은 이번에도 전부 가루가 되고 말았다. 그러나 이번에도, 그녀는 폭격에 휘말려 또다시 부상을 입고 말았다. 저번보다 큰 부상에 앰브로시아는 후방으로 이송되었고, 유능한 의무관 시즈가 그녀의 수술을 맡게 되었다. “이런, 부상이 심하군. 당장 수술에 들어가야겠어.” “이봐, 마취도 안 하고 시작하는 거야? 으윽!” 이미 부상으로 엉망진창이 되었던 바이오 바디에 자비없이 메스가 꽂혔고, 앰브로시아는 그만 정신을 잃고 말았다. 몇 시간 후, 의식을 되찾은 앰브로시아는 수술이 완벽하게 끝났고 부상이 완치되었음을 깨달았다. 프록시안의 회복력을 감안해도 놀라운 솜씨였다. 그럼에도 그녀는 수술을 맡은 시즈에게 찾아가 물었다. “이봐. 시즈 대위. 우리 저번에 본 적이 있었지?” “안타깝지만 그래. 흐음… 이상하네. 내가 맡은 환자들은 두 번 다시 나를 보고 싶어 하지 않던데.” “……후후. 사실 나도 마찬가지긴 했어. 그래서 말인데, 치료 과정을 좀 덜 아프게 할 수는 없어? 그게 환자에게도 좋지 않을까.” “내게 그 말을 하는게 네가 처음도 아니고 마지막도 아니겠지만, 좋아. 다시 대답해주지 뭐.” 시즈는 살짝 흘러내린 안경을 고쳐 썼다. “고통은 나쁜 게 아니야. 살아 있어야 고통도 느낄 수 있지. 즉, 고통은 생명의 증거. 게다가 모범적인 의무관이라면, 환자의 작은 불만보다도 완벽하게 치료하는 게 우선이야.” 야전 병원에서 나와 본대로 복귀하며, 앰브로시아는 생각했다. 의무병도 의무관도, 프록시안을 치료하는 일을 맡고 있다. 하지만 프록시안이 입는 피해의 원인은 무엇인가? 바로, 레드시프트다. 그러므로 진정한 의사는 치료를 담당하는 자가 아니다. 피해의 근원을 찾아 제거하는 자다. 그렇다면 가장 강력한 화력으로 레드시프트를 쓸어버리는 아스날이야말로, 진정으로 모범적인 의사임에 분명하다. 앰브로시아는 그렇게 결론을 내렸다.
A75: Link.Story.34 | G75: 부러진 검과 예리한 충성 | H75: 스팅스 외곽. 삼림 지대. 브륀힐데와 레이첼은 본대에 앞서 정찰 임무를 수행중이었다. 573소대 중 가장 신속하고 은밀한 행동이 가능한 둘이 따로 차출되어 투입된 것이다. 브륀힐데는 레이첼이 자꾸 자신을 힐끔거리는 것을 눈치 채고 물었다. “레이첼, 혹시 뭐 신경 쓰이는 점 있나?” “아니다. 그냥 주변을 계속 경계하고 있었다.” 브륀힐데는 깊이 생각하지 않고 다시 전방을 주시했다. 레이첼은 속으로 한숨을 쉬며 정신을 다잡았다. 그녀가 동경하는 브륀힐데와 단둘이 있는 상황은 매우 오랜만이었기에, 두근거리는 가슴을 내색하지 않기가 어려웠다. “쉿.” 문득, 브륀힐데가 손가락을 입술에 대며 레이첼을 붙잡았다. 레이첼도 번뜩 정신을 차렸다. “레드 시프트의 정찰대다.” “나도 확인했다. 놈들은 아직 우리를 눈치 채지 못한 것 같은데, 어떡할까 소대장.” “꽤 수가 많아…… 일단 후퇴해서 본대에 알릴까?” “그것도 좋지만, 방심하고 있는 놈들을 먼저 역습하는 방법도 있지.” 브륀힐데가 씩 웃었다. “후훗, 그래야 내 부대원답지.” 브륀힐데와 레이첼은 조심스럽게 검을 뽑아 전투태세에 들어갔다. “간다!” 짧지만 격렬한 전투 후, 레이첼은 마지막 레드 시프트 개체를 베어낸 검을 닦았다. “후아. 수는 많았지만 별 거 아니군. 브륀힐데 대장은 무사한가?” “이쪽도 마찬가지다. 이번 임무보고는 정찰 중 적과 조우했으나 섬멸, 정도면 충분하겠구나. 하핫.” 그 순간, 레이첼은 자신 있게 미소 짓는 브륀힐데의 뒤편에서 번뜩이는 총구를 보았다. 아직 남아있던 레드 시프트의 저격수였다. 생각할 틈도 없이 레이첼의 몸이 움직였다. “위험―” 타앙! 총성이 울렸다. 레이첼이 몸을 던져온 덕에 브륀힐데는 무사히 탄환을 피했다. “이 자식!” 서걱! 위치를 발각당한 저격수는 몇 발짝 도주하기도 전에 브륀힐데의 검에 토막 났다. 아직 남아있는 적이 없나 재차 확인한 후, 브륀힐데는 서둘러 주저앉아 있는 레이첼에게 돌아왔다. “괜찮나 레이첼?” “흐읏…… 나는, 나는 괜찮다…….” “피가 이렇게 많이……! 이런, 어서 본대로 복귀하겠다.” 브륀힐데는 레이첼을 안아들고 서둘러 본대로 달려갔다. “젠장, 정신 차려라 레이첼! 어째서 나 대신 총을 맞은 건가. 경계에 실패한 내가 바보였을 뿐인데…….” “그냥…… 소대장님을 누군가는…… 지켜야 하니까……” 레이첼의 기억은 거기서 끊어졌다. 눈을 뜨니, 모르는 천장이었다. 레이첼은 누워있던 침대에서 벌떡 일어났다. “벌써 일어났나? 기운도 좋군. 좀 더 쉬어라.” 침대 옆에 앉아 있던 브륀힐데였다. “아앗, 브륀힐데 대장……. 무사히 돌아왔군. 대장은 별 일 없나?” “그래. 지금 네가 다친 덕에 괜히 정찰만 하고 오면 되었을 걸 전투를 걸었다 부상자가 나왔다고 시말서를 쓰는 중인 것만 빼면 괜찮다.” “미안하다. 나 때문에…….” 브륀힐데는 피식 웃고는 물었다. “그런데 정말로 왜 대신 총을 맞았나? 하마터면 둘 다 위험할 수도 있었는데.” 레이첼은 브륀힐데를 처음 만났던 전장을 떠올렸다. 그 위급한 순간, 목숨을 걸고 자신을 구해주었던 그녀를. 하지만 그 이야기를 다시 하기에는 조금 부끄러웠다. “부대원이 대장을 지키는 데 이유가 필요한가?” “그것도 그렇군.” 브륀힐데는 고개를 끄덕이고는 탁자에 놓인 시말서 서류를 다시 집어 들었다. “푹 쉬어라. 어디 가지 않고 곁에 있을테니.” “고맙다.” 두 프록시안은 거기까지 말하고 침묵에 빠졌다. 하지만 브륀힐데도 레이첼도, 말하지 않아도 알 수 있는 옅은 미소를 띠고 있었다.
A76: Link.Story.35 | G76: 일격필살 속검대결 | H76: 정기 훈련이 끝나고, 소드의 573부대는 소대장 작전평가를 들으러 간 브륀힐데를 제외하고 먼저 식사를 하러 갔다. 자리에 앉은 레이첼은 먼저 옆자리에 앉아 있던 이사벨라와 눈이 마주치고 눈인사를 한다. 그것을 흥미롭게 본 크림슨이 물었다. “레이첼, 저 차가워 보이는 언니랑 아는 사이야?” “그냥, 조금.” 이사벨라를 유심히 바라본 쉐리가 말했다. “저 분이 이사벨라 원사님인가 봐요? 레이첼과 비슷한 속검의 검사라고 들었어요.” “그 피안의 이사벨라? 에이, 그래도 속검이라면 우리 레이첼이 더 빠르지!” “쉿! 크림슨, 그런 말을 큰 소리로 떠들면 어떡해요!” 이사벨라는 아무 반응 없이 묵묵히 식사를 계속했지만, 그녀와 함께 있던 페이가 그 말을 듣고 자리에서 일어나 573부대에게 다가왔다. “그쪽의 쪼끄만 아가씨, 우리 대장님이랑 아는 사이이신가봐?” “쪼, 쪼그맣다니, 아니거든?! 그리고 아는 사이인 건 내가 아니라 레이첼이야!” 페이가 레이첼을 쳐다보자 그녀는 작게 고개를 끄덕였다. “음. 동료의 무례를 사과한다.” 하지만 페이는 흥미롭다는 표정을 짓더니 레이첼의 곁에 털썩 앉았다. “헤에, 당신이 그 레이첼이구나? 대장님한테 들어본 적 있어. 소드에도 아주 빠른 검사가 있었다나.” “하지만 아무리 빨라도 우리 대장님의 검보다 빠르겠어?” “우씨, 아니거든? 우리 레이첼이 더 빨라!” “크림슨, 저 분은 그 특수작전부대의 대장님이세요!” “그게 뭐! 레이첼이 더 세거든?” “후후, 꼬마 아가씨. 그렇게 자신 있다면 내기 한 판 할까?” “내기?” “그래 내기야. 네 동료와 우리 대장님 중 누구의 검이 더 빠른지.” “좋아! 당연히 받아주지!” 식사를 마친 이사벨라가 자리에서 일어났다. “페이, 그쯤 해 둬라. 당사자 의견은 묻지도 않고 뭐 하는 거냐.” “에이이~ 이사벨라 대장님, 이 꼬마랑 내기 한 판 정도는 괜찮잖아.” “승부는 혼자 하는 게 아닌데, 나는 그렇다 쳐도 그 쪽의 의견도 들어 봐야지. 레이첼이라고 했나?” “나도 상관없다.” 레이첼이 짧게 대답하자 페이의 눈썹이 치켜 올라갔다. “그렇다는데?” 이사벨라는 잠시 고민하더니 말했다. “피차일반 막 훈련도 마치고 피곤할 터인데, 직접 검을 맞대는 건 피하는 게 좋겠군.” “직접 결투는 제외하고, 내 동료와 그 쪽의 꼬마 아가씨가 제안하는 방식으로 한 번씩 승부를 보면 어떻겠나?” “좋다. 그게 깔끔할 것 같다.” “그러면 식사 후 연병장에서 보자. 종목을 잘 생각해보라고 꼬마 아가씨.” 식사를 마치고, 573소대의 셋과 특작부대의 둘은 연병장 구석에서 마주쳤다. 먼저 페이가 나섰다. “내가 생각한 승부는, 단 한 번의 꿰뚫기로 얼마나 동전을 관통하는 지 승부야!” 페이와 크림슨은 각각 준비 자세를 취하고 있는 이사벨라와 레이첼에게 동전 여러 개를 흩뿌렸다. 채잉―!! 단 한 번의 꿰뚫기로, 이사벨라의 검은 동전 8개를, 레이첼의 검은 동전 5개를 꿰었다. “치잇, 꿰뚫기는 몰라도 베기는 레이첼이 더 빠를 거거든? 내 승부는 돌멩이를 칼로 조각내는 거야!” 페이와 크림슨은 각각 주먹 정도 되는 크기의 돌을 화단에서 뽑아왔다. 그리고 재차 준비하고 있는 이사벨리와 레이첼의 앞으로 던졌다. 파바바박―!! 허공에 뜬 돌은 눈에 보이지 않을 정도로 빠른 베기에 산산이 부서졌다. 이사벨라의 돌은 11조각으로, 레이첼의 돌은 15조각으로 부서져 바닥에 떨어졌다. “흐음, 이래서는 승부가 안 나는군. 역시 직접 검을 부딪치는 방법뿐인가.” “동의한다. 그게 깔끔하고 빠를 것 같군.” 페이가 피식 웃었다. “뭐야, 처음에는 귀찮은 척 하더니 둘 다 붙을 생각 만만이잖아~” 이사벨라와 레이첼은 10m 정도 거리를 벌리더니, 서로를 향해 달려들었다. 카앙―!!! 날카로운 검격 소리가 교차했다. 두 프록시안은 서로를 스쳐 지나가 몇 발짝 후 걸음을 멈췄다. 팍, 팍! 허공을 빙글빙글 돌던 두 개의 검날이 연병장 바닥에 내리꽂혔다. “역시, 고된 훈련을 마치고 동전에 돌까지 베니 검날이 버티지 못했나.” “후훗, 검이 우리의 실력을 따라오지 못한 것 같군.” 이사벨라와 레이첼은 둘을 마주보더니 피식 웃었다. “에에이~ 이런 게 어디 있어. 제대로 승부가 안 나면 내기의 승패를 못 가르잖아.” “그러면 둘 다 진 걸로 하면 되겠군. 내기의 대가는 나와 레이첼이 받으면 될 것 같은데.” “그런 게 어디 있어! 완전 억지잖아~” 이사벨라는 걸어가기 전 슬쩍 고개를 돌려 레이첼에게 눈인사를 보내며 투닥거리는 페이와 함께 연병장을 떠났다. 레이첼도 그녀의 인사에 고개를 작게 숙이며 회답해주었다.
A77: Link.Story.36 | D77: 12 | G77: 우주해적 모험담 | H77: 어느 늦은 밤. 프레이야는 아스트라의 집무실에 홀로 남아 과업을 마무리하고 있었다. 최근 레드시프트의 동향을 분석한 보고서를 읽고 있는데, 누군가 급히 문을 두드리는 소리가 들렸다. "음? 문은 열려 있는데. 누구지? 들어와라." 화려한 깃털이 달린 해적모를 쓴 프록시안이 다급히 뛰어들어왔다. 에리카였다. "이봐, 프레이야! 급한 일이다!" "에리카…… 소령은 언제쯤 되어야 관등성명이란 걸 배울 생각인 건가?“ "지금 중요한 건 그게 아니라고! 하늘에서 적들이 쳐들어오고 있어!" “뭐라고…?” 드디어 레드시프트 놈들이 고공 낙하 강습병을 개발한 건가, 프레이야는 혀를 차며 지휘통제실에 연락했다. 그러나 지휘통제실에서는 지나가는 새 한 마리 확인되지 않았다고 보고가 들어왔다. “뭐지, 보고는 특별한 게 없는데. 설마… 스텔스 폭격기?” “그게 아니야, 잠깐 나와봐라. 프레이야!” 프레이야는 반신반의했지만, 일단 에리카를 따라 나섰다. 에리카가 프레이야를 끌고 간 곳은 집무실에서 멀지 않은 장교용 휴게실이었다. 아스트라의 거대한 하이브에서도 가장 높은 곳에 위치한 휴게실은 유리창 너머로 라인델베르크는 물론 드넓은 밤하늘도 잘 보였다. 그런 밤하늘을 눈부시게 빛나는 유성우가 가득 메우고 있었다. ‘……유성우로군? 보통 라인델베르크의 하늘은 스모그로 우중충한데, 드문 일인걸.’ “그래도 아름다운 광경이야. 저 유성우를 보여주려고 부른 건가, 소령?” 하지만 에리카는 발을 동동 구르며 프레이야를 다그쳤다. “유성우라니, 저건 유성우가 아니다! 지금 스팅스를 침략하러 온 우주 토마토 외계인의 강습함이라고!” 에리카의 열변은 이어졌다. “방금 꿈에서 레이븐 선장님이 나타나 말씀하셨다. 「에리카, 사악한 우주 토마토 연합함이 스팅스를 공격하러 올 거란다. 너만이 그들을 막을 수 있어.」라고. 그리고 밤이 되자, 선장님의 말처럼 저렇게 우주에서 공격이 시작되었다. 그건 예지몽이였던 것이다!” “푸흡.” 프레이야는 참지 못하고 웃음을 터뜨렸다. “하하핫, 에리카. 근무를 서다가 잠깐 졸기라도 한 건가? 보통 때라면 근신 처분을 내렸겠지만, 아름다운 유성우를 봤으니 이번 한 번은 넘어가주마.” “에에잇, 프레이야! 나는 진심이다!” “그래, 그래. 나는 집무실로 돌아갈 테니, 우주 토마토 외계인은 소령이 잘 막아 보도록.” “……내 말을 믿지 않는군, 프레이야. 두고 보라고. 내일 외계인과 싸워서 쟁취한 전리품으로 내 말이 옳았음을 증명해 보일 터이니!” 에리카는 투덜거리며 종종걸음으로 멀어졌다. 프레이야는 밤하늘을 수놓은 유성우를 한 번 더 올려다보았다. ‘토마토 외계인이라니…… 참.’ 그날 새벽, 업무를 마치고 잠자리에 든 프레이야는 꿈을 꾸었다. 꿈에서는 화려한 깃털이 나부끼는 해적모를 쓴 한 프록시안이, 한 손에는 해적검을 다른 손에는 권총을 든 채 그녀보다 두 배는 클 법한 토마토들과 싸우고 있었다. 그녀는 전투에 열중하고 있어 뒷모습밖에 보이지 않았지만, 그 호탕한 웃음소리와 화려한 총검술은 프레이야를 감탄시켰다. 기묘한 꿈에서 깨어나니 오후 1시가 넘어 있었다. 프레이야는 뒤숭숭한 기분으로 늦은 점심을 먹으러 식당으로 향했다. “……이건.” 토마토였다. 메인 요리는 토마토 소스 스파게티. 후식으로는 설탕을 뿌린 토마토. 프레이야는 반토막난 채 설탕으로 절여진 토마토를 포크로 찍어 올리고는 물끄러미 바라보았다.
A78: #설정: 링크 제목 - 백업
A79: #Title.CharacterLink.01 | D79: 5 | E79: 5 | G79: 링크1번 타이틀 | H79: 과학적인 자매 | I79: Scientific Sisters
A80: #Title.CharacterLink.02 | D80: 5 | E80: 5 | G80: 링크2번 타이틀 | H80: 인디밴드 바이하르트 | I80: Indie Band Biharts
A81: #Title.CharacterLink.03 | D81: 5 | E81: 5 | G81: 링크3번 타이틀 | H81: 스팅스 군의관 | I81: Stings Medic
A82: #Title.CharacterLink.04 | D82: 5 | E82: 5 | G82: 링크4번 타이틀 | H82: 업무시간에 즐기는 티파티 | I82: Teatime During Work Hours
A83: #Title.CharacterLink.05 | D83: 5 | E83: 5 | G83: 링크5번 타이틀 | H83: 제42회 전술대항전 참가자 | I83: 42nd Tactical Warfare Entrant
A84: #Title.CharacterLink.06 | D84: 5 | E84: 5 | G84: 링크6번 타이틀 | H84: 영원의 심포지엄 | I84: Eternal Symposium
A85: #Title.CharacterLink.07 | D85: 5 | E85: 5 | G85: 링크7번 타이틀 | H85: 보드게임 파티 | I85: Board Game Party
A86: #Title.CharacterLink.08 | D86: 5 | E86: 5 | G86: 링크8번 타이틀 | H86: 이전 문명 게임 파티 | I86: Previous Civilization Game Party
A87: #Title.CharacterLink.09 | D87: 5 | E87: 5 | G87: 링크9번 타이틀 | H87: 라인슈타인의 대리인 | I87: Reinstein’s Agent
A88: #Title.CharacterLink.10 | D88: 5 | E88: 5 | G88: 링크10번 타이틀 | H88: 아르세즈의 르상티망 | I88: Artcaise’s Ressentiment
A89: #Title.CharacterLink.11 | D89: 5 | E89: 5 | G89: 링크11번 타이틀 | H89: 돌격!! 프록시안 훈련소 | I89: Temporary Alliance
A90: #Title.CharacterLink.12 | D90: 5 | E90: 5 | F90: 고영도 | G90: 링크12번 타이틀 | H90: 유학파의 발명기
A91: #Title.CharacterLink.13 | D91: 5 | E91: 5 | F91: 고영도 | G91: 링크13번 타이틀 | H91: 국사무쌍 특공대
A92: #Title.CharacterLink.14 | D92: 5 | E92: 5 | F92: 고영도 | G92: 링크14번 타이틀 | H92: 희대의 라이벌
A93: #Title.CharacterLink.15 | D93: 5 | E93: 5 | F93: 고영도 | G93: 링크15번 타이틀 | H93: 스팅스의 폭파전문가들
A94: #Title.CharacterLink.16 | D94: 5 | E94: 5 | F94: 고영도 | G94: 링크16번 타이틀 | H94: 조형사와 조향사
A95: #Title.CharacterLink.17 | D95: 5 | E95: 5 | F95: 고영도 | G95: 링크17번 타이틀 | H95: 모험담과 모험광
A96: #Title.CharacterLink.18 | D96: 5 | E96: 5 | F96: 고영도 | G96: 링크18번 타이틀 | H96: 빨간머리 연합
A97: #Title.CharacterLink.19 | D97: 5 | E97: 5 | F97: 고영도 | G97: 링크19번 타이틀 | H97: 수줍은 소녀들
A98: #Title.CharacterLink.20 | D98: 5 | E98: 5 | F98: 고영도 | G98: 링크20번 타이틀 | H98: 폭파광의 고민상담
A99: #Title.CharacterLink.21 | D99: 5 | E99: 5 | F99: 고영도 | G99: 링크21번 타이틀 | H99: 길치들의 구원자
A100: #Title.CharacterLink.22 | D100: 5 | E100: 5 | F100: 고영도 | G100: 링크22번 타이틀 | H100: 훌륭한 소대장
A101: #Title.CharacterLink.23 | D101: 5 | E101: 5 | F101: 고영도 | G101: 링크23번 타이틀 | H101: 신소재 경쟁
... A118: #Title.CharacterLink.40 | D118: 5 | E118: 5 | F118: 고영도 | G118: 링크40번 타이틀 | H118: 우주해적 모험담
A119: #설정: 링크 스토리 - 백업
A120: #Link.Story.01 | D120: 5 | E120: 5 | G120: 링크1번 텍스트 | H120: 등교 시간이 얼마 남지 않은 시간. 마나와 카나타는 학교 준비물을 챙기기 위해 창고에 갔다가 갇히게 된다. 또 카나타가 발명한 자동문이 말썽을 일으켰기 때문이다. 창고의 문은 발명품의 영향으로 굳건하게 닫혀서 무슨 짓을 해도 꼼짝하지 않았다. 아침에 중요한 부활동이 있던 마나는 언니 탓이라고 화를 냈다. 카나타도 고의가 아니라고 했지만, 잔뜩 화가 난 동생은 들어 주질 않았다. 동생과 화해하고 싶었던 카나타는 창고의 안에 방치된 밀가루 포대에서 뭔가 떠오른 듯, 창고에 있는 물건들을 하나 둘 모아오기 시작했다. 처음에 마나는 카나타의 행동을 지켜보기만 했다. 하지만 힘이 없어서 밀가루 포대를 들지 못하고 낑낑대는 언니를 보다 못해 대신 나섰다. 일을 돕다 보니 언니가 무슨 일을 하려는지 점차 알게 되었다. 미립자들이 공기 중에 퍼져 있을 때, 작은 불꽃에도 연쇄적으로 반응하여 폭발을 일으키는 현상. 마나가 밀가루 포대를 들고 공중에 흩날리는 사이, 카나타가 창고의 전등에 연결된 전선을 합선시킬 준비를 끝냈다. 언니가 준비 사인을 보내자, 동생이 고개를 끄덕였다. 두 자매는 임시로 만든 방열판에 몸을 숨긴다. 잠시 후, 큰 폭발이 일어나고 창고를 박살내 버린다. 그렇게 창고에서 탈출한 두 자매는 엉망이 된 서로의 머리와 옷을 보며 함박 웃음을 지었다. 이번 폭발이 만족스러운 화력을 구현해냈기 때문이다. 시간이 없어 엉망이 된 채로 등교한 카나타를 보고 놀란 친구가 무슨 일이 있었냐고 묻자, 카나타는 다음과 같이 대답했다. "오랜만에 여동생과 과학실험을 했어요. 물론 그 정도가 지나치긴 했지만요." | I120: A little bit before school is about to start. Mana and Kanata were trapped in the storage room when they went to retrieve some materials for schoolwork. The automated door that Kanata invented was acting up again. The storage room’s doors were closed shut tightly thanks to Kanata’s invention and wouldn’t budge for anything. Mana got angry and started blaming her sister, since she would be missing out on important morning club activities. Kanata tried to calm Mana down by saying it wasn’t intentional, but she would have none of it. Wanting to make up with her sister, Kanata began looking around the room and got an idea when she saw the bag of flour that had been sitting in the corner of the storage room. Kanata soon began gathering up miscellaneous objects in the room, and Mana, who had initially just sat back and watched, stepped up to help when she saw Kanata struggling to lift the large bag of flour. As Mana helped Kanata move stuff, she realized what they were actually trying to do. When fine particles are homogeneously spread out in the air, even a small spark could cause a massive explosion. While Mana was throwing flour around the room, Kanata prepared to short-circuit the wires that were attached to the storage lights. The older sister gave the signal, and the younger sister nodded in response. The two sisters hid behind a makeshift heat shield. Moments later, a large explosion destroyed the storage room. When the two sisters walked out of the smoking storage and saw each other’s hair and uniform all singed up, they broke out into smiles. The firepower they just created had been quite satisfactory for the both of them. The two sisters had to hurry to school since they were out of time. When Kanata’s friend saw Kanata in the mess she was, she asked her what happened. “I just had a little science experiment with my little sister. Of course, it got a little bit out of hand.”
A121: #Link.Story.02 | D121: 5 | E121: 5 | G121: 링크2번 텍스트 | H121: 아르세즈의 주민들은 순수 예술을 중요하게 생각한다. 조형 예술, 순문학, 그리고 현재 안젤리카가 공부하고 있는 클래식까지. 클래식 교재를 보면서 안젤리카는 한숨을 쉬었다. 안젤리카 자신은 클래식이라는 장르에 흥미를 전혀 느끼지 못하고 있었다. 가슴이 뛰는 음악을 하고 싶어. 안젤리카의 솔직한 마음이었다. 고민을 하다 보니 길을 잘못 들은 모양이었다. 막다른 골목길에 다다른 안젤리카가 되돌아서 큰길로 나가려고 했다. 그때 하늘에서 커다란 소리가 들리더니, 기타를 멘 프록시안이 근처 쓰레기장으로 자욱한 연기를 만들어내며 떨어졌다. 이어서 무장한 프록시안들도 쫓아 내려와 그와 대치하게 되었다. 연기가 어느 정도 걷히자 한 기타리스트가 쓰레기 더미 위에 당당하게 서 있는 모습이 보였다. 머리를 거칠게 헝클어트린 기타리스트는 무장 프록시안을 보고 일갈했다. “내 비트를 따라오려면, 너희들한테 박혀 있는 소울 드라이브부터 폐기 처분하는 게 좋을 거야!” 무장한 프록시안들이 달려들어도, 기타리스트는 아랑곳하지 않고 코드를 연주했다. 기타는 거친 피킹에 맞춰 레이저를 쏘아대며 달려드는 이들을 쓰러뜨렸다. 안젤리카는 이 모든 광경을 숨도 제대로 쉬지 못한 채 두근대며 바라보고 있었다. 기타리스트의 연주가 끝나고, 무장한 프록시안 중에 일어서 있는 자는 한 명도 없었다. 이번엔 안젤리카가 기타리스트에게 달려들어 물었다. 이름은 뭐예요? 어디 사세요? 방금 쓴 무기는 뭔가요? 연주한 곡은… 기타리스트는 속사포 같은 질문에도 침묵했다. 고작 라일라라는 이름 하나만을 밝힌 채, 기타를 메고 큰길가로 걸어나갔다. 하지만 안젤리카는 포기하지 않고 라일라의 뒤를 따랐다. 마치 인생의 의미를 찾은 것처럼. | I121: The citizens of Artcaise place great importance on the fine arts. Plastic arts, literature, and even classical music which Angelica is currently studying. Angelica sighed as she look at the her textbook. Angelica herself didn’t have any interest in the classical genre of music. She wanted to play music that made her heart pump. Those were her honest thoughts. Lost in her worries, she also lost her way. Seeing that she had ended up at a dead end, Angelica turned around to return to the main street. Just then, with a loud bang, a Proxyan with a guitar fell from the skies into a nearby garbage bin, leaving a trail of thick smoke. A group of armed Proxyans soon followed. When the smoke cleared up a bit, a guitarist could be seen bravely standing on top of the pile of trash. The guitarist with the wild hair shouted as she stared the armed Proxyans down. “If you wanna keep up with my beats, you better throw out those electro brains you have in there first!” Even when the armed Proxyans attacked, the guitarist began playing her guitar without a care in the world. The guitar fired off lasers as she roughly picked the strings, blowing away anyone that lunged at her. Angelica watched all of this unfold with her breathe held and heart pounding. When the guitarist’s performance was over, not a single one of the armed Proxyans were left standing. Angelica nearly lunged at the guitarist as she bombarded her with questions. What is your name? Where do you live? What is that weapon you just used? That song you performed... The guitarist remained silent in the face of these questions. She only left behind one answer, the name Leila, as she walked out to the main street with her guitar swinging from her side. But Angelica followed her. She was unable to give up. Almost as if she found the meaning to her life.
A122: #Link.Story.03 | D122: 5 | E122: 5 | G122: 링크3번 텍스트 | H122: 레이리얼 소드의 대규모 전쟁 당시, 의무병 부족으로 실드 쪽에서 차출되었을 때만 하더라도 할로나는 성실한 의무병 중 하나였다. 하지만 레이리얼 실드 소속의 할로나는 소드 소속 전상자들의 야유와 천대를 견뎌내야만 했다. 할로나도 자신이 스트레스 해소용인 것을 알고 있었다. 존경했던 선생님의 가르침이 할로나를 버티게 했다. 이날도 전상자 중 한 명이 무리한 요구를 해왔다. 할로나는 방법이 없어 전상자의 욕설을 듣기만 했다. 그때 누군가 의무 텐트로 들어오더니, 자신의 가방에서 주사기를 꺼내 전상자의 목에 들이댄 뒤 귀에다가 속삭였다. “군의관은 너희를 살리기만 하는 존재가 아냐. 까딱하면 죽일 수도 있는 존재야. 잊지 마.” 군의관이 들어온 이후로 분위기가 달라졌다. 전상자들은 군의관의 눈치만 살피고 있었다. 할로나는 꿈만 같아서 눈을 동그랗게 떴다. 의무병 교육에서 자신을 가르쳐준, 레이리얼 알터 소속 시즈였다. 시즈는 할로나를 잠깐 쳐다보더니, 감정을 있는 그대로 드러내면서 전상자들을 거칠게 다루었다. 그날은 그렇게 지나갔다. 다음 날이었다. 소드를 지원하러 왔던 시즈가 돌아가자마자 텐트는 원래 분위기를 되찾았다. 시즈를 만난 반동 탓이었을까. 할로나는 더 이상 견디지 못하고 그대로 주저 앉아 버렸다. 어딘가 끊어져 버린 듯한 할로나의 눈빛은 돌아올 기미가 없었다. 의무병 역할을 다하지 않는 할로나 때문에 전상자들의 불만은 극에 달했다. 결국 그녀에게 원대 복귀 명령이 내려 왔다. 귀환하는 수송선 안에서 할로나는 시즈를 떠올렸다. 도망치는 자신을 어떻게 생각할지 걱정하면서. | I122: Hallona was a hard working medic back when she was dispatched to Rayreal Shield to make up for the lack of manpower while Rayreal Sword was engaging in the big war. But being from Shield, Hallona had to put up with the complaints and jeers from the wounded Sword soldiers. Hallona herself knew that she was there to be stress relief for the soldiers. But her teacher’s lessons helped her power through it. One day, one of the patients was making an unreasonable request. Hallona could only sit there taking the insults being flung her way when she couldn’t grant it. Just then, someone entered the tent, took out a syringe from her bag, put it against the patient’s neck, and whispered into the their ear. “A medical officer’s job isn’t to just save lives. We could also take lives if we wanted to. Don’t forget that.” Things changed after the medical officer joined. The wounded would always be watching out for the medics. Hallona’s eyes went wide in shock. It was Siege of Rayreal Alter. The one who had been her teacher back during medical training. Siege took one brief glance at Hallona and went right back to showing her true, rough colors to the patients. The next day. As soon as Siege wrapped up her duties in Sword and left, things returned to normal. Perhaps it was from the shock of meeting Siege. Hallona couldn’t take it anymore and her legs gave away. Something broke inside of Hallona and her eyes just weren’t the same again. The complaints from the wounded rose and rose as Hallona didn’t do her job properly. Eventually, she was called to return to base. In the transport back, Hallona thought of Siege, worrying about what she would think of her running away.
A123: #Link.Story.04 | D123: 5 | E123: 5 | G123: 링크4번 텍스트 | H123: 이색적인 차가 마셔보고 싶어진 레이호우는 현지 정찰이라고 둘러대고 아르세즈에 출장을 와버렸다. 기대하며 찾아간 아르세즈의 거리는 워낙 복잡해서 레이호우가 원하는 차를 찾기 어려웠다. 그럴수록 차에 대한 갈망은 더욱 강해졌다. 그런 의지가 전해진 것일까. 멀리서 감미로운 향기가 퍼져왔다. 레이호우가 향기에 이끌려 찾아간 곳은 어느 공원의 잔디밭. 거기서 한 메이드가 돗자리를 깔고, 티타임을 준비하고 있었다. 준비 중인 메이드, 베르베타는 아무 말도 하지 않았는데 찻잔을 한 잔 더 준비해서 레이호우에게 티타임의 참여를 권했다. 그야말로 역할에 충실한 메이드의 표본이었다. 레이호우가 메이드의 호의를 거절할 이유는 없었다. 즐거운 마음으로 바로 자리를 잡았다. 서가 정리를 하다 말고 근처에서 시집을 읽고 있던 벨리타도 이 티파티에 관심을 보였다. 현실과 유리된 아름다움은 퇴폐적이다 못해 환상적인 아름다움이 깃들어 있었다. 텍스트에 사로잡히기보다, 직접 저쪽의 분위기를 즐기는 것도 나쁘지 않은 선택처럼 보였다. 벨리타가 찾아가자 이번에도 베르베타는 찻잔을 준비하고, 이에 맞춰서 레이호우는 자신의 자리를 내주었다. 티파티가 재개되었다. 차를 마시는 동안 베르베타의 연극 대사 낭송과 벨리타의 자작 시 낭송이 이어졌다. 레이호우는 차 맛을 음미하며, 두 프록시안의 낭송을 귀 기울여 들었다. 스팅스에서는 맛보기 힘든, 꿈만 같은 경험이었다. 추후에 레이호우가 작성해서 올린 이날의 현지 정찰 보고서는 네 글자였다. 잠로영일(暫勞永逸). | I123: Wanting to drink some exotic tea, Rayhou went on a business trip to Artcaise, saying she was going on a reconnaissance mission. Rayhou arrived with excitement but was struggling to find the tea she wanted in the busy complicated streets of Artcaise. The more she got lost, the stronger her craving for tea became. Was her heartfelt desire noticed? An aromatic scent could be smelt from far away. The place Rayhou was led to by the smell was a certain park. At the park, a maid was preparing for tea time on a picnic mat. Rayhou didn’t even say a word but the maid Belebeta prepared another cup as she offered her to join for tea. Truly a prime specimen of a maid upholding her duties. There was no reason for Rayhou to turn down the offer. She happily sat down and accepted the tea. Belita, who had been reading some poems instead of sorting out the library, showed some interest in this tea party as well. Beauty separated from reality wasn’t decadent, but rather a streak of fantastical beauty. Partaking in the atmosphere over there seemed like a better options than being engrossed in mere text. When Belita went over, Belebeta naturally prepared another teacup, and Rayhou made space for her. The tea party continued. As they drank tea, Belebeta recited her play lines as Belita recited her poems. Rayhou enjoyed the tea as she listened to the performances of the two Proxyans. It was a dreamlike experience one couldn’t hope to have in Stings. The reconnaissance report Rayhou submitted at a later date contained only this: One who is burning with impatience can never eat hot porridge.
A124: #Link.Story.05 | D124: 5 | E124: 5 | G124: 링크5번 텍스트 | H124: 주말이었지만 유나는 연습을 하다가 집으로 돌아가는 길이었다. 버스에 오르니, 지난 대회에서 만났던 시아가 먼저 타고 있었다. 시아는 유나가 기억났는지 가볍게 목례를 했다. 다음 정거장에서는 카나타가 버스에 올랐다. 시아가 반가워서 손을 흔들었다. 카나타는 쑥스러운지 손을 작게 흔들어 답했다. 이대로라면 이들 사이에서 이야기가 오고 갔어야 했지만… 갑자기 버스가 급정거를 했다. 그리고는 무장한 괴한 3명이 올라타 버스를 납치해버렸다. 시아는 초능력을 활용해 괴한들을 제압하려고 했지만 유나가 시아를 말렸다. 다른 승객들이 피해를 입을 수도 있었으므로 대신 유나 자신이 미끼가 되어서 괴한들의 시선을 끌겠다고 나섰다. 그 이야기를 듣고 시아는 카나타에게도 도움을 요청했다. 혹시 모를 불상사에 대비할 필요가 있었다. 준비가 끝났다. 유나는 바로 자리에서 일어서더니 괴한들을 도발하기 시작했다. 잔뜩 흥분한 괴한들은 너나 할 것 없이 들고 있던 권총의 방아쇠를 당겼다. 모두가 화약이 터지는 소리를 예상했지만 그런 소리는 들리지 않았다. 괴한들의 시선이 뺏긴 사이에 시아가 초능력으로 권총의 탄창을 분리한 결과였다. 하지만 무장 괴한들은 포기할 줄 몰랐다. 심지어 그중 한 명이 폴딩 나이프를 꺼내 유나를 인질로 잡으려고 다가갔다. 하지만 몇 발자국 가지 못해 기절하고 말았다. 몰래 대기하고 있던 카나타가 고무탄을 장전한 총기를 나머지 괴한들에게도 들이댔다. 그제서야 괴한들은 얌전히 자신들의 운명을 받아들였다. 며칠 뒤 지역 신문에 세 학생이 표창을 받는 사진이 올라왔다. 각자 학교 교복을 입은 유나, 시아, 카나타는 다같이 손을 잡고 활짝 웃고 있었다. | I124: It was the weekend, but Yuna was on her way home from practice. When she got on the bus, she saw Sia. Someone she met at the last tournament. Recognizing Yuna, Sia nodded a small greeting. In the next stop, Kanata got on the bus. Sia waved her a bright hello. Kanata returned a shy wave back as she blushed. It was the perfect opportunity for them to have some small talk but... The bus came to a sudden stop. Three gunmen got on and hijacked the bus. Sia tried to use her superpower against the gunmen, but Yuna stopped her. Yuna was worried the other passengers might get hurt. Yuna suggested that she be the bait and draw their attention. Hearing this, Sia also asked Kanata for help. They would need as much help as they could get just in case. The preparations were over. Yuna stood up from her seat and began provoking the gunmen. Enraged, all three began blasting. Everyone expected loud gunshots to ring through the bus, but no such thing happened. Sia had disassembled the guns while their attention was drawn by Yuna. But the no longer armed gunmen didn’t give up. One of them pulled out a knife and tried to take Yuna hostage. But soon collapsed after taking no more than a couple steps. Kanata then pulled out her rubber pellet gun against the other two when the timing was right. Finally giving up, the gunmen surrendered and accepted their fate. A couple days later, a local newspaper published a photo of three students receiving an award for their noble deeds. Yuna, Sia, and Kanata, all wearing their school uniforms, were holding hands and smiling in that photo.
A125: #Link.Story.06 | D125: 5 | E125: 5 | G125: 링크6번 텍스트 | H125: 지위가 높은 자의 변덕만큼 이해하기 어려운 것도 없다. 에라디카가 꼭 그러했다. 품평회를 진행하던 에라디카는 문득 생각난 것처럼, 스팅스와 이데올라를 아르세즈에 초청해야겠다는 말을 꺼냈다. 명목은 적당히 타문명간 문화 교류라고 붙였다. 갑작스러운 제안에 두 문명의 대표들은 곤란하다는 제스처를 취했지만, 아르세즈의 간곡한 요청에 그들의 대리인을 보내는 것으로 타협을 보았다. 문화 교류의 당일. 스팅스의 대표자로 프레이야가, 이데올라의 대표자로 세라펄사가 아르세즈를 방문했다. 에라디카는 직접 이들을 맞이하며, 고심해서 편성한 문화 교류 프로그램을 그들에게 소개하기 시작했다. 경계를 하던 프레이야와 세라펄사도 에라디카의 환대에 점차 태도가 부드러워졌다. 그리고 이들은 프로그램의 스케줄에 따라 에테르넬 박물관에 방문하게 되었다. 에라디카와 각 문명의 대표자들은 한 그림 앞에 섰다. 그림에는 황폐화된 마을을 장엄하게 행진하는 한 부대가 그려져 있었다. 에라디카가 일행들에게 감상을 물었다. 그러자 세라펄사는 황폐화된 마을을 보면서 과학 기술의 위험함을, 프레이야는 부대의 당당한 모습을 보면서 군인의 기상을 이야기했다. 감상이 있은 후, 미묘한 공기가 흘렀다. 이들의 부드러워졌던 태도 또한 경직되어 버렸지만 에라디카만은 아무렇지도 않은 듯, 이들에게 다음 그림을 소개시켜 주었다. 모든 프로그램이 끝나고 두 프록시안이 돌아갔다. 에라디카는 자신의 메이드에게 이렇게 말했다. “역시 예상대로 흘러갈 거 같아서 안타깝네.” | I125: There is nothing harder to understand than the whims of a leader. Eradica is one of them. While leading the Printemps, Eradica suddenly suggested that they ought to invite Stings and Ideolla to Artcaise. The reason would be to encourage cultural exchange between the civilizations. The representatives from the two civilizations seemed to be troubled by this sudden suggestion, but the two of them compromised on sending a delegate in response to Artcaise’s earnest request. On the day of the cultural exchange, Stings’ delegate Freyja, and Ideolla’s delegate Serapulsar visited Artcaise. Eradica personally greeted them as she introduced to them the carefully planned cultural exchange program Artcaise has prepared for them. Freyja and Serapulsar were on guard at first, but soon began warming up to Eradica’s welcoming reception. And as the two were led to the Ethernal Museum according to the program’s schedule, Eradica and the two delegates arrived in front of a certain painting. The painting depicted a band of troops marching through a devastated village. Eradica asked the two of them their thoughts on the painting. Seeing the devastated village, Serapulsar talked of the dangers of technology, and Freyja talked of the dignified appearance of the soldiers. A strange air took place after they spoke their minds. Their softer attitudes had tensed up once again but Eradica continued on to the next painting as if nothing was of the matter. When the program ended, the two Proxyans returned. Eradica said to her maid, “It is a shame that things may go as expected.”
A126: #Link.Story.07 | D126: 5 | E126: 5 | G126: 링크7번 텍스트 | H126: 싸늘하다. 타패를 할 때마다 긴장의 끈이 팽팽하게 당겨진다. 마지막 남장 4국. 레이호우가 1위, 다리아가 2위, 페이가 3위인 상태였다. 1위와 2위가 근소한 점수 차로 1위 경쟁을 벌이는 상황에서 3위의 점수는 0에 가까워져 있었다. 현재 꼴찌는 역전의 패를 기다리고 있었다. 처음에 페이는 구종구패를 받았지만 뚝심 있게 게임을 진행시켰다. 그 결과, 국사무쌍까지 하나의 패만 남겨두고 있었다. 2위는 집요하게 1위의 버림패를 노렸다. 초반에 백 패를 가져와 텐파이를 만든 다리아가 1위를 하려면 레이호우에게 론 직격을 가해야만 했다. 1위는 무르지 않았다. 다리아가 버림패를 보며 대기를 계속해서 바꿔가도 레이호우는 다 안다는 듯이 다리아의 론 패를 피해갔다. 하지만 마작을 하고 있던 레이호우는 모르고 있었다. 승리를 기다리는 사이, 게임의 흐름이 바뀌기 시작했다는 것을. 레이호우가 마지막 쯔모만 남겨뒀을 때, 집무실의 밖에서 익숙한 발자국 소리가 들려왔다. 그 발자국 소리의 주인이 누군지 레이호우는 이미 알고 있었다. 그래서 문 손잡이가 돌아가자 게임의 승리 대신 도망을 택했다. 노크도 없이 문을 연 불청객은 창문을 통해 밖으로 도망치려는 레이호우를 순식간에 육박했다. “프레이야, 놔줘~ 이번 판은 다 이겼단 말이야~” 아무리 애원해도 레이호우를 붙잡은 손은 쉽게 떨어지지 않았다. 레이호우가 끌려간 뒤, 오늘의 보드게임 파티 – 마작 대회도 승리자 없이 끝나 버렸다. | I126: The air is tense. When a hand is discarded, the tension would only grow. Final South 4. Rayhou is first, Daria is second, and Fei is in third. First and second place were only separated by a sliver of point difference, while third place had close to 0 points. The one in last place was waiting for a hand that could turn the tides. Fei had first received a 9 Honors but kept on playing with grit. As a result, she was one tile away from achieving the Thirteen Orphans. The one in second place was tenaciously aiming to make use of the tiles discarded by the one in first. Daria had picked out a white tile, making a tenpai, but she would have to call a Ron on Rayhou to steal first place. However, the one in first place wasn’t making it easy. Even as Daria kept her wait, Rayhou continued to avoid Daria’s Ron as if she knew which tiles Daria wanted. But Rayhou did not know. That the tides were changing as she was waiting for her victory. When Rayhou was just about to achieve the final tsumo, a familiar footstep could be heard from outside the office. Rayhou already knew who that footstep belonged to. So when the doorknob to the office turned, Rayhou chose to flee instead of claiming victory. The intruder who entered without even knocking quickly seized Rayhou before she could jump out of the window. “Freyja, let me go! I already won this round!” The hand that grabbed onto Rayhou would not let go no matter how hard she begged. After Rayhou was dragged off, the board game party, the mahjong tournament, would end without a victor once again.
A127: #Link.Story.08 | D127: 5 | E127: 5 | G127: 링크8번 텍스트 | H127: iD와 유리지아가 말할 때마다 공원의 덤불이 들썩인다. 정말로 컨셉인 줄 알았다. 온라인상에서 자기 신분을 속이는 경우는 많으니까. 하지만 말쑥한 정복에, 꼿꼿하게 선 등, 각이 잡혀 있는 분위기… 그들의 게임 친구 <i>adorbs_bear</i>는 한 순간도 거짓말하지 않았다. iD가 게임상에서 닉네임 <i>adorbs_bear</i>를 만난 건 몇 개월 전이었다. 자기를 군인이라고 소개한 <i>adorbs_bear</i>는 iD의 독특한 테이스트를 자극했다. 나중에는 다른 게임 친구였던 유리지아에게도 <i>adorbs_bear</i>를 소개했다. 오타쿠인 유리지아는 <i>adorbs_bear</i>가 군인 컨셉을 제대로 잡고 있다면서 바로 친해졌다. 그러다가 <i>adorbs_bear</i>의 이상한 점이 눈에 들어왔다. 가령, 별똥별이 많이 내릴 거라고 한 적이 있었는데 그날은 스팅스의 우주군이 운석을 격추한 날과 일치했다. 결국 궁금증을 참지 못한 iD가 <i>adorbs_bear</i>와 만날 약속을 해버리고 말았다. 유리지아도 내심 <i>adorbs_bear</i>가 궁금해서 iD를 따라 왔다. 그리고 <i>adorbs_bear</i>는 스팅스 소속의 대단한 프록시안인 게 분명했다. 그런 <i>adorbs_bear</i>와 얽혀서 좋을 일은 없었다. 두 프록시안이 이곳에서 벗어날 궁리를 하고 있을 무렵, iD의 휴대전화에서 착신음이 울렸다. 아무리 기다려도 오지 않자 <i>adorbs_bear</i>가 건 것이었다. <i>adorbs_bear</i>는 자연스럽게 착신음을 따라 와서, 덤불의 속에 숨어 있던 게임 친구들을 찾아냈다. 드디어 성사된 오프 모임이었지만 분위기는 어색하기 그지없었다. <i>adorbs_bear</i>, 스팅스 군 소속 프레이야만이 수 년 만에 만난 전우를 대하듯, 즐겁게 웃었다. | I127: The park’s bush would rustle every time iD and Yurizia spoke. They really thought she wasn’t breaking character. A lot of Proxyans lie about their identity online. But her tidy uniform, her upright posture, her no-nonsense attitude... Their game friend <i>adorbs_bear</i> didn’t lie for even a moment. iD had first met this Proxyan whose gamertag was <i>adorbs_bear</i> a couple months ago. This Proxyan who introduced herself as a soldier stimulated iD’s unique taste. She even introduced <i>adorbs_bear</i> to her other gamer friend, Yurizia. Yurizia, who’s a huge otaku, grew close with <i>adorbs_bear</i> pretty quickly by saying this friend was playing the soldier character to a T. Then, they started noticing that something was off about <i>adorbs_bear</i>. One day, <i>adorbs_bear</i> mentioned there would be a lot of shooting stars. A day that lined up with the day when a Stings spaceship shot down an asteroid. Unable to contain her curiosity, iD asked to meet <i>adorbs_bear</i> in real life. Yurizia came along as well, also wanting to meet <i>adorbs_bear</i>. It became clear that <i>adorbs_bear</i> was actually a very important Proxyan of Stings. There was nothing good that could come out of getting involved with someone like her. The two Proxyans were scrambling for a way to get out of their situation when iD’s phone rang. <i>adorbs_bear</i> had called iD herself when no one showed up no matter how long she waited. <i>adorbs_bear</i> was able to find her gaming friends in a bush when she followed the ringtone. It was their first offline get-together but it was as awkward as can be. Only <i>adorbs_bear</i>, Freyja of the Stings military, was smiling as if she was greeting old comrades.
A128: #Link.Story.09 | D128: 5 | E128: 5 | G128: 링크9번 텍스트 | H128: 과학 기술의 보급 활동은 라인슈타인의 대리인이라면 중요한 업무 중 하나다. 이번에 세라펄사와 아크페이즈가 목표로 삼은 곳은 중립 지역의 마을로, 과학 기술에 대해 반감이 심한 프록시안들이 주로 살고 있었다. 그래서 두 대리인은 마을에 찾아가기만 해도 홀대를 당하기 일쑤였다. 아크페이즈는 변화가 없는 현실에 지쳐가고 있었다. 하지만 세라펄사는 웃음을 잃지 않고 끈질기게 과학의 유용함을 설명하려고 했다. 대리인의 권능을 사용하면 간단할 텐데. 아크페이즈는 세라펄사가 내심 못마땅했다. 그러던 어느 날이었다. 갑자기 마을에서 불길이 치솟아 올랐다. 세라펄사는 곧장 마을에 사는 프록시안들을 조직해 불길을 잡으려고 시도했다. 아크페이즈도 덩달아 세라펄사를 도왔다. 얼마가 지났을까. 불길을 잡혔다. 세라펄사는 까맣게 그을린 채로 가쁜 숨을 몰아 쉬고 있었다. 마찬가지로 검댕이를 묻힌 아크페이즈가 세라펄사에게 물었다. “어째서 불을 끄기 위해 권능을 사용하지 않았나요?” 아크페이즈의 뇌리에는 물 양동이를 열심히 나르던 세라펄사가 남아 있었다. 질문을 들은 세라펄사는 한참을 고민하다가 고개를 저었다. 왜 그랬는지 답하지 못하겠다, 라면서. 하지만 세라펄사의 행위는 실제적인 변화를 이끌어 내었다. 마을에 있던 프록시안들 중 몇 명이 머뭇거리면서 다가와 세라펄사 일행에게 수고했다며 물병과 간단한 먹을거리를 주었다. 아크페이즈는 물병을 받아 들며 생각했다. 마음의 장벽을 허물기 위해서는 기적이 필요한 게 아니었다. 감화는 가장 낮은 곳에서 몸소 실천할 때만 일어날 수 있다. 세라펄사는 무의식적으로 그 사실을 알고 있었던 게 아닐까. 아크페이즈는 세라펄사가 대리인의 리더가 된 이유를 어렴풋이 이해했다. | I128: The dissemination of science and technology is one of the duties tasked to the Agents of Reinstein. This time, the target of Serapulsar and Archphase is a village in the neutral zone. A place where Proxyans who strongly opposed science lived. The two Proxyans would be quite unwelcomed whenever they visited. Archphase was tired of the unchanging reality, but Serapulsar would resiliently explain the usefulness of science without losing her smile. Archphase was somewhat unhappy with how Serapulsar was dealing with the situation. Things would be much easier if they simply used their authorities as Agents. Then one day, a roaring blazed started in the village. Serapulsar tried to organize the firefighting effort with the villagers. Archphase lent her hand as well. A while later. The fire was suppressed. Serapulsar, covered in soot, was huffing with deep breaths. Archphase, covered in as much ash, asked Serapulsar, “Why did you not use your authority to put out the fire?” The image of Serapulsar carrying buckets after buckets of water was still fresh in Archphase’s mind. Serapulsar shook her head after pondering on the question for a while. She said she couldn’t answer why. But Serapulsar’s act was able to bring about real change. Several villagers timidly approached Serapulsar and Archphase as they thanked them and gave them some food and drink. Archphase began thinking as she accepted a bottle of water. A “miracle” wasn’t what was necessary to bring about a change of heart. True change could only be brought about through actions from the heart. Perhaps deep down, Serapulsar already knew this unconsciously. On that day, Archphase understood a little bit why Serapulsar was appointed as the leader of the Agents.
