Workbook

Sheet MissionCategory
A1: Id | B1: Type | C1: Condition | D1: OnlyOnReset | E1: Reset | F1: DateRangeCondition | G1: TabType | H1: NotReceivedMail | I1: Name | J1: Icon | K1: RewardCondition | L1: UnlockCondition | M1: VisibleCondition | N1: ExpItem | O1: Resource | P1: ShowPointReward | Q1: BannerImage | R1: BannerTitle | S1: BannerSubtitle
A2: *long | B2: MissionCategoryType | C2: dsl | D2: bool? | E2: $Reset? | F2: dsl? | G2: MissionTabType? | H2: string | I2: $Text | J2: string | K2: [dsl] | L2: [dsl] | M2: [dsl] | N2: $ItemCase? | O2: string? | P2: bool? | Q2: string? | R2: string? | S2: string?
A3: common | B3: common | C3: common | D3: common | E3: common | F3: common | G3: client | H3: common | I3: client | J3: client | K3: common | L3: common | M3: common | N3: client | O3: client | P3: client | Q3: client | R3: client | S3: client
A4: 2200000000000 | B4: Daily | C4: LevelRange(1,200) | E4: SYSTEM_DAILY_RESET | G4: Mission | I4: Mission.Group.Name.Daily | J4: tab_mission_daily | N4: 1040701911 | P4: TRUE
A5: 2200000000001 | B5: DailyPoint | C5: LevelRange(1,200) | E5: SYSTEM_DAILY_RESET | G5: MissionPoint | I5: Mission.Group.Name.DailyPoint | J5: tab_mission_daily
A6: 2200000000002 | B6: Weekly | C6: LevelRange(1,200) | E6: SYSTEM_WEEKLY_RESET | G6: Mission | I6: Mission.Group.Name.Weekly | J6: tab_mission_weekly | N6: 1040701912 | P6: TRUE
A7: 2200000000003 | B7: WeeklyPoint | C7: LevelRange(1,200) | E7: SYSTEM_WEEKLY_RESET | G7: MissionPoint | I7: Mission.Group.Name.WeeklyPoint | J7: tab_mission_daily
A8: 2200000000004 | B8: Achievement | C8: LevelRange(1,200) | I8: Mission.Group.Name.Achievement | J8: tab_mission_daily
A9: 2200000000005 | B9: MainScenario | C9: LevelRange(1,200) | G9: Mission | I9: Mission.Group.Name.Main | J9: tab_mission_main
A10: 2200000000009 | B10: Guide | C10: LevelRange(1,200) | G10: Guide | I10: Mission.Group.Name.Guide | J10: tab_mission_daily
A11: 2200000000010 | B11: Special | C11: LevelRange(1,200) | G11: Special | I11: Mission.Group.Name.Event.Popup.1 | J11: tab_mission_daily
A12: 2200000000013 | B12: StarRecord | C12: LevelRange(1,200) | G12: StarRecord | I12: Record.01 | J12: tab_mission_daily | P12: TRUE
A13: 2200000000014 | B13: StarRecord | C13: StarRecord(3040200001) | G13: StarRecord | I13: Record.03 | J13: tab_mission_daily | P13: TRUE
A14: 2200000000015 | B14: Event7Days | C14: LevelRange(1,200) | F14: StaticDateRange(2021-12-01 ~ 2077-12-31) | G14: Event7Days | I14: Mission.Group.Name.7Days | J14: tab_mission_daily | O14: event_newuser
A15: 2200000000016 | B15: Event7Days | C15: LevelRange(1,200) | F15: StaticDateRange(2021-12-01 ~ 2077-12-31) | G15: Event7Days | I15: Mission.Group.Name.7Days | J15: tab_mission_daily | K15: MissionElapsed(2200000000015, 1, Const:Server:DefaultResetTime)
A16: 2200000000017 | B16: Event7Days | C16: LevelRange(1,200) | F16: StaticDateRange(2021-12-01 ~ 2077-12-31) | G16: Event7Days | I16: Mission.Group.Name.7Days | J16: tab_mission_daily | K16: MissionElapsed(2200000000015, 2, Const:Server:DefaultResetTime)
A17: 2200000000018 | B17: Event7Days | C17: LevelRange(1,200) | F17: StaticDateRange(2021-12-01 ~ 2077-12-31) | G17: Event7Days | I17: Mission.Group.Name.7Days | J17: tab_mission_daily | K17: MissionElapsed(2200000000015, 3, Const:Server:DefaultResetTime)
A18: 2200000000019 | B18: Event7Days | C18: LevelRange(1,200) | F18: StaticDateRange(2021-12-01 ~ 2077-12-31) | G18: Event7Days | I18: Mission.Group.Name.7Days | J18: tab_mission_daily | K18: MissionElapsed(2200000000015, 4, Const:Server:DefaultResetTime)
A19: 2200000000020 | B19: Event7Days | C19: LevelRange(1,200) | F19: StaticDateRange(2021-12-01 ~ 2077-12-31) | G19: Event7Days | I19: Mission.Group.Name.7Days | J19: tab_mission_daily | K19: MissionElapsed(2200000000015, 5, Const:Server:DefaultResetTime)
A20: 2200000000021 | B20: Event7Days | C20: LevelRange(1,200) | F20: StaticDateRange(2021-12-01 ~ 2077-12-31) | G20: Event7Days | I20: Mission.Group.Name.7Days | J20: tab_mission_daily | K20: MissionElapsed(2200000000015, 6, Const:Server:DefaultResetTime)
A21: 2200000000022 | B21: Event7Days | C21: LevelRange(1,200) | F21: StaticDateRange(2021-12-01 ~ 2077-12-31) | G21: MissionPoint | I21: Mission.Group.Name.7Days | J21: tab_mission_daily
A22: 2200000000023 | B22: Event7Days | C22: LevelRange(1,200) | F22: StaticDateRange(2021-12-01 ~ 2077-12-31) | G22: MissionPoint | I22: Mission.Group.Name.7Days | J22: tab_mission_daily | K22: MissionElapsed(2200000000015, 1, Const:Server:DefaultResetTime)
A23: 2200000000024 | B23: Event7Days | C23: LevelRange(1,200) | F23: StaticDateRange(2021-12-01 ~ 2077-12-31) | G23: MissionPoint | I23: Mission.Group.Name.7Days | J23: tab_mission_daily | K23: MissionElapsed(2200000000015, 2, Const:Server:DefaultResetTime)
A24: 2200000000025 | B24: Event7Days | C24: LevelRange(1,200) | F24: StaticDateRange(2021-12-01 ~ 2077-12-31) | G24: MissionPoint | I24: Mission.Group.Name.7Days | J24: tab_mission_daily | K24: MissionElapsed(2200000000015, 3, Const:Server:DefaultResetTime)
A25: 2200000000026 | B25: Event7Days | C25: LevelRange(1,200) | F25: StaticDateRange(2021-12-01 ~ 2077-12-31) | G25: MissionPoint | I25: Mission.Group.Name.7Days | J25: tab_mission_daily | K25: MissionElapsed(2200000000015, 4, Const:Server:DefaultResetTime)
A26: 2200000000027 | B26: Event7Days | C26: LevelRange(1,200) | F26: StaticDateRange(2021-12-01 ~ 2077-12-31) | G26: MissionPoint | I26: Mission.Group.Name.7Days | J26: tab_mission_daily | K26: MissionElapsed(2200000000015, 5, Const:Server:DefaultResetTime)
A27: 2200000000028 | B27: Event7Days | C27: LevelRange(1,200) | F27: StaticDateRange(2021-12-01 ~ 2077-12-31) | G27: MissionPoint | I27: Mission.Group.Name.7Days | J27: tab_mission_daily | K27: MissionElapsed(2200000000015, 6, Const:Server:DefaultResetTime)
A28: 2200000000029 | B28: StarRecord | C28: LevelRange(1,200) | E28: SYSTEM_MONTHLY_RESET | G28: StarRecord | I28: Record.02 | J28: tab_mission_daily | P28: TRUE
A29: 2200000000037 | B29: Recommend | C29: LevelRange(1,200) | G29: Recommend | I29: Mission.Group.Name.Recommend | J29: tab_mission_daily | K29: StageClear(스테이지16) | L29: StageClear(스테이지16) | O29: NPC.Marillight
A30: 2200000000038 | B30: Recommend | C30: LevelRange(1,200) | G30: Recommend | I30: Mission.Group.Name.Recommend | J30: tab_mission_daily | K30: StageClear(스테이지92) | L30: StageClear(스테이지92) | O30: NPC.Marillight
A31: 2200000000039 | B31: Recommend | C31: LevelRange(1,200) | G31: Recommend | I31: Mission.Group.Name.Recommend | J31: tab_mission_daily | K31: StageClear(스테이지212) | L31: StageClear(스테이지212) | O31: NPC.Marillight
A32: 2200000000040 | B32: Recommend | C32: LevelRange(1,200) | G32: Recommend | I32: Mission.Group.Name.Recommend | J32: tab_mission_daily | K32: StageClear(스테이지317) | L32: StageClear(스테이지317) | O32: NPC.Marillight
A33: 2200000000041 | B33: Recommend | C33: LevelRange(1,200) | G33: MissionPoint | I33: Mission.Group.Name.Recommend.S1 | J33: tab_mission_daily | K33: StageClear(스테이지16) | L33: StageClear(스테이지16) | O33: NPC.Marillight
A34: 2200000000042 | B34: Recommend | C34: LevelRange(1,200) | G34: MissionPoint | I34: Mission.Group.Name.Recommend.S2 | J34: tab_mission_daily | K34: StageClear(스테이지36) | L34: StageClear(스테이지36) | O34: NPC.Marillight
A35: 2200000000043 | B35: Recommend | C35: LevelRange(1,200) | G35: MissionPoint | I35: Mission.Group.Name.Recommend.S3 | J35: tab_mission_daily | K35: StageClear(스테이지61) | L35: StageClear(스테이지61) | O35: NPC.Marillight
A36: 2200000000044 | B36: Recommend | C36: LevelRange(1,200) | G36: MissionPoint | I36: Mission.Group.Name.Recommend.S4 | J36: tab_mission_daily | K36: StageClear(스테이지91) | L36: StageClear(스테이지91) | O36: NPC.Marillight
A37: 2200000000045 | B37: Purchase | C37: LevelRange(1,200) | E37: SYSTEM_DAILY_RESET | G37: Event | I37: Mission.Group.Purchase | J37: tab_mission_daily
A38: 2200000000046 | B38: StarRecord | C38: ContentsUnlock(EventStory) | F38: ManagedDateRange(EventSchedule.Id.Reward) | G38: StarRecord | I38: Record.Event | J38: tab_mission_daily | P38: TRUE
A39: 2200000000047 | B39: StarRecord | C39: StarRecord(3040200002) | G39: StarRecord | I39: Record.03 | J39: tab_mission_daily | P39: TRUE
A40: 2200000000048 | B40: StarRecord | C40: StarRecord(3040200003) | G40: StarRecord | I40: Record.03 | J40: tab_mission_daily | P40: TRUE
A41: 2200000000049 | B41: Purchase | C41: LevelRange(1,200) | G41: Event | I41: Mission.Group.FirstPurchase | J41: tab_mission_daily
A42: 2200000000050 | B42: StarRecord | C42: ContentsUnlock(EventStory) | F42: ManagedDateRange(EventSchedule.Anne.Play) | G42: StarRecord | I42: Record.Event | J42: tab_mission_daily | P42: TRUE
A43: 2200000000051 | B43: Event | C43: LevelRange(1,200) | G43: Event | I43: Mission.Group.Name.Event.Bingo | J43: tab_mission_daily
A44: 2200000000052 | B44: Instarseed | C44: LevelRange(1,200) | G44: Instarseed | I44: Mission.None.Text | J44: tab_mission_daily
A45: 2211000000001 | B45: Event | C45: LevelRange(1,200) | E45: SYSTEM_DAILY_RESET | F45: ManagedDateRange(BingoSchedule.001) | G45: Mission | I45: Mission.Group.Name.Event.Bingo | J45: tab_mission_bingo
A46: 2211000000002 | B46: Event | C46: LevelRange(1,200) | E46: SYSTEM_DAILY_RESET | F46: ManagedDateRange(BingoSchedule.002) | G46: Mission | I46: Mission.Group.Name.Event.Bingo | J46: tab_mission_daily
A47: 2211000000003 | B47: Event | C47: LevelRange(1,200) | E47: SYSTEM_DAILY_RESET | F47: ManagedDateRange(BingoSchedule.003) | G47: Mission | I47: Mission.Group.Name.Event.Bingo | J47: tab_mission_daily
A48: =A47+1 -> 2211000000004 | B48: Event | C48: LevelRange(1,200) | E48: SYSTEM_DAILY_RESET | F48: ManagedDateRange(BingoSchedule.004) | G48: Mission | I48: Mission.Group.Name.Event.Bingo | J48: tab_mission_daily
A49: =A48+1 -> 2211000000005 | B49: Event | C49: LevelRange(1,200) | E49: SYSTEM_DAILY_RESET | F49: ManagedDateRange(BingoSchedule.005) | G49: Mission | I49: Mission.Group.Name.Event.Bingo | J49: tab_mission_daily
A50: =A49+1 -> 2211000000006 | B50: Event | C50: LevelRange(1,200) | E50: SYSTEM_DAILY_RESET | F50: ManagedDateRange(BingoSchedule.002) | G50: Mission | I50: Mission.Group.Name.Event.Bingo | J50: tab_mission_daily
A51: 2212000000001 | B51: AsniaMissionHub | C51: LevelRange(1,200) | D51: TRUE | E51: SYSTEM_WEEKLY_RESET | G51: Event | I51: Mission.Group.Name.Weekly | J51: tab_mission_daily
A52: 2200000000053 | B52: StarRecord | C52: ContentsUnlock(EventStory) | F52: ManagedDateRange(EventSchedule.Yurizia.Play) | G52: StarRecord | I52: Record.Event | J52: tab_mission_daily | P52: TRUE
A53: 2200000000054 | B53: StarRecord | C53: ContentsUnlock(EventStory) | F53: ManagedDateRange(EventSchedule.Eradica.Play) | G53: StarRecord | I53: Record.Event | J53: tab_mission_daily | P53: TRUE
A54: 2200000000055 | B54: StarRecord | C54: ContentsUnlock(EventStory) | F54: ManagedDateRange(EventSchedule.Kaitoaile.Play) | G54: StarRecord | I54: Record.Event | J54: tab_mission_daily | P54: TRUE
A55: 2200000000056 | B55: StarRecord | C55: LevelRange(1,200) | E55: SYSTEM_MONTHLY_RESET | G55: StarRecord | I55: Record.Event | J55: tab_mission_daily | P55: TRUE
A56: 2200000000057 | B56: StarRecord | C56: ContentsUnlock(EventStory) | F56: ManagedDateRange(EventSchedule.Itus.Reward) | G56: StarRecord | I56: Record.Event | J56: tab_mission_daily | P56: TRUE
A57: 2200000000058 | B57: StarRecord | C57: ContentsUnlock(EventStory) | F57: ManagedDateRange(EventSchedule.Sia.Reward) | G57: StarRecord | I57: Record.Event | J57: tab_mission_daily | P57: TRUE
A58: 2221000000001 | B58: Event | C58: LevelRange(1,200) | E58: SYSTEM_DAILY_RESET | F58: ManagedDateRange(RouletteSchedule.001) | G58: Mission | I58: Mission.Group.Name.Event.Roulette | J58: tab_event_rollrult | M58: ContentsUnlock(Event)
A59: 2221000000004 | B59: Event | C59: LevelRange(1,200) | F59: ManagedDateRange(RouletteSchedule.001) | G59: Mission | I59: Mission.Group.Name.Event.Roulette_2 | J59: tab_event_rollrult | M59: ContentsUnlock(Event)
A60: 2221000000002 | B60: Event | C60: LevelRange(1,200) | E60: SYSTEM_DAILY_RESET | F60: ManagedDateRange(RouletteSchedule.002) | G60: Mission | I60: Mission.Group.Name.Event.Roulette | J60: tab_event_rollrult | M60: ContentsUnlock(Event)
A61: 2221000000003 | B61: Event | C61: LevelRange(1,200) | E61: SYSTEM_DAILY_RESET | F61: ManagedDateRange(RouletteSchedule.003) | G61: Mission | I61: Mission.Group.Name.Event.Roulette | J61: tab_event_rollrult | M61: ContentsUnlock(Event)
A62: 2231000000001 | B62: Event | C62: LevelRange(1,200) | F62: ManagedDateRange(SlotmachineSchedule.001) | G62: Mission | I62: Mission.Group.Name.Event.SlotMachine | J62: tab_mission_daily
A63: 2231000000002 | B63: Event | C63: LevelRange(1,200) | F63: StaticDateRange(2023-10-09 00:00:00 ~ 2023-10-23 00:00:00) | G63: Mission | I63: Mission.Group.Name.Event.SlotMachine | J63: tab_mission_daily
A64: 2231000000003 | B64: PurchaseSequence | C64: LevelRange(1,200) | F64: StaticDateRange(2023-03-28 00:00:00 ~ 2023-04-04 02:00:00) | G64: Event | H64: Mail.0073 | I64: Mission.Group.Name.Event.SlotMachine | J64: tab_mission_daily
A65: 2200000000011 | B65: Growth | C65: LevelRange(1,200) | I65: Mission.Group.Name.Event.SlotMachine | J65: tab_mission_daily
A66: 2200000000012 | B66: Special | C66: StageClear(스테이지498) | G66: Special | I66: Mission.Group.Name.Event.Popup.1 | J66: tab_mission_daily
A67: 2241000000001 | B67: Event | C67: LevelRange(1,200) | E67: SYSTEM_DAILY_RESET | F67: StaticDateRange(2024-05-09 00:00:00 ~ 2024-05-29 23:59:59) | G67: Mission | I67: Mission.Group.Name.Event.Craft | J67: tab_event_craft | M67: ContentsUnlock(Event)
A68: 2231000000004 | B68: Event | C68: LevelRange(1,200) | F68: StaticDateRange(2024-03-28 00:00:00 ~ 2024-04-04 02:00:00) | G68: Mission | I68: Mission.Group.Name.Event.Promotion | J68: tab_event_grow
A69: 2231000000005 | B69: Event | C69: LevelRange(1,200) | F69: StaticDateRange(2024-04-03 21:00:00 ~ 2024-04-11 02:00:00) | G69: Mission | I69: Mission.Group.Name.Event.Promotion2 | J69: ico_unlock_plugin_lab
A70: 2231000000006 | B70: Event | C70: LevelRange(1,200) | F70: StaticDateRange(2024-04-11 02:00:00 ~ 2024-04-24 23:59:00) | G70: Mission | I70: Mission.Group.Name.Event.Promotion3 | J70: tab_event_grow
A71: 2231000000007 | B71: Event | C71: LevelRange(1,200) | F71: StaticDateRange(2024-04-11 02:00:00 ~ 2024-04-24 23:59:00) | G71: Mission | I71: Mission.Group.Name.Event.Promotion4 | J71: tab_event_grow | M71: MissionComplete(2231100000016)
A72: 2231000000008 | B72: Event | C72: LevelRange(1,200) | F72: StaticDateRange(2024-04-25 00:00:00 ~ 2024-05-08 23:59:00) | G72: Mission | I72: Mission.Group.Name.Event.Promotion5 | J72: tab_event_grow
A73: 2231000000009 | B73: Event | C73: LevelRange(1,200) | F73: StaticDateRange(2024-04-25 00:00:00 ~ 2024-05-08 23:59:00) | G73: Mission | I73: Mission.Group.Name.Event.Promotion6 | J73: tab_event_grow | M73: MissionComplete(2231100000027)
A74: 2231000000010 | B74: Event | C74: LevelRange(1,200) | F74: StaticDateRange(2024-05-23 00:00:00 ~ 2024-06-04 23:59:00) | G74: Mission | I74: Mission.Group.Name.Event.Promotion7 | J74: tab_event_grow
A75: 2231000000011 | B75: Event | C75: LevelRange(1,200) | F75: StaticDateRange(2024-05-23 00:00:00 ~ 2024-06-04 23:59:00) | G75: Mission | I75: Mission.Group.Name.Event.Promotion8 | J75: tab_event_grow | M75: MissionComplete(2231100000044)
A76: 2231000000012 | B76: Achievement | C76: LevelRange(1,200) | F76: StaticDateRange(2024-05-23 00:00:00 ~ 2024-06-04 23:59:00) | I76: Mission.Group.Name.Event.Promotion8 | J76: tab_event_grow
A77: 2231000000013 | B77: Achievement | C77: LevelRange(1,200) | F77: StaticDateRange(2024-05-30 00:00:00 ~ 2024-06-04 23:59:00) | I77: Mission.Group.Name.Event.Promotion8 | J77: tab_event_grow
A78: 2231000000014 | B78: Event | C78: LevelRange(1,200) | F78: StaticDateRange(2024-06-05 00:00:00 ~ 2024-06-19 23:59:00) | G78: Mission | I78: Mission.Group.Name.Event.Promotion9 | J78: tab_event_grow
A79: 2231000000015 | B79: Event | C79: LevelRange(1,200) | F79: StaticDateRange(2024-06-05 00:00:00 ~ 2024-06-19 23:59:00) | G79: Mission | I79: Mission.Group.Name.Event.Promotion10 | J79: tab_event_grow | M79: MissionComplete(2231100000055)
A80: 2231000000016 | B80: Achievement | C80: LevelRange(1,200) | F80: StaticDateRange(2024-06-05 00:00:00 ~ 2024-06-19 23:59:00) | I80: Mission.Group.Name.Event.Promotion8 | J80: tab_event_grow
A81: 2200000000030 | B81: Special | C81: LevelRange(1,200) | F81: StaticDateRange(2024-04-25 00:00:00 ~ 2024-05-08 23:59:00) | G81: Special | I81: Mission.Group.Name.Event.Popup.1 | J81: tab_mission_daily
A82: 2200000000031 | B82: Special | C82: LevelRange(1,200) | G82: Special | I82: Mission.Group.Name.Event.Popup.1 | J82: tab_mission_daily
A83: 2200000000032 | B83: Event | C83: LevelRange(1,200) | F83: StaticDateRange(2024-05-09 00:00:00 ~ 2024-06-12 23:59:59) | G83: Mission | I83: Mission.Group.Name.Event.Update1 | J83: tab_event_grow
A84: 2200000000033 | B84: Special | C84: LevelRange(1,200) | F84: StaticDateRange(2024-05-23 00:00:00 ~ 2024-06-04 23:59:00) | G84: Special | I84: Mission.Group.Name.Event.Popup.1 | J84: tab_mission_daily
A85: 2200000000034 | B85: Special | C85: LevelRange(1,200) | F85: StaticDateRange(2024-06-05 00:00:00 ~ 2024-06-19 23:59:00) | G85: Special | I85: Mission.Group.Name.Event.Popup.1 | J85: tab_mission_daily
A86: 2200000000059 | B86: StarRecord | C86: ContentsUnlock(EventStory) | F86: ManagedDateRange(EventSchedule.Freyja.Play) | G86: StarRecord | I86: Record.Event | J86: tab_mission_daily | P86: TRUE
A87: 2251000000001 | B87: Event | C87: LevelRange(1,200) | E87: SYSTEM_DAILY_RESET | F87: ManagedDateRange(EventPuzzleSchedule.001) | G87: Mission | I87: Mission.Group.Name.Event.Puzzle | J87: tab_event_puzzle | M87: ContentsUnlock(Event)

Sheet Statistics
A1: #ID | B1: #타입 이름 | C1: #체크 타입 | D1: #업데이트 타입 | E1: #GoalTarget용법 주석 | F1: #QuickMove 주석
A2: Id | B2: Type | C2: RecordType | D2: UpdateType | E2: # | F2: #
A3: string | B3: *StatisticsType | C3: StatisticsRecordType | D3: StatisticsUpdateType | E3: # | F3: #
A4: common | B4: common | C4: common | D4: common | E4: # | F4: #
A5: 가챠진행 | B5: TryGacha | C5: Always | D5: Increasement
A6: 가한피해량 | B6: InflictedDamage | C6: Always | D6: Increasement
A7: 검색 - 프록시안 시도 | B7: TrySelectiveGacha | C7: Always | D7: Increasement
A8: 검색 - 프록시안 확정 | B8: ConfirmSelectiveGacha | C8: Always | D8: Increasement
A9: 계정레벨 | B9: AcountLv | C9: Always | D9: Max
A10: 교류 대성공 | B10: CommunicationCritical | C10: Always | D10: Increasement
A11: 교류 완료 | B11: CommunicationComplete | C11: Always | D11: Increasement
A12: 길드가입 | B12: GuildJoin | C12: Always | D12: Increasement | F12: QuickMove0260
A13: 길드개인기여도 | B13: GuildPlayerExp | C13: Always | D13: Increasement | F13: QuickMove0260
A14: 길드기부 | B14: GuildDonation | C14: Always | D14: Increasement | F14: QuickMove.GuildSupport
A15: 길드소식지 | B15: GuildNewsCount | C15: Always | D15: Increasement | F15: QuickMove0260
A16: 길드출석체크 | B16: GuildAttendance | C16: Always | D16: Increasement | F16: QuickMove0260
A17: 누적길드레벨업 | B17: GuildLevelUpCount | C17: Always | D17: Increasement | F17: QuickMove0260
A18: 누적로그인 | B18: Login | C18: DailyOnce | D18: Increasement
A19: 대표캐릭터변경 | B19: ProfileCharacterChange | C19: Always | D19: Increasement
A20: 도미니언 레벨 그룹 완료 | B20: DominionLevelGroupClear | C20: Always | D20: Increasement | F20: QuickMove.Dominion
A21: 도미니언 에어리어 오픈 | B21: DominionAreaOpen | C21: Always | D21: Max | F21: QuickMove.Dominion
A22: 동시길드소식지 | B22: GuildNewsTriple | C22: Always | D22: Increasement | F22: QuickMove0260
A23: 레더 점수 달성 | B23: LadderScore | C23: Always | D23: Max | E23: LadderId : (ID) Proxyan | F23: QuickMove0680
A24: 미션포인트 | B24: MissionPoint | C24: Always | D24: Increasement | E24: MissionPointType : (미션 포인트 ID)
A25: 빠른작전보상획득 | B25: IdleBattleFastReward | C25: Always | D25: Increasement
A26: 상점구매 | B26: ShopPurchase | C26: Always | D26: Increasement | E26: ShopCategory : (상점 ID) [2600000000000:기본] | F26: QuickMove.Starbeat.Shop
A27: 상품 구매 포인트 | B27: BuyPoint | C27: Always | D27: Increasement
A28: 스킬개방 | B28: OpenSkill | C28: Always | D28: Increasement
A29: 스킬레벨업 | B29: SkillLvUp | C29: Always | D29: Increasement | F29: QuickMove0420
A30: 스타시드 건물에 캐릭터 배치 | B30: ArrangeStarseedChar | C30: Always | D30: Increasement
A31: 스타시드 시설 강화 완료 | B31: CompleteFacilityUpgrade | C31: Always | D31: Increasement
A32: 스테이지클리어 | B32: StageClear | C32: Always | D32: Increasement | E32: StageId : 스테이지(숫자) | F32: QuickMove0010
A33: 스테이지플레이 | B33: StagePlay | C33: Always | D33: Increasement | E33: ContentsType : GuildOperation | F33: QuickMove.GuildOperation
A34: 스토리열람 | B34: ReadStory | C34: Always | D34: Increasement
A35: 시드연구 | B35: ResearchSeed | C35: Always | D35: Increasement | F35: QuickMove0480
A36: 시민 의뢰 | B36: AsniaRequestComplete | C36: Always | D36: Increasement
A37: 시민 의뢰(교환) | B37: AsniaRequestExchange | C37: Always | D37: Increasement
A38: 시민 의뢰(선물) | B38: AsniaRequestGift | C38: Always | D38: Increasement
A39: 아레나승리 | B39: ArenaVictory | C39: Always | D39: Increasement | F39: QuickMove.Arena
A40: 아레나플레이 | B40: ArenaPlay | C40: Always | D40: Increasement | F40: QuickMove.Arena
A41: 아카데미 졸업 | B41: GraduateAcademy | C41: Always | D41: Increasement | F41: QuickMove.Academy.Fuction
A42: 특정 등급 이상의 아카데미 칭호 교체 | B42: SwapAcademyTitle | C42: Always | D42: Increasement | E42: Grade : (등급 Type) | F42: QuickMove.Academy.Fuction
A43: 액티베이션 센터 활성화 | B43: ActiveActivationCenter | C43: Always | D43: Increasement
A44: 연속로그인 | B44: ContinuedLogin | C44: DailyOnce | D44: Increasement
A45: 용병고용 | B45: UseMercenary | C45: Always | D45: Increasement | F45: QuickMove0010
A46: 용병등록 | B46: MercenaryRegistration | C46: Always | D46: Increasement | F46: QuickMove0670
A47: 이벤트 빙고 달성 | B47: EventBingo | C47: Always | D47: Max
A48: 이벤트스토리 스코어 달성 수 | B48: EventStoryScoreReached | C48: Always | D48: Increasement | F48: QuickMove.EventStoryBattle.(프록시안명숫자)
A49: 인앱 구매 | B49: InAppPurchase | C49: Always | D49: Increasement | F49: QuickMove.CashShop
A50: 입은피해량 | B50: SufferedDamage | C50: Always | D50: Increasement
A51: 자동전투보상획득 | B51: IdleBattleReward | C51: Always | D51: Increasement | F51: QuickMove.IdleBattlePopup
A52: 장비 레벨 달성 수 | B52: EquipmentLevelReached | C52: Always | D52: Increasement
A53: 장비 특정등급이상 착용 | B53: EquipOverGrade | C53: Always | D53: Increasement
A54: 장비각인 | B54: EquipmentEngrave | C54: Always | D54: Increasement
A55: 장비강화 | B55: EquipmentEnhance | C55: Always | D55: Increasement
A56: 장비강화시도 | B56: TryEquipmentEnhance | C56: Always | D56: Increasement
A57: 장비초월 | B57: EquipmentTranscendence | C57: Always | D57: Increasement
A58: 장비획득 | B58: GetEquipment | C58: Always | D58: Increasement
A59: 장착장비최고등급달성치 | B59: MaxEquipGrade | C59: Always | D59: Max
A60: 재화사용 | B60: ConsumeCurrency | C60: Always | D60: Increasement | E60: ItemId : (아이템 ID)
A61: 재화획득 | B61: RewardCurrency | C61: Always | D61: Increasement | E61: ItemId : (아이템 ID)
A62: 적처치 | B62: EnemyKill | C62: Always | D62: Increasement
A63: 채팅하기 | B63: Chatting | C63: DailyOnce | D63: Increasement
A64: 챕터클리어 | B64: ChapterClear | C64: Always | D64: Increasement
A65: 최고스테이지클리어 | B65: MaxStageClear | C65: Always | D65: Max | E65: ContentsType : DataTower / Raid StageId : Raid01 | F65: QuickMove.DataTower QuickMove.Raid
A66: 최고스테이지플레이 | B66: MaxStagePlay | C66: Always | D66: Max
A67: 최적화시도 | B67: TryOptimization | C67: Always | D67: Increasement
A68: 친구요청 | B68: RequestFriend | C68: Always | D68: Increasement | F68: QuickMove0310
A69: 파견 | B69: Dispatch | C69: Always | D69: Increasement | F69: QuickMove.Dispatch.Fuction
A70: 파견 대성공 | B70: SuccessDispatch | C70: Always | D70: Increasement | F70: QuickMove.Dispatch.Fuction
A71: 파견 완료 | B71: DispatchFinish | C71: Always | D71: Increasement | E71: Grade : (등급 값) | F71: QuickMove.Dispatch.Fuction
A72: 특정 등급 이하의 파견 완료 | B72: DispatchFinishGrade | C72: Always | D72: Increasement | E72: Grade : (등급 값) | F72: QuickMove.Dispatch.Fuction
A73: 프록시안 경험치강화 | B73: CharacterExpUp | C73: Always | D73: Increasement
A74: 프록시안 동기화 레벨업 | B74: CharacterSyncLevel | C74: Always | D74: Max
A75: 프록시안 동기화 배치 변경 | B75: CharacterSync | C75: Always | D75: Increasement | F75: QuickMove0570
A76: 프록시안 등급 달성 | B76: CharacterGrade | C76: Always | D76: Max
A77: 프록시안 등급 달성 수 | B77: CharacterGradeReached | C77: Always | D77: Increasement
A78: 프록시안 레벨 달성 | B78: CharacterLv | C78: Always | D78: Max | F78: QuickMove0250
A79: 프록시안 레벨 달성 수 | B79: CharacterLevelReached | C79: Always | D79: Increasement | E79: Level : (숫자) | F79: QuickMove0250
A80: 프록시안 레벨 업 | B80: CharacterLvUp | C80: Always | D80: Increasement | F80: QuickMove0250
A81: 프록시안 링크 활성화 | B81: CharacterLink | C81: Always | D81: Increasement
A82: 프록시안 보유 | B82: CharacterPossess | C82: Always | D82: Increasement | E82: CharacterId : (프록시안 ID) * 지속적으로 캐릭터 획득하는 경우 처리 | F82: QuickMove0110
A83: 프록시안 선물 전달 | B83: GiveGift | C83: Always | D83: Increasement
A84: 프록시안 승급 | B84: CharacterGradeUp | C84: Always | D84: Increasement | F84: QuickMove0660
A85: 프록시안 최고 등급 달성치 | B85: MaxCharacterGradeUp | C85: Always | D85: Max
A86: 프록시안 특정 등급 이상 승급 | B86: OverCharacterGradeUp | C86: Always | D86: Increasement
A87: 프록시안 특정 스테이지 플레이 | B87: CharacterStagePlay | C87: Always | D87: Increasement
A88: 플러구인연구시작 | B88: StartPluginDevelopment | C88: Always | D88: Increasement | F88: QuickMove0100
A89: 플러그인 레벨 달성 수 | B89: PluginLevelReached | C89: Always | D89: Increasement | E89: Level : (숫자) | F89: QuickMove.Plugin
A90: 플러그인개발 | B90: PluginDevelopment | C90: Always | D90: Increasement | F90: QuickMove0100
A91: 플러그인레벨업 | B91: PluginLvUp | C91: Always | D91: Increasement | F91: QuickMove.Plugin
A92: 플러그인승급 | B92: PluginPromote | C92: Always | D92: Increasement | F92: QuickMove.Plugin
A93: 플러그인획득 | B93: GetPlugin | C93: Always | D93: Increasement | E93: PluginId : (플러그인 ID) Grade : (등급 값)
A94: 호감도 레벨 상승 | B94: FavorLevelUp | C94: Always | D94: Increasement | F94: QuickMove.Favorability
A95: ?길드 경험치 | B95: GuildExp | C95: Always | D95: Increasement
A96: ?스테이지 클리어 | B96: AccumulateStageClear | C96: Always | D96: Increasement
A97: ?아이템 장비 | B97: ItemEquip | C97: Always | D97: Increasement | F97: QuickMove0170
A98: ?펫 탐색 | B98: PetExplore | C98: Always | D98: Increasement
A99: ?펫 판매 | B99: PetSell | C99: Always | D99: Increasement
A100: ?펫 획득 | B100: PetGet | C100: Always | D100: Increasement
...

Sheet MissionCategory.Newbie
A1: Id | B1: Type | C1: Condition | D1: OnlyOnReset | E1: Reset | F1: DateRangeCondition | G1: TabType | H1: NotReceivedMail | I1: Name | J1: Icon | K1: RewardCondition | L1: UnlockCondition | M1: VisibleCondition | N1: ExpItem | O1: Resource | P1: ShowPointReward | Q1: BannerImage | R1: BannerTitle | S1: BannerSubtitle
A2: *long | B2: MissionCategoryType | C2: dsl | D2: bool? | E2: $Reset? | F2: dsl? | G2: MissionTabType? | H2: string | I2: $Text | J2: string | K2: [dsl] | L2: [dsl] | M2: [dsl] | N2: $ItemCase? | O2: string? | P2: bool? | Q2: string? | R2: string? | S2: string?
A3: common | B3: common | C3: common | D3: common | E3: common | F3: common | G3: client | H3: common | I3: client | J3: client | K3: common | L3: common | M3: common | N3: client | O3: client | P3: client | Q3: client | R3: client | S3: client
A4: 2291000000001 | B4: Event | C4: FirstLoginAfter(2024-05-09) | F4: DynamicDateRange(14 00:00:00) | G4: Mission | I4: Mission.Group.Name.Event.Newbie | J4: tab_event_newbie | M4: FirstLoginAfter(2024-04-19) | Q4: bg_shop_stepgrowth_proxian.png | R4: Mission.Growth.Topbanner.Title | S4: Mission.Growth.Topbanner.Subtitle

Sheet MissionCase.Newbie
A1: Group | B1: #주석 | C1: Category | D1: NoticeProgress | E1: NoticeComplete | F1: Condition | G1: Ignore | H1: Step | I1: Name | J1: Desc | K1: Continuous | L1: MissionGoal | M1: GoalTarget | N1: GoalCount | O1: Reward | P1: QuickMove
A2: *long | B2: # | C2: $MissionCategory | D2: [dsl] | E2: bool | F2: [dsl] | G2: bool? | H2: int | I2: $Text | J2: $Text | K2: MissionChainingType | L2: StatisticsType | M2: {MissionGoalTargetType : string} | N2: int | O2: [dsl] | P2: $QuickMove?
A3: common | B3: # | C3: common | D3: server | E3: client | F3: common | G3: common | H3: common | I3: client | J3: client | K3: common | L3: common | M3: common | N3: common | O3: common | P3: client
A4: 2901000000001 | B4: 2섹터 클리어 | C4: 2291000000001 | D4: Always() | E4: TRUE
H5: 1 | I5: MSG.Mission.Name.Newbie.Sector2 | J5: MSG.Mission.Desc.Newbie.Sector2 | K5: Always | L5: StageClear | M5: ContentsType : Scenario | N5: 36 | O5: Item(1040603084, 1) | P5: QuickMove.MainBattle
A6: 2901000000002 | B6: 프록시안 SSR1 등급 달성 | C6: 2291000000001 | D6: Always() | E6: TRUE
H7: 1 | I7: MSG.Mission.Name.Promotion.SSR1 | J7: MSG.Mission.Desc.Promotion.SSR1 | K7: Always | L7: CharacterGradeReached | M7: Grade : SSR1 | N7: 1 | O7: Item(1040501001, 5) | P7: QuickMove.Gacha
A8: 2901000000003 | B8: 프록시안 UR 등급 달성 | C8: 2291000000001 | D8: Always() | E8: TRUE
H9: 1 | I9: MSG.Mission.Name.Promotion.UR | J9: MSG.Mission.Desc.Promotion.UR | K9: Always | L9: CharacterGradeReached | M9: Grade : UR | N9: 1 | O9: Item(1040501001, 10) | P9: QuickMove.Gacha
A10: 2901000000004 | B10: 프록시안 UR1 등급 달성 | C10: 2291000000001 | D10: Always() | E10: TRUE
H11: 1 | I11: MSG.Mission.Name.Promotion.UR1 | J11: MSG.Mission.Desc.Promotion.UR1 | K11: Always | L11: CharacterGradeReached | M11: Grade : UR1 | N11: 1 | O11: Item(1040603019, 1) | P11: QuickMove.Gacha
A12: 2901000000005 | B12: 프록시안 MR 등급 달성 | C12: 2291000000001 | D12: Always() | E12: TRUE
H13: 1 | I13: MSG.Mission.Name.Promotion.MR | J13: MSG.Mission.Desc.Promotion.MR | K13: Always | L13: CharacterGradeReached | M13: Grade : MR | N13: 1 | O13: Item(1040501001, 20) | P13: QuickMove.Gacha
A14: 2901000000006 | B14: 프록시안 MR1 등급 달성 | C14: 2291000000001 | D14: Always() | E14: TRUE
H15: 1 | I15: MSG.Mission.Name.Promotion.MR1 | J15: MSG.Mission.Desc.Promotion.MR1 | K15: Always | L15: CharacterGradeReached | M15: Grade : MR1 | N15: 1 | O15: Item(1040501001, 30) | P15: QuickMove.Gacha
A16: 2901000000007 | B16: 프록시안 LR 등급 달성 | C16: 2291000000001 | D16: Always() | E16: TRUE
H17: 1 | I17: MSG.Mission.Name.Promotion.LR | J17: MSG.Mission.Desc.Promotion.LR | K17: Always | L17: CharacterGradeReached | M17: Grade : LR | N17: 1 | O17: Item(1040102001, 5000) | P17: QuickMove.Gacha

Sheet #Mission.Set
A1: 가챠진행 | B1: TryGacha
A2: 검색 - 프록시안 | B2: TryGacha | C2: GachaGroup : Character | D2: QuickMove.Gacha.Character
A3: 검색 - 플러그인 | B3: TryGacha | C3: GachaGroup : Plugin | D3: QuickMove.Gacha
A4: 가한피해량 | B4: InflictedDamage
A5: 검색 - 프록시안 시도 | B5: TrySelectiveGacha
A6: 검색 - 프록시안 확정 | B6: ConfirmSelectiveGacha
A7: 계정레벨 | B7: AcountLv
A8: 교류 대성공 | B8: CommunicationCritical
A9: 교류 완료 | B9: CommunicationComplete
A10: 길드가입 | B10: GuildJoin | D10: QuickMove0260
A11: 길드개인기여도 | B11: GuildPlayerExp | D11: QuickMove0260
A12: 길드기부 | B12: GuildDonation | D12: QuickMove.GuildSupport
A13: 길드소식지 | B13: GuildNewsCount | D13: QuickMove0260
A14: 길드출석체크 | B14: GuildAttendance | D14: QuickMove0260
A15: 누적길드레벨업 | B15: GuildLevelUpCount | D15: QuickMove0260
A16: 누적로그인 | B16: Login
A17: 대표캐릭터변경 | B17: ProfileCharacterChange
A18: 도미니언 레벨 그룹 완료 | B18: DominionLevelGroupClear | D18: QuickMove.Dominion
A19: 도미니언 에어리어 오픈 | B19: DominionAreaOpen | D19: QuickMove.Dominion
A20: 동시길드소식지 | B20: GuildNewsTriple | D20: QuickMove0260
A21: 레더 점수 달성 | B21: LadderScore | D21: QuickMove0680
A22: 미션포인트 | B22: MissionPoint
A23: 미션포인트 - 일일미션 | B23: MissionPoint | C23: MissionPointType : Daily | D23: QuickMove.DailyMission
A24: 미션포인트 - 주간미션 | B24: MissionPoint | C24: MissionPointType : Weekly | D24: QuickMove.WeeklyMission
A25: 빠른작전보상획득 | B25: IdleBattleFastReward
A26: 상점구매 | B26: ShopPurchase
A27: 상품 구매 포인트 | B27: BuyPoint
A28: 스킬개방 | B28: OpenSkill
A29: 스킬레벨업 | B29: SkillLvUp | D29: QuickMove0420
A30: 스타시드 건물에 캐릭터 배치 | B30: ArrangeStarseedChar
A31: 스타시드 시설 강화 완료 | B31: CompleteFacilityUpgrade
A32: 스테이지클리어 | B32: StageClear
A33: 스테이지클리어 - 물자탐색 | B33: StageClear | C33: ContentsType : Raid | D33: QuickMove.Raid
A34: 스테이지클리어 - 길드 작전 | B34: StageClear | C34: ContentsType : GuildOperation | D34: QuickMove.GuildOperation
A35: 스테이지클리어 - 도미니언 | B35: StageClear | C35: ContentsType : Dominion | D35: QuickMove.Dominion
A36: 스테이지클리어 - 월드 레이드 | B36: StageClear | C36: ContentsType : WorldRaid | D36: QuickMove.WorldRaid
A37: 스테이지클리어 - 통합작전 | B37: StageClear | C37: ContentsType : Raid | D37: QuickMove.Raid
A38: 스테이지클리어 - 데이터타워 | B38: StageClear | C38: ContentsType : DataTower | D38: QuickMove.DataTower
A39: 스테이지클리어 - 아레나 챌린지 | B39: StageClear | C39: ContentsType : ArenaChallenge | D39: QuickMove0510
A40: 스테이지클리어 - 아스니아 전투 의뢰 | B40: StageClear | C40: ContentsType : AsniaQuest
A41: 스테이지 클리어 별 달성 수 | B41: StageClearRating
A42: 스테이지플레이 | B42: StagePlay
A43: 스테이지플레이 - 물자탐색 | B43: StagePlay | C43: ContentsType : Raid | D43: QuickMove.Raid
A44: 스테이지플레이 - 길드 작전 | B44: StagePlay | C44: ContentsType : GuildOperation | D44: QuickMove.GuildOperation
A45: 스테이지플레이 - 길드 총력전 | B45: StagePlay | C45: ContentsType : GuildAssault | D45: QuickMove.GuildAssault
A46: 스테이지플레이 - 월드 레이드 | B46: StagePlay | C46: ContentsType : WorldRaid | D46: QuickMove.WorldRaid
A47: 스테이지플레이 - 통합작전 | B47: StagePlay | C47: ContentsType : Raid | D47: QuickMove.Raid
A48: 스테이지플레이 - 데이터타워 | B48: StagePlay | C48: ContentsType : DataTower | D48: QuickMove.DataTower
A49: 스토리열람 | B49: ReadStory
A50: 시드연구 | B50: ResearchSeed | D50: QuickMove0480
A51: 시민 의뢰 | B51: AsniaRequestComplete | D51: QuickMove0300
A52: 시민 의뢰(교환) | B52: AsniaRequestExchange | D52: QuickMove0300
A53: 시민 의뢰(선물) | B53: AsniaRequestGift | D53: QuickMove0300
A54: 아레나승리 | B54: ArenaVictory | D54: QuickMove.Arena
A55: 아레나승리 - 기본 | B55: ArenaVictory | C55: ArenaType : Normal | D55: QuickMove.Arena
A56: 아레나승리 - 팀아레나 | B56: ArenaVictory | C56: ArenaType : Team | D56: QuickMove.TeamArena
A57: 아레나플레이 | B57: ArenaPlay | D57: QuickMove.Arena
A58: 아레나플레이 - 기본 | B58: ArenaPlay | C58: ArenaType : Normal | D58: QuickMove.Arena
A59: 아레나플레이 - 팀아레나 | B59: ArenaPlay | C59: ArenaType : Team | D59: QuickMove.TeamArena
A60: 아카데미 졸업 | B60: GraduateAcademy | D60: QuickMove.Academy.Fuction
A61: 아카데미 특정 등급 이상의 칭호 획득 | B61: SwapAcademyTitle | D61: QuickMove.Academy.Fuction
A62: 액티베이션 센터 활성화 | B62: ActiveActivationCenter
A63: 연속로그인 | B63: ContinuedLogin
A64: 용병고용 | B64: UseMercenary | D64: QuickMove0010
A65: 용병등록 | B65: MercenaryRegistration | D65: QuickMove0670
A66: 이벤트 빙고 달성 | B66: EventBingo
A67: 이벤트스토리 스코어 달성 수 | B67: EventStoryScoreReached | D67: QuickMove.EventStoryBattle.(프록시안명숫자)
A68: 인앱 구매 | B68: InAppPurchase | D68: QuickMove.CashShop
A69: 입은피해량 | B69: SufferedDamage
A70: 자동전투보상획득 | B70: IdleBattleReward | D70: QuickMove.IdleBattlePopup
A71: 장비 레벨 달성 수 | B71: EquipmentLevelReached
A72: 장비 특정등급이상 착용 | B72: EquipOverGrade
A73: 장비각인 | B73: EquipmentEngrave
A74: 장비강화 | B74: EquipmentEnhance
A75: 장비강화시도 | B75: TryEquipmentEnhance
A76: 장비초월 | B76: EquipmentTranscendence
A77: 장비획득 | B77: GetEquipment
A78: 장착장비최고등급달성치 | B78: MaxEquipGrade
A79: 재화사용 | B79: ConsumeCurrency
A80: 재화사용 - 길드 코인 | B80: ConsumeCurrency | C80: ItemId:1040103021 | D80: QuickMove.Guild.Shop
A81: 재화획득 | B81: RewardCurrency
A82: 재화획득 - 우정포인트 | B82: RewardCurrency | C82: ItemId:1040201001 | D82: QuickMove0310
A83: 적처치 | B83: EnemyKill
A84: 채팅하기 | B84: Chatting
A85: 챕터클리어 | B85: ChapterClear
A86: 최고스테이지클리어 | B86: MaxStageClear
A87: 최고스테이지플레이 | B87: MaxStagePlay
A88: 최적화시도 | B88: TryOptimization
A89: 친구요청 | B89: RequestFriend | D89: QuickMove0310
A90: 친구추가 | B90: FriendAdd | D90: QuickMove0310
A91: 튜토리얼클리어 | B91: TutorialClear
A92: 파견 | B92: Dispatch | D92: QuickMove.Dispatch.Fuction
A93: 파견 대성공 | B93: SuccessDispatch | D93: QuickMove.Dispatch.Fuction
A94: 파견 완료 | B94: DispatchFinish | D94: QuickMove.Dispatch.Fuction
A95: 프록시안 경험치강화 | B95: CharacterExpUp
A96: 프록시안 동기화 레벨업 | B96: CharacterSyncLevel
A97: 프록시안 동기화 배치 변경 | B97: CharacterSync | D97: QuickMove0570
A98: 프록시안 등급 달성 | B98: CharacterGrade
A99: 프록시안 등급 달성 수 | B99: CharacterGradeReached
A100: 프록시안 레벨 달성 | B100: CharacterLv | D100: QuickMove0250
...

Sheet MissionCase.Daily
A1: Group | B1: #주석 | C1: Category | D1: NoticeProgress | E1: NoticeComplete | F1: Condition | G1: Ignore | H1: Step | I1: Name | J1: Desc | K1: Continuous | L1: MissionGoal | M1: GoalTarget | N1: GoalCount | O1: Reward | P1: QuickMove
A2: *long | B2: # | C2: $MissionCategory | D2: [dsl] | E2: bool | F2: [dsl] | G2: bool? | H2: int | I2: $Text | J2: $Text | K2: MissionChainingType | L2: StatisticsType | M2: {MissionGoalTargetType : string} | N2: int | O2: [dsl] | P2: $QuickMove?
A3: common | B3: # | C3: common | D3: server | E3: client | F3: common | G3: common | H3: common | I3: client | J3: client | K3: common | L3: common | M3: common | N3: common | O3: common | P3: client
A4: 2101000000000 | C4: 2200000000000 | D4: Always() | E4: TRUE
H5: 1 | I5: Daily.Mission.10 | J5: Daily.Mission.10 | K5: Equal | L5: StagePlay | M5: ContentsType : Scenario | N5: 1 | O5: MissionPoint(Daily, 20) | P5: QuickMove.MainBattle
A6: 2101000000001 | C6: 2200000000000 | D6: Always() | E6: TRUE
H7: 1 | I7: Daily.Mission.20 | J7: Daily.Mission.20 | K7: Equal | L7: StagePlay | M7: ContentsType : DataTower | N7: 1 | O7: MissionPoint(Daily, 10) | P7: QuickMove0380
A8: 2101000000002 | C8: 2200000000000 | D8: Always() | E8: TRUE
H9: 1 | I9: Daily.Mission.40 | J9: Daily.Mission.40 | K9: Equal | L9: IdleBattleReward | N9: 2 | O9: MissionPoint(Daily, 20) | P9: QuickMove.IdleBattlePopup
A10: 2101000000004 | C10: 2200000000000 | D10: Always() | E10: TRUE
H11: 1 | I11: Daily.Mission.60 | J11: Daily.Mission.60 | K11: Equal | L11: StagePlay | M11: ContentsType : Raid | N11: 1 | O11: MissionPoint(Daily, 10) | P11: QuickMove0160
A12: 2101000000005 | C12: 2200000000000 | D12: Always() | E12: TRUE
H13: 1 | I13: Daily.Mission.70 | J13: Daily.Mission.70 | K13: Equal | L13: ArenaPlay | M13: ArenaType : Normal | N13: 1 | O13: MissionPoint(Daily, 10) | P13: QuickMove0180
A14: 2101000000006 | C14: 2200000000000 | D14: Always() | E14: TRUE
H15: 1 | I15: Daily.Mission.90 | J15: Daily.Mission.90 | K15: Equal | L15: StagePlay | M15: ContentsType : GuildOperation | N15: 1 | O15: MissionPoint(Daily, 10) | P15: QuickMove0400
A16: 2101000000007 | C16: 2200000000000 | D16: Always() | E16: TRUE
H17: 1 | I17: Daily.Mission.100 | J17: Daily.Mission.100 | K17: Equal | L17: RewardCurrency | M17: ItemId:1040201001 | N17: 10 | O17: MissionPoint(Daily, 10) | P17: QuickMove0310
A18: 2101000000008 | C18: 2200000000000 | D18: Always() | E18: TRUE
H19: 1 | I19: Daily.Mission.120 | J19: Daily.Mission.120 | K19: Equal | L19: CharacterLvUp | N19: 1 | O19: MissionPoint(Daily, 10) | P19: QuickMove0250
A20: 2101000000009 | C20: 2200000000000 | D20: Always() | E20: TRUE
H21: 1 | I21: Daily.Mission.130 | J21: Daily.Mission.130 | K21: Equal | L21: TryEquipmentEnhance | N21: 1 | O21: MissionPoint(Daily, 10) | P21: QuickMove0170
A22: 2101000000010 | C22: 2200000000000 | D22: Always() | E22: TRUE
H23: 1 | I23: Daily.Mission.140 | J23: Daily.Mission.140 | K23: Equal | L23: PluginLvUp | N23: 1 | O23: MissionPoint(Daily, 10) | P23: QuickMove.Plugin
A24: 2101000000011 | C24: 2200000000000 | D24: Always() | E24: TRUE
H25: 1 | I25: Daily.Mission.150 | J25: Daily.Mission.150 | K25: Equal | L25: TryGacha | N25: 1 | O25: MissionPoint(Daily, 20) | P25: QuickMove.Gacha
A26: 2101000000012 | C26: 2200000000000 | D26: Always() | E26: TRUE
H27: 1 | I27: Daily.Mission.160 | J27: Daily.Mission.160 | K27: Equal | L27: ShopPurchase | M27: ShopCategory : 2600000000000 | N27: 1 | O27: MissionPoint(Daily, 10) | P27: QuickMove.Starbeat.Shop
A28: 2101000000101 | C28: 2200000000001 | D28: Always() | E28: FALSE
H29: 1 | I29: Mission.DailyMissionPoint.Point | J29: Mission.DailyMissionPoint.Point | K29: Equal | L29: MissionPoint | M29: MissionPointType : Daily | N29: 20 | O29: Item(1040605011, 1)
H30: 2 | I30: Mission.DailyMissionPoint.Point | J30: Mission.DailyMissionPoint.Point | K30: Equal | L30: MissionPoint | M30: MissionPointType : Daily | N30: 40 | O30: Item(1040605111, 1)
H31: 3 | I31: Mission.DailyMissionPoint.Point | J31: Mission.DailyMissionPoint.Point | K31: Equal | L31: MissionPoint | M31: MissionPointType : Daily | N31: 60 | O31: Item(1040605201, 1) Item(1040503171, 3)
H32: 4 | I32: Mission.DailyMissionPoint.Point | J32: Mission.DailyMissionPoint.Point | K32: Equal | L32: MissionPoint | M32: MissionPointType : Daily | N32: 80 | O32: Item(1040604001, 5) Item(1040504011, 2)
H33: 5 | I33: Mission.DailyMissionPoint.Point | J33: Mission.DailyMissionPoint.Point | K33: Equal | L33: MissionPoint | M33: MissionPointType : Daily | N33: 100 | O33: Item(1040102001, 40) Item(1040501001, 2)

Sheet MissionCase.Weekly
A1: Group | B1: #주석 | C1: Category | D1: NoticeProgress | E1: NoticeComplete | F1: Condition | G1: Ignore | H1: Step | I1: Name | J1: Desc | K1: Continuous | L1: MissionGoal | M1: GoalTarget | N1: GoalCount | O1: Reward | P1: QuickMove
A2: *long | B2: # | C2: $MissionCategory | D2: [dsl] | E2: bool | F2: [dsl] | G2: bool? | H2: int | I2: $Text | J2: $Text | K2: MissionChainingType | L2: StatisticsType | M2: {MissionGoalTargetType : string} | N2: int | O2: [dsl] | P2: $QuickMove?
A3: common | B3: # | C3: common | D3: server | E3: client | F3: common | G3: common | H3: common | I3: client | J3: client | K3: common | L3: common | M3: common | N3: common | O3: common | P3: client
A4: 2100000000000 | C4: 2200000000002 | D4: Always() | E4: TRUE
H5: 1 | I5: Weekly.Mission.10 | J5: Weekly.Mission.Desc.10 | K5: Equal | L5: TryGacha | M5: GachaGroup : Character | N5: 5 | O5: MissionPoint(Weekly, 20) | P5: QuickMove.Gacha.Character
A6: 2100000000001 | C6: 2200000000002 | D6: Always() | E6: TRUE
H7: 1 | I7: Weekly.Mission.20 | J7: Weekly.Mission.Desc.20 | K7: Equal | L7: TryGacha | M7: GachaGroup : Plugin | N7: 5 | O7: MissionPoint(Weekly, 20) | P7: QuickMove.Gacha
A8: 2100000000002 | C8: 2200000000002 | D8: Always() | E8: TRUE
H9: 1 | I9: Weekly.Mission.30 | J9: Weekly.Mission.Desc.30 | K9: Equal | L9: CharacterGradeUp | N9: 1 | O9: MissionPoint(Weekly, 20) | P9: QuickMove0660
A10: 2100000000003 | C10: 2200000000002 | D10: Always() | E10: TRUE
H11: 1 | I11: Weekly.Mission.160 | J11: Weekly.Mission.Desc.160 | K11: Equal | L11: MissionPoint | M11: MissionPointType : AMH | N11: 5 | O11: MissionPoint(Weekly, 20) | P11: QuickMove0300
A12: 2100000000004 | C12: 2200000000002 | D12: Always() | E12: TRUE
H13: 1 | I13: Weekly.Mission.40 | J13: Weekly.Mission.Desc.40 | K13: Equal | L13: ShopPurchase | M13: ShopCategory : 2600000000000 | N13: 3 | O13: MissionPoint(Weekly, 10) | P13: QuickMove.Starbeat.Shop
A14: 2100000000005 | C14: 2200000000002 | D14: Always() | E14: TRUE
H15: 1 | I15: Weekly.Mission.50 | J15: Weekly.Mission.Desc.50 | K15: Equal | L15: ShopPurchase | M15: ShopCategory : 2600000000004 | N15: 3 | O15: MissionPoint(Weekly, 10) | P15: QuickMove.Guild.Shop
A16: 2100000000006 | C16: 2200000000002 | D16: Always() | E16: TRUE
H17: 1 | I17: Weekly.Mission.60 | J17: Weekly.Mission.Desc.60 | K17: Equal | L17: ArenaVictory | M17: ArenaType : Normal | N17: 8 | O17: MissionPoint(Weekly, 10) | P17: QuickMove.Arena
A18: 2100000000007 | C18: 2200000000002 | D18: Always() | E18: TRUE
H19: 1 | I19: Weekly.Mission.70 | J19: Weekly.Mission.Desc.70 | K19: Equal | L19: GuildDonation | N19: 20 | O19: MissionPoint(Weekly, 10) | P19: QuickMove.GuildSupport
A20: 2100000000008 | C20: 2200000000002 | D20: Always() | E20: TRUE
H21: 1 | I21: Weekly.Mission.110 | J21: Weekly.Mission.Desc.110 | K21: Equal | L21: GiveGift | N21: 5 | O21: MissionPoint(Weekly, 10) | P21: QuickMove.Favorability
A22: 2100000000009 | C22: 2200000000002 | D22: Always() | E22: TRUE
H23: 1 | I23: Weekly.Mission.150 | J23: Weekly.Mission.Desc.150 | K23: Equal | L23: PluginPromote | N23: 1 | O23: MissionPoint(Weekly, 10) | P23: QuickMove.Plugin
A24: 2100000000101 | C24: 2200000000003 | D24: Always() | E24: TRUE
H25: 1 | I25: Mission.WeeklyMissionPoint.Point | J25: Mission.WeeklyMissionPoint.Point | K25: Equal | L25: MissionPoint | M25: MissionPointType : Weekly | N25: 20 | O25: Item(1040605031, 1) Item(1040604002, 5)
H26: 2 | I26: Mission.WeeklyMissionPoint.Point | J26: Mission.WeeklyMissionPoint.Point | K26: Equal | L26: MissionPoint | M26: MissionPointType : Weekly | N26: 40 | O26: Item(1040605131, 1) Item(1040604001, 50)
H27: 3 | I27: Mission.WeeklyMissionPoint.Point | J27: Mission.WeeklyMissionPoint.Point | K27: Equal | L27: MissionPoint | M27: MissionPointType : Weekly | N27: 60 | O27: Item(1040605211, 1) Item(1040503171, 9)
H28: 4 | I28: Mission.WeeklyMissionPoint.Point | J28: Mission.WeeklyMissionPoint.Point | K28: Equal | L28: MissionPoint | M28: MissionPointType : Weekly | N28: 80 | O28: Item(1040501101, 4) Item(1040504011, 15)
H29: 5 | I29: Mission.WeeklyMissionPoint.Point | J29: Mission.WeeklyMissionPoint.Point | K29: Equal | L29: MissionPoint | M29: MissionPointType : Weekly | N29: 100 | O29: Item(1040102001, 300) Item(1040501001, 4)

Sheet MissionCase.Main
A1: Group | B1: #주석 | C1: Category | D1: NoticeProgress | E1: NoticeComplete | F1: Condition | G1: Ignore | H1: Step | I1: Name | J1: Desc | K1: Continuous | L1: MissionGoal | M1: GoalTarget | N1: GoalCount | O1: Reward | P1: QuickMove
A2: *long | B2: # | C2: $MissionCategory | D2: [dsl] | E2: bool | F2: [dsl] | G2: bool? | H2: int | I2: $Text | J2: $Text | K2: MissionChainingType | L2: StatisticsType | M2: {MissionGoalTargetType : string} | N2: int | O2: [dsl] | P2: $QuickMove?
A3: common | B3: # | C3: common | D3: server | E3: client | F3: common | G3: common | H3: common | I3: client | J3: client | K3: common | L3: common | M3: common | N3: common | O3: common | P3: client
A5: 2101999999999 | C5: 2200000000005 | D5: Always() | E5: TRUE
H6: 1 | I6: Main.Mission.09.01 | J6: Main.Mission.Desc.09.1 | K6: Always | L6: TryGacha | M6: GachaPickUp: True | N6: 10 | O6: Item(1040501002, 5) | P6: QuickMove.Gacha
H7: 2 | I7: Main.Mission.09.02 | J7: Main.Mission.Desc.09.2 | K7: Always | L7: TryGacha | M7: GachaPickUp: True | N7: 20 | O7: Item(1040501002, 5) | P7: QuickMove.Gacha
H8: 3 | I8: Main.Mission.09.03 | J8: Main.Mission.Desc.09.3 | K8: Always | L8: TryGacha | M8: GachaPickUp: True | N8: 30 | O8: Item(1040501002, 5) | P8: QuickMove.Gacha
H9: 4 | I9: Main.Mission.09.04 | J9: Main.Mission.Desc.09.4 | K9: Always | L9: TryGacha | M9: GachaPickUp: True | N9: 40 | O9: Item(1040501002, 5) | P9: QuickMove.Gacha
H10: 5 | I10: Main.Mission.09.05 | J10: Main.Mission.Desc.09.5 | K10: Always | L10: TryGacha | M10: GachaPickUp: True | N10: 50 | O10: Item(1040501002, 5) | P10: QuickMove.Gacha
H11: 6 | I11: Main.Mission.09.06 | J11: Main.Mission.Desc.09.6 | K11: Always | L11: TryGacha | M11: GachaPickUp: True | N11: 60 | O11: Item(1040501002, 5) | P11: QuickMove.Gacha
H12: 7 | I12: Main.Mission.09.07 | J12: Main.Mission.Desc.09.7 | K12: Always | L12: TryGacha | M12: GachaPickUp: True | N12: 70 | O12: Item(1040501002, 5) | P12: QuickMove.Gacha
H13: 8 | I13: Main.Mission.09.08 | J13: Main.Mission.Desc.09.8 | K13: Always | L13: TryGacha | M13: GachaPickUp: True | N13: 80 | O13: Item(1040501002, 5) | P13: QuickMove.Gacha
H14: 9 | I14: Main.Mission.09.09 | J14: Main.Mission.Desc.09.9 | K14: Always | L14: TryGacha | M14: GachaPickUp: True | N14: 90 | O14: Item(1040501002, 5) | P14: QuickMove.Gacha
H15: 10 | I15: Main.Mission.09.10 | J15: Main.Mission.Desc.09.10 | K15: Always | L15: TryGacha | M15: GachaPickUp: True | N15: 100 | O15: Item(1040501002, 5) | P15: QuickMove.Gacha
H16: 11 | I16: Main.Mission.09.11 | J16: Main.Mission.Desc.09.11 | K16: Always | L16: TryGacha | M16: GachaPickUp: True | N16: 110 | O16: Item(1040501002, 5) | P16: QuickMove.Gacha
H17: 12 | I17: Main.Mission.09.12 | J17: Main.Mission.Desc.09.12 | K17: Always | L17: TryGacha | M17: GachaPickUp: True | N17: 120 | O17: Item(1040501002, 5) | P17: QuickMove.Gacha
... H25: 20 | I25: Main.Mission.09.20 | J25: Main.Mission.Desc.09.20 | K25: Always | L25: TryGacha | M25: GachaPickUp: True | N25: 200 | O25: Item(1040501002, 5) | P25: QuickMove.Gacha
A26: 2102000000000 | C26: 2200000000005 | D26: Always() | E26: TRUE
H27: 1 | I27: Main.Mission.10 | J27: Main.Mission.Desc.10.1 | K27: Equal | L27: AcountLv | N27: 2 | O27: Item(1040102001, 50)
H28: 2 | I28: Main.Mission.10 | J28: Main.Mission.Desc.10.2 | K28: Equal | L28: AcountLv | N28: 5 | O28: Item(1040102001, 50)
H29: 3 | I29: Main.Mission.10 | J29: Main.Mission.Desc.10.3 | K29: Equal | L29: AcountLv | N29: 9 | O29: Item(1040102001, 100)
H30: 4 | I30: Main.Mission.10 | J30: Main.Mission.Desc.10.4 | K30: Equal | L30: AcountLv | N30: 15 | O30: Item(1040102001, 100)
H31: 5 | I31: Main.Mission.10 | J31: Main.Mission.Desc.10.5 | K31: Equal | L31: AcountLv | N31: 22 | O31: Item(1040102001, 150)
H32: 6 | I32: Main.Mission.10 | J32: Main.Mission.Desc.10.6 | K32: Equal | L32: AcountLv | N32: 29 | O32: Item(1040102001, 150)
H33: 7 | I33: Main.Mission.10 | J33: Main.Mission.Desc.10.7 | K33: Equal | L33: AcountLv | N33: 38 | O33: Item(1040102001, 150)
H34: 8 | I34: Main.Mission.10 | J34: Main.Mission.Desc.10.8 | K34: Equal | L34: AcountLv | N34: 47 | O34: Item(1040102001, 150)
H35: 9 | I35: Main.Mission.10 | J35: Main.Mission.Desc.10.9 | K35: Equal | L35: AcountLv | N35: 57 | O35: Item(1040102001, 150)
H36: 10 | I36: Main.Mission.10 | J36: Main.Mission.Desc.10.10 | K36: Equal | L36: AcountLv | N36: 67 | O36: Item(1040102001, 150)
H37: 11 | I37: Main.Mission.10 | J37: Main.Mission.Desc.10.11 | K37: Equal | L37: AcountLv | N37: 78 | O37: Item(1040102001, 150)
H38: 12 | I38: Main.Mission.10 | J38: Main.Mission.Desc.10.12 | K38: Equal | L38: AcountLv | N38: 90 | O38: Item(1040102001, 150)
... H46: 20 | I46: Main.Mission.10 | J46: Main.Mission.Desc.10.20 | K46: Equal | L46: AcountLv | N46: 200 | O46: Item(1040102001, 200)
A48: 2102000000001 | C48: 2200000000005 | D48: Always() | E48: TRUE
H49: 1 | I49: Main.Mission.20.6 | J49: Main.Mission.Desc.20.6.1 | K49: Equal | L49: StageClear | M49: ContentsType : Scenario | N49: 25 | O49: Item(1040102001, 50) | P49: QuickMove.MainBattle
H50: 2 | I50: Main.Mission.20.6 | J50: Main.Mission.Desc.20.6.2 | K50: Equal | L50: StageClear | M50: ContentsType : Scenario | N50: 50 | O50: Item(1040102001, 50) | P50: QuickMove.MainBattle
H51: 3 | I51: Main.Mission.20.6 | J51: Main.Mission.Desc.20.6.3 | K51: Equal | L51: StageClear | M51: ContentsType : Scenario | N51: 80 | O51: Item(1040102001, 100) | P51: QuickMove.MainBattle
H52: 4 | I52: Main.Mission.20.6 | J52: Main.Mission.Desc.20.6.4 | K52: Equal | L52: StageClear | M52: ContentsType : Scenario | N52: 100 | O52: Item(1040102001, 100) | P52: QuickMove.MainBattle
H53: 5 | I53: Main.Mission.20.6 | J53: Main.Mission.Desc.20.6.5 | K53: Equal | L53: StageClear | M53: ContentsType : Scenario | N53: 140 | O53: Item(1040102001, 150) | P53: QuickMove.MainBattle
H54: 6 | I54: Main.Mission.20.6 | J54: Main.Mission.Desc.20.6.6 | K54: Equal | L54: StageClear | M54: ContentsType : Scenario | N54: 180 | O54: Item(1040102001, 150) | P54: QuickMove.MainBattle
H55: 7 | I55: Main.Mission.20.6 | J55: Main.Mission.Desc.20.6.7 | K55: Equal | L55: StageClear | M55: ContentsType : Scenario | N55: 220 | O55: Item(1040102001, 150) | P55: QuickMove.MainBattle
H56: 8 | I56: Main.Mission.20.6 | J56: Main.Mission.Desc.20.6.8 | K56: Equal | L56: StageClear | M56: ContentsType : Scenario | N56: 270 | O56: Item(1040102001, 150) | P56: QuickMove.MainBattle
H57: 9 | I57: Main.Mission.20.6 | J57: Main.Mission.Desc.20.6.9 | K57: Equal | L57: StageClear | M57: ContentsType : Scenario | N57: 320 | O57: Item(1040102001, 150) | P57: QuickMove.MainBattle
H58: 10 | I58: Main.Mission.20.6 | J58: Main.Mission.Desc.20.6.10 | K58: Equal | L58: StageClear | M58: ContentsType : Scenario | N58: 370 | O58: Item(1040102001, 150) | P58: QuickMove.MainBattle
H59: 11 | I59: Main.Mission.20.6 | J59: Main.Mission.Desc.20.6.11 | K59: Equal | L59: StageClear | M59: ContentsType : Scenario | N59: 430 | O59: Item(1040102001, 150) | P59: QuickMove.MainBattle
H60: 12 | I60: Main.Mission.20.6 | J60: Main.Mission.Desc.20.6.12 | K60: Equal | L60: StageClear | M60: ContentsType : Scenario | N60: 490 | O60: Item(1040102001, 150) | P60: QuickMove.MainBattle
... H68: 20 | I68: Main.Mission.20.6 | J68: Main.Mission.Desc.20.6.20 | K68: Equal | L68: StageClear | M68: ContentsType : Scenario | N68: 1000 | O68: Item(1040102001, 200) | P68: QuickMove.MainBattle
A70: 2102000000002 | C70: 2200000000005 | D70: Always() | E70: TRUE
H71: 1 | I71: Main.Mission.30.1 | J71: Main.Mission.Desc.30.1 | K71: Equal | L71: MaxStageClear | M71: ContentsType : DataTower | N71: 10 | O71: Item(1040102001, 50) | P71: QuickMove.DataTower
H72: 2 | I72: Main.Mission.30.1 | J72: Main.Mission.Desc.30.2 | K72: Equal | L72: MaxStageClear | M72: ContentsType : DataTower | N72: 20 | O72: Item(1040102001, 50) | P72: QuickMove.DataTower
H73: 3 | I73: Main.Mission.30.1 | J73: Main.Mission.Desc.30.3 | K73: Equal | L73: MaxStageClear | M73: ContentsType : DataTower | N73: 30 | O73: Item(1040102001, 100) | P73: QuickMove.DataTower
H74: 4 | I74: Main.Mission.30.1 | J74: Main.Mission.Desc.30.4 | K74: Equal | L74: MaxStageClear | M74: ContentsType : DataTower | N74: 40 | O74: Item(1040102001, 100) | P74: QuickMove.DataTower
H75: 5 | I75: Main.Mission.30.1 | J75: Main.Mission.Desc.30.5 | K75: Equal | L75: MaxStageClear | M75: ContentsType : DataTower | N75: 50 | O75: Item(1040102001, 150) | P75: QuickMove.DataTower
H76: 6 | I76: Main.Mission.30.1 | J76: Main.Mission.Desc.30.6 | K76: Equal | L76: MaxStageClear | M76: ContentsType : DataTower | N76: 60 | O76: Item(1040102001, 150) | P76: QuickMove.DataTower
H77: 7 | I77: Main.Mission.30.1 | J77: Main.Mission.Desc.30.7 | K77: Equal | L77: MaxStageClear | M77: ContentsType : DataTower | N77: 70 | O77: Item(1040102001, 150) | P77: QuickMove.DataTower
H78: 8 | I78: Main.Mission.30.1 | J78: Main.Mission.Desc.30.8 | K78: Equal | L78: MaxStageClear | M78: ContentsType : DataTower | N78: 80 | O78: Item(1040102001, 150) | P78: QuickMove.DataTower
H79: 9 | I79: Main.Mission.30.1 | J79: Main.Mission.Desc.30.9 | K79: Equal | L79: MaxStageClear | M79: ContentsType : DataTower | N79: 90 | O79: Item(1040102001, 150) | P79: QuickMove.DataTower
H80: 10 | I80: Main.Mission.30.1 | J80: Main.Mission.Desc.30.10 | K80: Equal | L80: MaxStageClear | M80: ContentsType : DataTower | N80: 100 | O80: Item(1040102001, 150) | P80: QuickMove.DataTower
H81: 11 | I81: Main.Mission.30.1 | J81: Main.Mission.Desc.30.11 | K81: Equal | L81: MaxStageClear | M81: ContentsType : DataTower | N81: 110 | O81: Item(1040102001, 150) | P81: QuickMove.DataTower
H82: 12 | I82: Main.Mission.30.1 | J82: Main.Mission.Desc.30.12 | K82: Equal | L82: MaxStageClear | M82: ContentsType : DataTower | N82: 120 | O82: Item(1040102001, 150) | P82: QuickMove.DataTower
... H90: 20 | I90: Main.Mission.30.1 | J90: Main.Mission.Desc.30.20 | K90: Equal | L90: MaxStageClear | M90: ContentsType : DataTower | N90: 200 | O90: Item(1040102001, 200) | P90: QuickMove.DataTower
A92: 2102000000004 | C92: 2200000000005 | D92: Always() | E92: TRUE
H93: 1 | I93: Main.Mission.80 | J93: Main.Mission.Desc.80.1 | K93: Equal | L93: StageClear | M93: ContentsType : Raid | N93: 4 | O93: Item(1040102001, 50) | P93: QuickMove.Raid
H94: 2 | I94: Main.Mission.80 | J94: Main.Mission.Desc.80.2 | K94: Equal | L94: StageClear | M94: ContentsType : Raid | N94: 9 | O94: Item(1040102001, 50) | P94: QuickMove.Raid
H95: 3 | I95: Main.Mission.80 | J95: Main.Mission.Desc.80.3 | K95: Equal | L95: StageClear | M95: ContentsType : Raid | N95: 22 | O95: Item(1040102001, 50) | P95: QuickMove.Raid
H96: 4 | I96: Main.Mission.80 | J96: Main.Mission.Desc.80.4 | K96: Equal | L96: StageClear | M96: ContentsType : Raid | N96: 44 | O96: Item(1040102001, 50) | P96: QuickMove.Raid
H97: 5 | I97: Main.Mission.80 | J97: Main.Mission.Desc.80.5 | K97: Equal | L97: StageClear | M97: ContentsType : Raid | N97: 74 | O97: Item(1040102001, 100) | P97: QuickMove.Raid
H98: 6 | I98: Main.Mission.80 | J98: Main.Mission.Desc.80.6 | K98: Equal | L98: StageClear | M98: ContentsType : Raid | N98: 110 | O98: Item(1040102001, 100) | P98: QuickMove.Raid
H99: 7 | I99: Main.Mission.80 | J99: Main.Mission.Desc.80.7 | K99: Equal | L99: StageClear | M99: ContentsType : Raid | N99: 160 | O99: Item(1040102001, 100) | P99: QuickMove.Raid
H100: 8 | I100: Main.Mission.80 | J100: Main.Mission.Desc.80.8 | K100: Equal | L100: StageClear | M100: ContentsType : Raid | N100: 220 | O100: Item(1040102001, 100) | P100: QuickMove.Raid
H101: 9 | I101: Main.Mission.80 | J101: Main.Mission.Desc.80.9 | K101: Equal | L101: StageClear | M101: ContentsType : Raid | N101: 280 | O101: Item(1040102001, 100) | P101: QuickMove.Raid
H102: 10 | I102: Main.Mission.80 | J102: Main.Mission.Desc.80.10 | K102: Equal | L102: StageClear | M102: ContentsType : Raid | N102: 360 | O102: Item(1040102001, 100) | P102: QuickMove.Raid
H103: 11 | I103: Main.Mission.80 | J103: Main.Mission.Desc.80.11 | K103: Equal | L103: StageClear | M103: ContentsType : Raid | N103: 440 | O103: Item(1040102001, 100) | P103: QuickMove.Raid
H104: 12 | I104: Main.Mission.80 | J104: Main.Mission.Desc.80.12 | K104: Equal | L104: StageClear | M104: ContentsType : Raid | N104: 530 | O104: Item(1040102001, 100) | P104: QuickMove.Raid
... H112: 20 | I112: Main.Mission.80 | J112: Main.Mission.Desc.80.20 | K112: Equal | L112: StageClear | M112: ContentsType : Raid | N112: 1600 | O112: Item(1040102001, 150) | P112: QuickMove.Raid
A114: 2102000000005 | C114: 2200000000005 | D114: Never() | E114: TRUE
H115: 1 | I115: Main.Mission.90 | J115: Main.Mission.Desc.90.1 | K115: Equal | L115: ArenaPlay | M115: ArenaType : Normal | N115: 5 | O115: Item(1040102001, 50) | P115: QuickMove.Arena
H116: 2 | I116: Main.Mission.90 | J116: Main.Mission.Desc.90.2 | K116: Equal | L116: ArenaPlay | M116: ArenaType : Normal | N116: 10 | O116: Item(1040102001, 50) | P116: QuickMove.Arena
H117: 3 | I117: Main.Mission.90 | J117: Main.Mission.Desc.90.3 | K117: Equal | L117: ArenaPlay | M117: ArenaType : Normal | N117: 28 | O117: Item(1040102001, 50) | P117: QuickMove.Arena
H118: 4 | I118: Main.Mission.90 | J118: Main.Mission.Desc.90.4 | K118: Equal | L118: ArenaPlay | M118: ArenaType : Normal | N118: 54 | O118: Item(1040102001, 50) | P118: QuickMove.Arena
H119: 5 | I119: Main.Mission.90 | J119: Main.Mission.Desc.90.5 | K119: Equal | L119: ArenaPlay | M119: ArenaType : Normal | N119: 94 | O119: Item(1040102001, 100) | P119: QuickMove.Arena
H120: 6 | I120: Main.Mission.90 | J120: Main.Mission.Desc.90.6 | K120: Equal | L120: ArenaPlay | M120: ArenaType : Normal | N120: 140 | O120: Item(1040102001, 100) | P120: QuickMove.Arena
H121: 7 | I121: Main.Mission.90 | J121: Main.Mission.Desc.90.7 | K121: Equal | L121: ArenaPlay | M121: ArenaType : Normal | N121: 200 | O121: Item(1040102001, 100) | P121: QuickMove.Arena
H122: 8 | I122: Main.Mission.90 | J122: Main.Mission.Desc.90.8 | K122: Equal | L122: ArenaPlay | M122: ArenaType : Normal | N122: 270 | O122: Item(1040102001, 100) | P122: QuickMove.Arena
H123: 9 | I123: Main.Mission.90 | J123: Main.Mission.Desc.90.9 | K123: Equal | L123: ArenaPlay | M123: ArenaType : Normal | N123: 350 | O123: Item(1040102001, 100) | P123: QuickMove.Arena
H124: 10 | I124: Main.Mission.90 | J124: Main.Mission.Desc.90.10 | K124: Equal | L124: ArenaPlay | M124: ArenaType : Normal | N124: 450 | O124: Item(1040102001, 100) | P124: QuickMove.Arena
H125: 11 | I125: Main.Mission.90 | J125: Main.Mission.Desc.90.11 | K125: Equal | L125: ArenaPlay | M125: ArenaType : Normal | N125: 550 | O125: Item(1040102001, 100) | P125: QuickMove.Arena
H126: 12 | I126: Main.Mission.90 | J126: Main.Mission.Desc.90.12 | K126: Equal | L126: ArenaPlay | M126: ArenaType : Normal | N126: 670 | O126: Item(1040102001, 100) | P126: QuickMove.Arena
... H134: 20 | I134: Main.Mission.90 | J134: Main.Mission.Desc.90.20 | K134: Equal | L134: ArenaPlay | M134: ArenaType : Normal | N134: 2000 | O134: Item(1040102001, 150) | P134: QuickMove.Arena
A136: 2102000000006 | C136: 2200000000005 | D136: Never() | E136: TRUE
H137: 1 | I137: Main.Mission.100 | J137: Main.Mission.Desc.100.1 | K137: Equal | L137: ArenaPlay | M137: ArenaType : Team | N137: 5 | O137: Item(1040102001, 50) | P137: QuickMove.TeamArena
H138: 2 | I138: Main.Mission.100 | J138: Main.Mission.Desc.100.2 | K138: Equal | L138: ArenaPlay | M138: ArenaType : Team | N138: 10 | O138: Item(1040102001, 50) | P138: QuickMove.TeamArena
H139: 3 | I139: Main.Mission.100 | J139: Main.Mission.Desc.100.3 | K139: Equal | L139: ArenaPlay | M139: ArenaType : Team | N139: 28 | O139: Item(1040102001, 50) | P139: QuickMove.TeamArena
H140: 4 | I140: Main.Mission.100 | J140: Main.Mission.Desc.100.4 | K140: Equal | L140: ArenaPlay | M140: ArenaType : Team | N140: 54 | O140: Item(1040102001, 50) | P140: QuickMove.TeamArena
H141: 5 | I141: Main.Mission.100 | J141: Main.Mission.Desc.100.5 | K141: Equal | L141: ArenaPlay | M141: ArenaType : Team | N141: 94 | O141: Item(1040102001, 100) | P141: QuickMove.TeamArena
H142: 6 | I142: Main.Mission.100 | J142: Main.Mission.Desc.100.6 | K142: Equal | L142: ArenaPlay | M142: ArenaType : Team | N142: 140 | O142: Item(1040102001, 100) | P142: QuickMove.TeamArena
H143: 7 | I143: Main.Mission.100 | J143: Main.Mission.Desc.100.7 | K143: Equal | L143: ArenaPlay | M143: ArenaType : Team | N143: 200 | O143: Item(1040102001, 100) | P143: QuickMove.TeamArena
H144: 8 | I144: Main.Mission.100 | J144: Main.Mission.Desc.100.8 | K144: Equal | L144: ArenaPlay | M144: ArenaType : Team | N144: 270 | O144: Item(1040102001, 100) | P144: QuickMove.TeamArena
H145: 9 | I145: Main.Mission.100 | J145: Main.Mission.Desc.100.9 | K145: Equal | L145: ArenaPlay | M145: ArenaType : Team | N145: 350 | O145: Item(1040102001, 100) | P145: QuickMove.TeamArena
H146: 10 | I146: Main.Mission.100 | J146: Main.Mission.Desc.100.10 | K146: Equal | L146: ArenaPlay | M146: ArenaType : Team | N146: 450 | O146: Item(1040102001, 100) | P146: QuickMove.TeamArena
H147: 11 | I147: Main.Mission.100 | J147: Main.Mission.Desc.100.11 | K147: Equal | L147: ArenaPlay | M147: ArenaType : Team | N147: 550 | O147: Item(1040102001, 100) | P147: QuickMove.TeamArena
H148: 12 | I148: Main.Mission.100 | J148: Main.Mission.Desc.100.12 | K148: Equal | L148: ArenaPlay | M148: ArenaType : Team | N148: 670 | O148: Item(1040102001, 100) | P148: QuickMove.TeamArena
...

Sheet MissionCase.Unlock
A1: Group | B1: #주석 | C1: Category | D1: NoticeProgress | E1: NoticeComplete | F1: Condition | G1: Ignore | H1: Step | I1: Name | J1: Desc | K1: Continuous | L1: MissionGoal | M1: GoalTarget | N1: GoalCount | O1: Reward | P1: QuickMove
A2: *long | B2: # | C2: $MissionCategory | D2: [dsl] | E2: bool | F2: [dsl] | G2: bool? | H2: int | I2: $Text | J2: $Text | K2: MissionChainingType | L2: StatisticsType | M2: {MissionGoalTargetType : string} | N2: int | O2: [dsl] | P2: $QuickMove?
A3: common | B3: # | C3: common | D3: server | E3: client | F3: common | G3: common | H3: common | I3: client | J3: client | K3: common | L3: common | M3: common | N3: common | O3: common | P3: client
A4: 2103000000000 | C4: 2200000000004 | D4: Never() | E4: FALSE
H5: 1 | I5: MSG.Mission.Name.Get.Plugin | J5: MSG.Mission.Desc.Get.Plugin | K5: Equal | L5: GetPlugin | M5: PluginId : 1030710001 | N5: 1 | P5: QuickMove0110
A6: 2103000000001 | C6: 2200000000004 | D6: Never() | E6: FALSE
H7: 1 | I7: MSG.Mission.Name.Get.Plugin | J7: MSG.Mission.Desc.Get.Plugin | K7: Equal | L7: GetPlugin | M7: PluginId : 1030710002 | N7: 1 | P7: QuickMove0110
A8: 2103000000002 | C8: 2200000000004 | D8: Never() | E8: FALSE
H9: 1 | I9: MSG.Mission.Name.Get.Plugin | J9: MSG.Mission.Desc.Get.Plugin | K9: Equal | L9: GetPlugin | M9: PluginId : 1030710003 | N9: 1 | P9: QuickMove0110
A10: 2103000000003 | C10: 2200000000004 | D10: Never() | E10: FALSE
H11: 1 | I11: MSG.Mission.Name.Get.Plugin | J11: MSG.Mission.Desc.Get.Plugin | K11: Equal | L11: GetPlugin | M11: PluginId : 1030510001 | N11: 1 | P11: QuickMove0110
A12: 2103000000004 | C12: 2200000000004 | D12: Never() | E12: FALSE
H13: 1 | I13: MSG.Mission.Name.Get.Plugin | J13: MSG.Mission.Desc.Get.Plugin | K13: Equal | L13: GetPlugin | M13: PluginId : 1030510002 | N13: 1 | P13: QuickMove0110
A14: 2103000000005 | C14: 2200000000004 | D14: Never() | E14: FALSE
H15: 1 | I15: MSG.Mission.Name.Get.Plugin | J15: MSG.Mission.Desc.Get.Plugin | K15: Equal | L15: GetPlugin | M15: PluginId : 1030920002 | N15: 1 | P15: QuickMove0110
A16: 2103000000006 | C16: 2200000000004 | D16: Never() | E16: FALSE
H17: 1 | I17: MSG.Mission.Name.Get.Plugin | J17: MSG.Mission.Desc.Get.Plugin | K17: Equal | L17: GetPlugin | M17: PluginId : 1030920003 | N17: 1 | P17: QuickMove0110
A18: 2103000000007 | C18: 2200000000004 | D18: Never() | E18: FALSE
H19: 1 | I19: MSG.Mission.Name.Get.Plugin | J19: MSG.Mission.Desc.Get.Plugin | K19: Equal | L19: GetPlugin | M19: PluginId : 1030920004 | N19: 1 | P19: QuickMove0110
A20: 2103000000008 | C20: 2200000000004 | D20: Never() | E20: FALSE
H21: 1 | I21: MSG.Mission.Name.Get.Plugin | J21: MSG.Mission.Desc.Get.Plugin | K21: Equal | L21: GetPlugin | M21: PluginId : 1030920005 | N21: 1 | P21: QuickMove0110
A22: 2103000000009 | C22: 2200000000004 | D22: Never() | E22: FALSE
H23: 1 | I23: MSG.Mission.Name.Get.Plugin | J23: MSG.Mission.Desc.Get.Plugin | K23: Equal | L23: GetPlugin | M23: PluginId : 1030720001 | N23: 1 | P23: QuickMove0110
A24: 2103000000010 | C24: 2200000000004 | D24: Never() | E24: FALSE
H25: 1 | I25: MSG.Mission.Name.Get.Plugin | J25: MSG.Mission.Desc.Get.Plugin | K25: Equal | L25: GetPlugin | M25: PluginId : 1030720002 | N25: 1 | P25: QuickMove0110
A26: 2103000000011 | C26: 2200000000004 | D26: Never() | E26: FALSE
H27: 1 | I27: MSG.Mission.Name.Get.Plugin | J27: MSG.Mission.Desc.Get.Plugin | K27: Equal | L27: GetPlugin | M27: PluginId : 1030720003 | N27: 1 | P27: QuickMove0110
A28: 2103000000012 | C28: 2200000000004 | D28: Never() | E28: FALSE
H29: 1 | I29: MSG.Mission.Name.Get.Plugin | J29: MSG.Mission.Desc.Get.Plugin | K29: Equal | L29: GetPlugin | M29: PluginId : 1030720004 | N29: 1 | P29: QuickMove0110
A30: 2103000000013 | C30: 2200000000004 | D30: Never() | E30: FALSE
H31: 1 | I31: MSG.Mission.Name.Get.Plugin | J31: MSG.Mission.Desc.Get.Plugin | K31: Equal | L31: GetPlugin | M31: PluginId : 1030720005 | N31: 1 | P31: QuickMove0110
A32: 2103000000014 | C32: 2200000000004 | D32: Never() | E32: FALSE
H33: 1 | I33: MSG.Mission.Name.Get.Plugin | J33: MSG.Mission.Desc.Get.Plugin | K33: Equal | L33: GetPlugin | M33: PluginId : 1030720006 | N33: 1 | P33: QuickMove0110
A34: 2103000000015 | C34: 2200000000004 | D34: Never() | E34: FALSE
H35: 1 | I35: MSG.Mission.Name.Get.Plugin | J35: MSG.Mission.Desc.Get.Plugin | K35: Equal | L35: GetPlugin | M35: PluginId : 1030720007 | N35: 1 | P35: QuickMove0110
A36: 2103000000016 | C36: 2200000000004 | D36: Never() | E36: FALSE
H37: 1 | I37: MSG.Mission.Name.Get.Plugin | J37: MSG.Mission.Desc.Get.Plugin | K37: Equal | L37: GetPlugin | M37: PluginId : 1030520001 | N37: 1 | P37: QuickMove0110
A38: 2103000000017 | C38: 2200000000004 | D38: Never() | E38: FALSE
H39: 1 | I39: MSG.Mission.Name.Get.Plugin | J39: MSG.Mission.Desc.Get.Plugin | K39: Equal | L39: GetPlugin | M39: PluginId : 1030520003 | N39: 1 | P39: QuickMove0110
A40: 2103000000018 | C40: 2200000000004 | D40: Never() | E40: FALSE
H41: 1 | I41: MSG.Mission.Name.Get.Plugin | J41: MSG.Mission.Desc.Get.Plugin | K41: Equal | L41: GetPlugin | M41: PluginId : 1030520004 | N41: 1 | P41: QuickMove0110
A42: 2103000000019 | C42: 2200000000004 | D42: Never() | E42: FALSE
H43: 1 | I43: MSG.Mission.Name.Get.Plugin | J43: MSG.Mission.Desc.Get.Plugin | K43: Equal | L43: GetPlugin | M43: PluginId : 1030520005 | N43: 1 | P43: QuickMove0110
A44: 2103000000020 | C44: 2200000000004 | D44: Never() | E44: FALSE
H45: 1 | I45: MSG.Mission.Name.Get.Plugin | J45: MSG.Mission.Desc.Get.Plugin | K45: Equal | L45: GetPlugin | M45: PluginId : 1030930001 | N45: 1 | P45: QuickMove0110
A46: 2103000000021 | C46: 2200000000004 | D46: Never() | E46: FALSE
H47: 1 | I47: MSG.Mission.Name.Get.Plugin | J47: MSG.Mission.Desc.Get.Plugin | K47: Equal | L47: GetPlugin | M47: PluginId : 1030930002 | N47: 1 | P47: QuickMove0110
A48: 2103000000022 | C48: 2200000000004 | D48: Never() | E48: FALSE
H49: 1 | I49: MSG.Mission.Name.Get.Plugin | J49: MSG.Mission.Desc.Get.Plugin | K49: Equal | L49: GetPlugin | M49: PluginId : 1030930003 | N49: 1 | P49: QuickMove0110
A50: 2103000000023 | C50: 2200000000004 | D50: Never() | E50: FALSE
H51: 1 | I51: MSG.Mission.Name.Get.Plugin | J51: MSG.Mission.Desc.Get.Plugin | K51: Equal | L51: GetPlugin | M51: PluginId : 1030930004 | N51: 1 | P51: QuickMove0110
A52: 2103000000024 | C52: 2200000000004 | D52: Never() | E52: FALSE
H53: 1 | I53: MSG.Mission.Name.Get.Plugin | J53: MSG.Mission.Desc.Get.Plugin | K53: Equal | L53: GetPlugin | M53: PluginId : 1030930005 | N53: 1 | P53: QuickMove0110
A54: 2103000000025 | C54: 2200000000004 | D54: Never() | E54: FALSE
H55: 1 | I55: MSG.Mission.Name.Get.Plugin | J55: MSG.Mission.Desc.Get.Plugin | K55: Equal | L55: GetPlugin | M55: PluginId : 1030730002 | N55: 1 | P55: QuickMove0110
A56: 2103000000026 | C56: 2200000000004 | D56: Never() | E56: FALSE
H57: 1 | I57: MSG.Mission.Name.Get.Plugin | J57: MSG.Mission.Desc.Get.Plugin | K57: Equal | L57: GetPlugin | M57: PluginId : 1030730003 | N57: 1 | P57: QuickMove0110
A58: 2103000000027 | C58: 2200000000004 | D58: Never() | E58: FALSE
H59: 1 | I59: MSG.Mission.Name.Get.Plugin | J59: MSG.Mission.Desc.Get.Plugin | K59: Equal | L59: GetPlugin | M59: PluginId : 1030730004 | N59: 1 | P59: QuickMove0110
A60: 2103000000028 | C60: 2200000000004 | D60: Never() | E60: FALSE
H61: 1 | I61: MSG.Mission.Name.Get.Plugin | J61: MSG.Mission.Desc.Get.Plugin | K61: Equal | L61: GetPlugin | M61: PluginId : 1030730005 | N61: 1 | P61: QuickMove0110
A62: 2103000000029 | C62: 2200000000004 | D62: Never() | E62: FALSE
H63: 1 | I63: MSG.Mission.Name.Get.Plugin | J63: MSG.Mission.Desc.Get.Plugin | K63: Equal | L63: GetPlugin | M63: PluginId : 1030530001 | N63: 1 | P63: QuickMove0110
A64: 2103000000030 | C64: 2200000000004 | D64: Never() | E64: FALSE
H65: 1 | I65: MSG.Mission.Name.Get.Plugin | J65: MSG.Mission.Desc.Get.Plugin | K65: Equal | L65: GetPlugin | M65: PluginId : 1030530002 | N65: 1 | P65: QuickMove0110
A66: 2103000000031 | C66: 2200000000004 | D66: Never() | E66: FALSE
H67: 1 | I67: MSG.Mission.Name.Get.Plugin | J67: MSG.Mission.Desc.Get.Plugin | K67: Equal | L67: GetPlugin | M67: PluginId : 1030530003 | N67: 1 | P67: QuickMove0110
A68: 2103000000032 | C68: 2200000000004 | D68: Never() | E68: FALSE
H69: 1 | I69: MSG.Mission.Name.Get.Plugin | J69: MSG.Mission.Desc.Get.Plugin | K69: Equal | L69: GetPlugin | M69: PluginId : 1030530004 | N69: 1 | P69: QuickMove0110
A70: 2103000000033 | C70: 2200000000004 | D70: Never() | E70: FALSE
H71: 1 | I71: MSG.Mission.Name.Get.Plugin | J71: MSG.Mission.Desc.Get.Plugin | K71: Equal | L71: GetPlugin | M71: PluginId : 1030940001 | N71: 1 | P71: QuickMove0110
A72: 2103000000034 | C72: 2200000000004 | D72: Never() | E72: FALSE
H73: 1 | I73: MSG.Mission.Name.Get.Plugin | J73: MSG.Mission.Desc.Get.Plugin | K73: Equal | L73: GetPlugin | M73: PluginId : 1030940002 | N73: 1 | P73: QuickMove0110
A74: 2103000000035 | C74: 2200000000004 | D74: Never() | E74: FALSE
H75: 1 | I75: MSG.Mission.Name.Get.Plugin | J75: MSG.Mission.Desc.Get.Plugin | K75: Equal | L75: GetPlugin | M75: PluginId : 1030940003 | N75: 1 | P75: QuickMove0110
A76: 2103000000036 | C76: 2200000000004 | D76: Never() | E76: FALSE
H77: 1 | I77: MSG.Mission.Name.Get.Plugin | J77: MSG.Mission.Desc.Get.Plugin | K77: Equal | L77: GetPlugin | M77: PluginId : 1030740001 | N77: 1 | P77: QuickMove0110
A78: 2103000000037 | C78: 2200000000004 | D78: Never() | E78: FALSE
H79: 1 | I79: MSG.Mission.Name.Get.Plugin | J79: MSG.Mission.Desc.Get.Plugin | K79: Equal | L79: GetPlugin | M79: PluginId : 1030740002 | N79: 1 | P79: QuickMove0110
A80: 2103000000038 | C80: 2200000000004 | D80: Never() | E80: FALSE
H81: 1 | I81: MSG.Mission.Name.Get.Plugin | J81: MSG.Mission.Desc.Get.Plugin | K81: Equal | L81: GetPlugin | M81: PluginId : 1030540001 | N81: 1 | P81: QuickMove0110
A82: 2103000000039 | C82: 2200000000004 | D82: Never() | E82: FALSE
H83: 1 | I83: MSG.Mission.Name.Get.Plugin | J83: MSG.Mission.Desc.Get.Plugin | K83: Equal | L83: GetPlugin | M83: PluginId : 1030320001 | N83: 1 | P83: QuickMove0110
A84: 2103000000040 | C84: 2200000000004 | D84: Never() | E84: FALSE
H85: 1 | I85: MSG.Mission.Name.Get.Plugin | J85: MSG.Mission.Desc.Get.Plugin | K85: Equal | L85: GetPlugin | M85: PluginId : 1030910002 | N85: 1 | P85: QuickMove0110
A86: 2103000000041 | C86: 2200000000004 | D86: Never() | E86: FALSE
H87: 1 | I87: MSG.Mission.Name.Get.Plugin | J87: MSG.Mission.Desc.Get.Plugin | K87: Equal | L87: GetPlugin | M87: PluginId : 1030320002 | N87: 1 | P87: QuickMove0110
A88: 2103000000042 | C88: 2200000000004 | D88: Never() | E88: FALSE
H89: 1 | I89: MSG.Mission.Name.Get.Plugin | J89: MSG.Mission.Desc.Get.Plugin | K89: Equal | L89: GetPlugin | M89: PluginId : 1030910001 | N89: 1 | P89: QuickMove0110
A90: 2103100000001 | C90: 2200000000004 | D90: Never() | E90: FALSE
H91: 1 | I91: MSG.Mission.Name.Get.Ur1.Character | J91: MSG.Mission.Name.Get.Ur1.Character | K91: Equal | L91: OverCharacterGradeUp | M91: Grade : UR1 | N91: 1 | P91: QuickMove0110
A92: 2103100000002 | C92: 2200000000004 | D92: Never() | E92: FALSE
H93: 1 | I93: MSG.Mission.Name.Get.SSR1.Equipment | J93: MSG.Mission.Name.Get.SSR1.Equipment | K93: Equal | L93: GetEquipment | M93: Grade : SSR1 | N93: 1 | P93: QuickMove0110

Sheet MissionCase.Special
A1: Group | B1: #주석 | C1: Category | D1: NoticeProgress | E1: NoticeComplete | F1: Condition | G1: Ignore | H1: Step | I1: Name | J1: Desc | K1: Continuous | L1: MissionGoal | M1: GoalTarget | N1: GoalCount | O1: Reward | P1: QuickMove
A2: *long | B2: # | C2: $MissionCategory | D2: [dsl] | E2: bool | F2: [dsl] | G2: bool? | H2: int | I2: $Text | J2: $Text | K2: MissionChainingType | L2: StatisticsType | M2: {MissionGoalTargetType : string} | N2: int | O2: [dsl] | P2: $QuickMove?
A3: common | B3: # | C3: common | D3: server | E3: client | F3: common | G3: common | H3: common | I3: client | J3: client | K3: common | L3: common | M3: common | N3: common | O3: common | P3: client
A4: 2104000000017 | B4: 선별뽑기 완료 패키지 | C4: 2200000000010 | D4: Always() | E4: FALSE
H5: 1 | I5: MSG.Mission.Name.Get.Plugin | J5: MSG.Mission.Desc.Get.Plugin | K5: Always | L5: ConfirmSelectiveGacha | N5: 1 | O5: ShopSlot(2701000000065) | P5: QuickMove0010
A6: 2104000000034 | B6: 릴리안 호감도 3 달성 패키지 | C6: 2200000000010 | D6: Always() | E6: FALSE
H7: 1 | I7: MSG.Mission.Name.Get.Plugin | J7: MSG.Mission.Desc.Get.Plugin | K7: Always | L7: FavorLevelUp | M7: CharacterId : 1010710001 | N7: 2 | O7: ShopSlot(2771000000082) | P7: QuickMove0010
A8: 2104000000035 | B8: 릴리안 호감도 6 달성 패키지 | C8: 2200000000010 | D8: Always() | E8: FALSE
H9: 1 | I9: MSG.Mission.Name.Get.Plugin | J9: MSG.Mission.Desc.Get.Plugin | K9: Always | L9: FavorLevelUp | M9: CharacterId : 1010710001 | N9: 5 | O9: ShopSlot(2771000000083) | P9: QuickMove0010
A10: 2104000000036 | B10: 릴리안 호감도 MAX 달성 패키지 | C10: 2200000000010 | D10: Always() | E10: FALSE
H11: 1 | I11: MSG.Mission.Name.Get.Plugin | J11: MSG.Mission.Desc.Get.Plugin | K11: Always | L11: FavorLevelUp | M11: CharacterId : 1010710001 | N11: 7 | O11: ShopSlot(2771000000084) | P11: QuickMove0010
A12: 2104000000037 | B12: 다리아 호감도 3 달성 패키지 | C12: 2200000000010 | D12: Always() | E12: FALSE
H13: 1 | I13: MSG.Mission.Name.Get.Plugin | J13: MSG.Mission.Desc.Get.Plugin | K13: Always | L13: FavorLevelUp | M13: CharacterId : 1010710002 | N13: 2 | O13: ShopSlot(2771000000085) | P13: QuickMove0010
A14: 2104000000038 | B14: 다리아 호감도 6 달성 패키지 | C14: 2200000000010 | D14: Always() | E14: FALSE
H15: 1 | I15: MSG.Mission.Name.Get.Plugin | J15: MSG.Mission.Desc.Get.Plugin | K15: Always | L15: FavorLevelUp | M15: CharacterId : 1010710002 | N15: 5 | O15: ShopSlot(2771000000086) | P15: QuickMove0010
A16: 2104000000039 | B16: 다리아 호감도 MAX 달성 패키지 | C16: 2200000000010 | D16: Always() | E16: FALSE
H17: 1 | I17: MSG.Mission.Name.Get.Plugin | J17: MSG.Mission.Desc.Get.Plugin | K17: Always | L17: FavorLevelUp | M17: CharacterId : 1010710002 | N17: 7 | O17: ShopSlot(2771000000087) | P17: QuickMove0010
A18: 2104000000040 | B18: 스노프릴 호감도 3 달성 패키지 | C18: 2200000000010 | D18: Always() | E18: FALSE
H19: 1 | I19: MSG.Mission.Name.Get.Plugin | J19: MSG.Mission.Desc.Get.Plugin | K19: Always | L19: FavorLevelUp | M19: CharacterId : 1010710003 | N19: 2 | O19: ShopSlot(2771000000088) | P19: QuickMove0010
A20: 2104000000041 | B20: 스노프릴 호감도 6 달성 패키지 | C20: 2200000000010 | D20: Always() | E20: FALSE
H21: 1 | I21: MSG.Mission.Name.Get.Plugin | J21: MSG.Mission.Desc.Get.Plugin | K21: Always | L21: FavorLevelUp | M21: CharacterId : 1010710003 | N21: 5 | O21: ShopSlot(2771000000089) | P21: QuickMove0010
A22: 2104000000042 | B22: 스노프릴 호감도 MAX 달성 패키지 | C22: 2200000000010 | D22: Always() | E22: FALSE
H23: 1 | I23: MSG.Mission.Name.Get.Plugin | J23: MSG.Mission.Desc.Get.Plugin | K23: Always | L23: FavorLevelUp | M23: CharacterId : 1010710003 | N23: 7 | O23: ShopSlot(2771000000090) | P23: QuickMove0010
A24: 2104000000046 | B24: 타이나 호감도 3 달성 패키지 | C24: 2200000000010 | D24: Always() | E24: FALSE
H25: 1 | I25: MSG.Mission.Name.Get.Plugin | J25: MSG.Mission.Desc.Get.Plugin | K25: Always | L25: FavorLevelUp | M25: CharacterId : 1010510002 | N25: 2 | O25: ShopSlot(2771000000094) | P25: QuickMove0010
A26: 2104000000047 | B26: 타이나 호감도 6 달성 패키지 | C26: 2200000000010 | D26: Always() | E26: FALSE
H27: 1 | I27: MSG.Mission.Name.Get.Plugin | J27: MSG.Mission.Desc.Get.Plugin | K27: Always | L27: FavorLevelUp | M27: CharacterId : 1010510002 | N27: 5 | O27: ShopSlot(2771000000095) | P27: QuickMove0010
A28: 2104000000048 | B28: 타이나 호감도 MAX 달성 패키지 | C28: 2200000000010 | D28: Always() | E28: FALSE
H29: 1 | I29: MSG.Mission.Name.Get.Plugin | J29: MSG.Mission.Desc.Get.Plugin | K29: Always | L29: FavorLevelUp | M29: CharacterId : 1010510002 | N29: 7 | O29: ShopSlot(2771000000096) | P29: QuickMove0010
A30: 2104000000049 | B30: 세라펄사 호감도 3 달성 패키지 | C30: 2200000000010 | D30: Always() | E30: FALSE
H31: 1 | I31: MSG.Mission.Name.Get.Plugin | J31: MSG.Mission.Desc.Get.Plugin | K31: Always | L31: FavorLevelUp | M31: CharacterId : 1010920002 | N31: 2 | O31: ShopSlot(2771000000097) | P31: QuickMove0010
A32: 2104000000050 | B32: 세라펄사 호감도 6 달성 패키지 | C32: 2200000000010 | D32: Always() | E32: FALSE
H33: 1 | I33: MSG.Mission.Name.Get.Plugin | J33: MSG.Mission.Desc.Get.Plugin | K33: Always | L33: FavorLevelUp | M33: CharacterId : 1010920002 | N33: 5 | O33: ShopSlot(2771000000098) | P33: QuickMove0010
A34: 2104000000051 | B34: 세라펄사 호감도 MAX 달성 패키지 | C34: 2200000000010 | D34: Always() | E34: FALSE
H35: 1 | I35: MSG.Mission.Name.Get.Plugin | J35: MSG.Mission.Desc.Get.Plugin | K35: Always | L35: FavorLevelUp | M35: CharacterId : 1010920002 | N35: 7 | O35: ShopSlot(2771000000099) | P35: QuickMove0010
A36: 2104000000052 | B36: 아이라스 호감도 3 달성 패키지 | C36: 2200000000010 | D36: Always() | E36: FALSE
H37: 1 | I37: MSG.Mission.Name.Get.Plugin | J37: MSG.Mission.Desc.Get.Plugin | K37: Always | L37: FavorLevelUp | M37: CharacterId : 1010920003 | N37: 2 | O37: ShopSlot(2771000000100) | P37: QuickMove0010
A38: 2104000000053 | B38: 아이라스 호감도 6 달성 패키지 | C38: 2200000000010 | D38: Always() | E38: FALSE
H39: 1 | I39: MSG.Mission.Name.Get.Plugin | J39: MSG.Mission.Desc.Get.Plugin | K39: Always | L39: FavorLevelUp | M39: CharacterId : 1010920003 | N39: 5 | O39: ShopSlot(2771000000101) | P39: QuickMove0010
A40: 2104000000054 | B40: 아이라스 호감도 MAX 달성 패키지 | C40: 2200000000010 | D40: Always() | E40: FALSE
H41: 1 | I41: MSG.Mission.Name.Get.Plugin | J41: MSG.Mission.Desc.Get.Plugin | K41: Always | L41: FavorLevelUp | M41: CharacterId : 1010920003 | N41: 7 | O41: ShopSlot(2771000000102) | P41: QuickMove0010
A42: 2104000000055 | B42: 앰브로시아 호감도 3 달성 패키지 | C42: 2200000000010 | D42: Always() | E42: FALSE
H43: 1 | I43: MSG.Mission.Name.Get.Plugin | J43: MSG.Mission.Desc.Get.Plugin | K43: Always | L43: FavorLevelUp | M43: CharacterId : 1010920004 | N43: 2 | O43: ShopSlot(2771000000103) | P43: QuickMove0010
A44: 2104000000056 | B44: 앰브로시아 호감도 6 달성 패키지 | C44: 2200000000010 | D44: Always() | E44: FALSE
H45: 1 | I45: MSG.Mission.Name.Get.Plugin | J45: MSG.Mission.Desc.Get.Plugin | K45: Always | L45: FavorLevelUp | M45: CharacterId : 1010920004 | N45: 5 | O45: ShopSlot(2771000000104) | P45: QuickMove0010
A46: 2104000000057 | B46: 앰브로시아 호감도 MAX 달성 패키지 | C46: 2200000000010 | D46: Always() | E46: FALSE
H47: 1 | I47: MSG.Mission.Name.Get.Plugin | J47: MSG.Mission.Desc.Get.Plugin | K47: Always | L47: FavorLevelUp | M47: CharacterId : 1010920004 | N47: 7 | O47: ShopSlot(2771000000105) | P47: QuickMove0010
A48: 2104000000058 | B48: 시아 호감도 3 달성 패키지 | C48: 2200000000010 | D48: Always() | E48: FALSE
H49: 1 | I49: MSG.Mission.Name.Get.Plugin | J49: MSG.Mission.Desc.Get.Plugin | K49: Always | L49: FavorLevelUp | M49: CharacterId : 1010920005 | N49: 2 | O49: ShopSlot(2771000000106) | P49: QuickMove0010
A50: 2104000000059 | B50: 시아 호감도 6 달성 패키지 | C50: 2200000000010 | D50: Always() | E50: FALSE
H51: 1 | I51: MSG.Mission.Name.Get.Plugin | J51: MSG.Mission.Desc.Get.Plugin | K51: Always | L51: FavorLevelUp | M51: CharacterId : 1010920005 | N51: 5 | O51: ShopSlot(2771000000107) | P51: QuickMove0010
A52: 2104000000060 | B52: 시아 호감도 MAX 달성 패키지 | C52: 2200000000010 | D52: Always() | E52: FALSE
H53: 1 | I53: MSG.Mission.Name.Get.Plugin | J53: MSG.Mission.Desc.Get.Plugin | K53: Always | L53: FavorLevelUp | M53: CharacterId : 1010920005 | N53: 7 | O53: ShopSlot(2771000000108) | P53: QuickMove0010
A54: 2104000000061 | B54: 메아 호감도 3 달성 패키지 | C54: 2200000000010 | D54: Always() | E54: FALSE
H55: 1 | I55: MSG.Mission.Name.Get.Plugin | J55: MSG.Mission.Desc.Get.Plugin | K55: Always | L55: FavorLevelUp | M55: CharacterId : 1010720001 | N55: 2 | O55: ShopSlot(2771000000109) | P55: QuickMove0010
A56: 2104000000062 | B56: 메아 호감도 6 달성 패키지 | C56: 2200000000010 | D56: Always() | E56: FALSE
H57: 1 | I57: MSG.Mission.Name.Get.Plugin | J57: MSG.Mission.Desc.Get.Plugin | K57: Always | L57: FavorLevelUp | M57: CharacterId : 1010720001 | N57: 5 | O57: ShopSlot(2771000000110) | P57: QuickMove0010
A58: 2104000000063 | B58: 메아 호감도 MAX 달성 패키지 | C58: 2200000000010 | D58: Always() | E58: FALSE
H59: 1 | I59: MSG.Mission.Name.Get.Plugin | J59: MSG.Mission.Desc.Get.Plugin | K59: Always | L59: FavorLevelUp | M59: CharacterId : 1010720001 | N59: 7 | O59: ShopSlot(2771000000111) | P59: QuickMove0010
A60: 2104000000067 | B60: 이사벨라 호감도 3 달성 패키지 | C60: 2200000000010 | D60: Always() | E60: FALSE
H61: 1 | I61: MSG.Mission.Name.Get.Plugin | J61: MSG.Mission.Desc.Get.Plugin | K61: Always | L61: FavorLevelUp | M61: CharacterId : 1010720003 | N61: 2 | O61: ShopSlot(2771000000115) | P61: QuickMove0010
A62: 2104000000068 | B62: 이사벨라 호감도 6 달성 패키지 | C62: 2200000000010 | D62: Always() | E62: FALSE
H63: 1 | I63: MSG.Mission.Name.Get.Plugin | J63: MSG.Mission.Desc.Get.Plugin | K63: Always | L63: FavorLevelUp | M63: CharacterId : 1010720003 | N63: 5 | O63: ShopSlot(2771000000116) | P63: QuickMove0010
A64: 2104000000069 | B64: 이사벨라 호감도 MAX 달성 패키지 | C64: 2200000000010 | D64: Always() | E64: FALSE
H65: 1 | I65: MSG.Mission.Name.Get.Plugin | J65: MSG.Mission.Desc.Get.Plugin | K65: Always | L65: FavorLevelUp | M65: CharacterId : 1010720003 | N65: 7 | O65: ShopSlot(2771000000117) | P65: QuickMove0010
A66: 2104000000070 | B66: 발렌시아 호감도 3 달성 패키지 | C66: 2200000000010 | D66: Always() | E66: FALSE
H67: 1 | I67: MSG.Mission.Name.Get.Plugin | J67: MSG.Mission.Desc.Get.Plugin | K67: Always | L67: FavorLevelUp | M67: CharacterId : 1010720004 | N67: 2 | O67: ShopSlot(2771000000118) | P67: QuickMove0010
A68: 2104000000071 | B68: 발렌시아 호감도 6 달성 패키지 | C68: 2200000000010 | D68: Always() | E68: FALSE
H69: 1 | I69: MSG.Mission.Name.Get.Plugin | J69: MSG.Mission.Desc.Get.Plugin | K69: Always | L69: FavorLevelUp | M69: CharacterId : 1010720004 | N69: 5 | O69: ShopSlot(2771000000119) | P69: QuickMove0010
A70: 2104000000072 | B70: 발렌시아 호감도 MAX 달성 패키지 | C70: 2200000000010 | D70: Always() | E70: FALSE
H71: 1 | I71: MSG.Mission.Name.Get.Plugin | J71: MSG.Mission.Desc.Get.Plugin | K71: Always | L71: FavorLevelUp | M71: CharacterId : 1010720004 | N71: 7 | O71: ShopSlot(2771000000120) | P71: QuickMove0010
A72: 2104000000073 | B72: 벨리타 호감도 3 달성 패키지 | C72: 2200000000010 | D72: Always() | E72: FALSE
H73: 1 | I73: MSG.Mission.Name.Get.Plugin | J73: MSG.Mission.Desc.Get.Plugin | K73: Always | L73: FavorLevelUp | M73: CharacterId : 1010720005 | N73: 2 | O73: ShopSlot(2771000000121) | P73: QuickMove0010
A74: 2104000000074 | B74: 벨리타 호감도 6 달성 패키지 | C74: 2200000000010 | D74: Always() | E74: FALSE
H75: 1 | I75: MSG.Mission.Name.Get.Plugin | J75: MSG.Mission.Desc.Get.Plugin | K75: Always | L75: FavorLevelUp | M75: CharacterId : 1010720005 | N75: 5 | O75: ShopSlot(2771000000122) | P75: QuickMove0010
A76: 2104000000075 | B76: 벨리타 호감도 MAX 달성 패키지 | C76: 2200000000010 | D76: Always() | E76: FALSE
H77: 1 | I77: MSG.Mission.Name.Get.Plugin | J77: MSG.Mission.Desc.Get.Plugin | K77: Always | L77: FavorLevelUp | M77: CharacterId : 1010720005 | N77: 7 | O77: ShopSlot(2771000000123) | P77: QuickMove0010
A78: 2104000000076 | B78: 베르베타 호감도 3 달성 패키지 | C78: 2200000000010 | D78: Always() | E78: FALSE
H79: 1 | I79: MSG.Mission.Name.Get.Plugin | J79: MSG.Mission.Desc.Get.Plugin | K79: Always | L79: FavorLevelUp | M79: CharacterId : 1010720006 | N79: 2 | O79: ShopSlot(2771000000124) | P79: QuickMove0010
A80: 2104000000077 | B80: 베르베타 호감도 6 달성 패키지 | C80: 2200000000010 | D80: Always() | E80: FALSE
H81: 1 | I81: MSG.Mission.Name.Get.Plugin | J81: MSG.Mission.Desc.Get.Plugin | K81: Always | L81: FavorLevelUp | M81: CharacterId : 1010720006 | N81: 5 | O81: ShopSlot(2771000000125) | P81: QuickMove0010
A82: 2104000000078 | B82: 베르베타 호감도 MAX 달성 패키지 | C82: 2200000000010 | D82: Always() | E82: FALSE
H83: 1 | I83: MSG.Mission.Name.Get.Plugin | J83: MSG.Mission.Desc.Get.Plugin | K83: Always | L83: FavorLevelUp | M83: CharacterId : 1010720006 | N83: 7 | O83: ShopSlot(2771000000126) | P83: QuickMove0010
A84: 2104000000079 | B84: 아셀스 호감도 3 달성 패키지 | C84: 2200000000010 | D84: Always() | E84: FALSE
H85: 1 | I85: MSG.Mission.Name.Get.Plugin | J85: MSG.Mission.Desc.Get.Plugin | K85: Always | L85: FavorLevelUp | M85: CharacterId : 1010720007 | N85: 2 | O85: ShopSlot(2771000000127) | P85: QuickMove0010
A86: 2104000000080 | B86: 아셀스 호감도 6 달성 패키지 | C86: 2200000000010 | D86: Always() | E86: FALSE
H87: 1 | I87: MSG.Mission.Name.Get.Plugin | J87: MSG.Mission.Desc.Get.Plugin | K87: Always | L87: FavorLevelUp | M87: CharacterId : 1010720007 | N87: 5 | O87: ShopSlot(2771000000128) | P87: QuickMove0010
A88: 2104000000081 | B88: 아셀스 호감도 MAX 달성 패키지 | C88: 2200000000010 | D88: Always() | E88: FALSE
H89: 1 | I89: MSG.Mission.Name.Get.Plugin | J89: MSG.Mission.Desc.Get.Plugin | K89: Always | L89: FavorLevelUp | M89: CharacterId : 1010720007 | N89: 7 | O89: ShopSlot(2771000000129) | P89: QuickMove0010
A90: 2104000000082 | B90: 안젤리카 호감도 3 달성 패키지 | C90: 2200000000010 | D90: Always() | E90: FALSE
H91: 1 | I91: MSG.Mission.Name.Get.Plugin | J91: MSG.Mission.Desc.Get.Plugin | K91: Always | L91: FavorLevelUp | M91: CharacterId : 1010520001 | N91: 2 | O91: ShopSlot(2771000000130) | P91: QuickMove0010
A92: 2104000000083 | B92: 안젤리카 호감도 6 달성 패키지 | C92: 2200000000010 | D92: Always() | E92: FALSE
H93: 1 | I93: MSG.Mission.Name.Get.Plugin | J93: MSG.Mission.Desc.Get.Plugin | K93: Always | L93: FavorLevelUp | M93: CharacterId : 1010520001 | N93: 5 | O93: ShopSlot(2771000000131) | P93: QuickMove0010
A94: 2104000000084 | B94: 안젤리카 호감도 MAX 달성 패키지 | C94: 2200000000010 | D94: Always() | E94: FALSE
H95: 1 | I95: MSG.Mission.Name.Get.Plugin | J95: MSG.Mission.Desc.Get.Plugin | K95: Always | L95: FavorLevelUp | M95: CharacterId : 1010520001 | N95: 7 | O95: ShopSlot(2771000000132) | P95: QuickMove0010
A96: 2104000000085 | B96: 유나 호감도 3 달성 패키지 | C96: 2200000000010 | D96: Always() | E96: FALSE
H97: 1 | I97: MSG.Mission.Name.Get.Plugin | J97: MSG.Mission.Desc.Get.Plugin | K97: Always | L97: FavorLevelUp | M97: CharacterId : 1010520003 | N97: 2 | O97: ShopSlot(2771000000133) | P97: QuickMove0010
A98: 2104000000086 | B98: 유나 호감도 6 달성 패키지 | C98: 2200000000010 | D98: Always() | E98: FALSE
H99: 1 | I99: MSG.Mission.Name.Get.Plugin | J99: MSG.Mission.Desc.Get.Plugin | K99: Always | L99: FavorLevelUp | M99: CharacterId : 1010520003 | N99: 5 | O99: ShopSlot(2771000000134) | P99: QuickMove0010
A100: 2104000000087 | B100: 유나 호감도 MAX 달성 패키지 | C100: 2200000000010 | D100: Always() | E100: FALSE
...

Sheet MissionCase.Guide
A1: Group | B1: #주석 | C1: Category | D1: NoticeProgress | E1: NoticeComplete | F1: Condition | G1: Ignore | H1: Step | I1: Name | J1: Desc | K1: Continuous | L1: MissionGoal | M1: GoalTarget | N1: GoalCount | O1: Reward | P1: # | Q1: QuickMove
A2: *long | B2: # | C2: $MissionCategory | D2: [dsl] | E2: bool | F2: [dsl] | G2: bool? | H2: int | I2: $Text | J2: $Text | K2: MissionChainingType | L2: StatisticsType | M2: {MissionGoalTargetType : string} | N2: int | O2: [dsl] | P2: # | Q2: $QuickMove?
A3: common | B3: # | C3: common | D3: server | E3: client | F3: common | G3: common | H3: common | I3: client | J3: client | K3: common | L3: common | M3: common | N3: common | O3: common | P3: # | Q3: client
A4: 2105000000001 | B4: 아스니아 도착(1-4승리) | C4: 2200000000009 | D4: Always() | E4: TRUE
H5: 1 | I5: Mission.Guide.001 | J5: Mission.Guide.001 | K5: Equal | L5: StageClear | M5: StageId : 스테이지4 | N5: 1 | O5: Item(1040102001, 25) | P5: =IF(VLOOKUP(L5,Statistics!B:F,5,FALSE)=0,"",VLOOKUP(L5,Statistics!B:F,5,FALSE)) -> QuickMove0010 | Q5: QuickMove0010
A6: 2105000000002 | B6: 앰브로시아 영입 | C6: 2200000000009 | D6: Always() | E6: TRUE
H7: 1 | I7: Mission.Guide.002 | J7: Mission.Guide.002 | K7: Equal | L7: CharacterPossess | M7: CharacterId:1010920004 | N7: 1 | O7: Item(1040302001, 500) | P7: =IF(VLOOKUP(L7,Statistics!B:F,5,FALSE)=0,"",VLOOKUP(L7,Statistics!B:F,5,FALSE)) -> QuickMove0110 | Q7: QuickMove0110
A8: 2105000000003 | B8: 캐릭터 레벨업 | C8: 2200000000009 | D8: Always() | E8: TRUE
H9: 1 | I9: Mission.Guide.003 | J9: Mission.Guide.003 | K9: Equal | L9: CharacterLvUp | N9: 1 | O9: Item(1040101001, 1000) | P9: =IF(VLOOKUP(L9,Statistics!B:F,5,FALSE)=0,"",VLOOKUP(L9,Statistics!B:F,5,FALSE)) -> QuickMove0250 | Q9: QuickMove0250
A10: 2105000000004 | B10: 시즈 획득 | C10: 2200000000009 | D10: Always() | E10: TRUE
H11: 1 | I11: Mission.Guide.004 | J11: Mission.Guide.004 | K11: Equal | L11: CharacterPossess | M11: CharacterId:1010340001 | N11: 1 | O11: Item(1040302001, 500) | P11: =IF(VLOOKUP(L11,Statistics!B:F,5,FALSE)=0,"",VLOOKUP(L11,Statistics!B:F,5,FALSE)) -> QuickMove0110 | Q11: QuickMove0010
A12: 2105000000005 | B12: 1-6 승리 | C12: 2200000000009 | D12: Always() | E12: TRUE
H13: 1 | I13: Mission.Guide.005 | J13: Mission.Guide.005 | K13: Equal | L13: StageClear | M13: StageId : 스테이지6 | N13: 1 | O13: Item(1040102001, 50) | P13: QuickMove0010 | Q13: QuickMove0010
A14: 2105000000006 | B14: 일일 미션 완료 | C14: 2200000000009 | D14: Always() | E14: TRUE
H15: 1 | I15: Mission.Guide.006 | J15: Mission.Guide.006 | K15: Equal | L15: MissionPoint | M15: MissionPointType : Daily | N15: 1 | O15: Item(1040302001, 1000) | P15: =IF(VLOOKUP(L15,Statistics!B:F,5,FALSE)=0,"",VLOOKUP(L15,Statistics!B:F,5,FALSE)) | Q15: QuickMove0350
A16: 2105000000007 | B16: 링크 달성하기 | C16: 2200000000009 | D16: Always() | E16: TRUE
H17: 1 | I17: Mission.Guide.007 | J17: Mission.Guide.007 | K17: Equal | L17: CharacterLink | N17: 1 | O17: Item(1040101001, 1000) | P17: =IF(VLOOKUP(L17,Statistics!B:F,5,FALSE)=0,"",VLOOKUP(L17,Statistics!B:F,5,FALSE)) | Q17: QuickMove0580
A18: 2105000000008 | B18: 프록시안 1명 5레벨 달성 | C18: 2200000000009 | D18: Always() | E18: TRUE
H19: 1 | I19: Mission.Guide.008 | J19: Mission.Guide.008 | K19: Equal | L19: CharacterLevelReached | M19: Level : 5 | N19: 1 | O19: Item(1040408041, 10) | P19: =IF(VLOOKUP(L19,Statistics!B:F,5,FALSE)=0,"",VLOOKUP(L19,Statistics!B:F,5,FALSE)) -> QuickMove0250 | Q19: QuickMove0250
A20: 2105000000009 | B20: 스킬 레벨업 1회 | C20: 2200000000009 | D20: Always() | E20: TRUE
H21: 1 | I21: Mission.Guide.009 | J21: Mission.Guide.009 | K21: Equal | L21: SkillLvUp | N21: 1 | O21: Item(1040302001, 1000) | P21: =IF(VLOOKUP(L21,Statistics!B:F,5,FALSE)=0,"",VLOOKUP(L21,Statistics!B:F,5,FALSE)) -> QuickMove0420 | Q21: QuickMove0420
A22: 2105000000010 | B22: 1-7 승리 | C22: 2200000000009 | D22: Always() | E22: TRUE
H23: 1 | I23: Mission.Guide.010 | J23: Mission.Guide.010 | K23: Equal | L23: StageClear | M23: StageId : 스테이지7 | N23: 1 | O23: Item(1040102001, 100) | P23: QuickMove0010 | Q23: QuickMove0010
A24: 2105000000011 | B24: 1-8 승리 | C24: 2200000000009 | D24: Always() | E24: TRUE
H25: 1 | I25: Mission.Guide.011 | J25: Mission.Guide.011 | K25: Equal | L25: StageClear | M25: StageId : 스테이지8 | N25: 1 | O25: Item(1040302001, 2000) | P25: QuickMove0010 | Q25: QuickMove0010
A26: 2105000000012 | B26: 선물 1회 주기 | C26: 2200000000009 | D26: Always() | E26: TRUE
H27: 1 | I27: Mission.Guide.012 | J27: Mission.Guide.012 | K27: Equal | L27: GiveGift | N27: 1 | O27: Item(1040101001, 1000) | Q27: QuickMove0630
A28: 2105000000013 | B28: 세라펄사 | C28: 2200000000009 | D28: Always() | E28: TRUE
H29: 1 | I29: Mission.Guide.013 | J29: Mission.Guide.013 | K29: Equal | L29: CharacterPossess | M29: CharacterId:1010920002 | N29: 1 | O29: Item(1040302001, 2000) | P29: =IF(VLOOKUP(L29,Statistics!B:F,5,FALSE)=0,"",VLOOKUP(L29,Statistics!B:F,5,FALSE)) -> QuickMove0110 | Q29: QuickMove0010
A30: 2105000000014 | B30: N등급 이상 장비 착용하기 | C30: 2200000000009 | D30: Always() | E30: TRUE
H31: 1 | I31: Mission.Guide.014 | J31: Mission.Guide.014 | K31: Equal | L31: EquipOverGrade | M31: Grade:N | N31: 1 | O31: Item(1040603005, 1) | Q31: QuickMove0170
A32: 2105000000015 | B32: 작전 보상 획득 | C32: 2200000000009 | D32: Always() | E32: TRUE
H33: 1 | I33: Mission.Guide.015 | J33: Mission.Guide.015 | K33: Equal | L33: IdleBattleReward | N33: 1 | O33: Item(1040102001, 150) | P33: =IF(VLOOKUP(L33,Statistics!B:F,5,FALSE)=0,"",VLOOKUP(L33,Statistics!B:F,5,FALSE)) -> QuickMove.IdleBattlePopup | Q33: QuickMove0010
A34: 2105000000016 | B34: 1-13 승리 | C34: 2200000000009 | D34: Always() | E34: TRUE
H35: 1 | I35: Mission.Guide.016 | J35: Mission.Guide.016 | K35: Equal | L35: StageClear | M35: StageId : 스테이지13 | N35: 1 | O35: Item(1040302001, 8000) | P35: =IF(VLOOKUP(L35,Statistics!B:F,5,FALSE)=0,"",VLOOKUP(L35,Statistics!B:F,5,FALSE)) -> QuickMove0010 | Q35: QuickMove0010
A36: 2105000000017 | B36: 캐릭터 3명 5레벨 강화 | C36: 2200000000009 | D36: Always() | E36: TRUE
H37: 1 | I37: Mission.Guide.017 | J37: Mission.Guide.017 | K37: Equal | L37: CharacterLevelReached | M37: Level : 5 | N37: 3 | O37: Item(1040408041, 20) | P37: =IF(VLOOKUP(L37,Statistics!B:F,5,FALSE)=0,"",VLOOKUP(L37,Statistics!B:F,5,FALSE)) -> QuickMove0250 | Q37: QuickMove0250
A38: 2105000000018 | B38: 스킬 레벨업 3회 | C38: 2200000000009 | D38: Always() | E38: TRUE
H39: 1 | I39: Mission.Guide.018 | J39: Mission.Guide.018 | K39: Equal | L39: SkillLvUp | N39: 3 | O39: Item(1040605301, 1) | P39: =IF(VLOOKUP(L39,Statistics!B:F,5,FALSE)=0,"",VLOOKUP(L39,Statistics!B:F,5,FALSE)) -> QuickMove0420 | Q39: QuickMove0420
A40: 2105000000019 | B40: 캐릭터 해산 하기 | C40: 2200000000009 | D40: Always() | E40: TRUE
H41: 1 | I41: Mission.Guide.019 | J41: Mission.Guide.019 | K41: Equal | L41: RewardCurrency | M41: ItemId:1040103101 | N41: 1 | O41: Item(1040603006, 1) | P41: =IF(VLOOKUP(L41,Statistics!B:F,5,FALSE)=0,"",VLOOKUP(L41,Statistics!B:F,5,FALSE)) | Q41: QuickMove.Character.CharacerSell
A42: 2105000000020 | B42: 1-16 전투 승리 | C42: 2200000000009 | D42: Always() | E42: TRUE
H43: 1 | I43: Mission.Guide.020 | J43: Mission.Guide.020 | K43: Equal | L43: StageClear | M43: StageId : 스테이지16 | N43: 1 | O43: Item(1040501001, 20) | P43: =IF(VLOOKUP(L43,Statistics!B:F,5,FALSE)=0,"",VLOOKUP(L43,Statistics!B:F,5,FALSE)) -> QuickMove0010 | Q43: QuickMove0010

Sheet #MissionCase.Guide
A1: Group | B1: #주석 | C1: Category | D1: NoticeProgress | E1: NoticeComplete | F1: Condition | G1: Ignore | H1: Step | I1: Name | J1: Desc | K1: Continuous | L1: MissionGoal | M1: GoalTarget | N1: GoalCount | O1: Reward | P1: # | Q1: QuickMove
A2: *long | B2: # | C2: $MissionCategory | D2: [dsl] | E2: bool | F2: [dsl] | G2: bool? | H2: int | I2: $Text | J2: $Text | K2: MissionChainingType | L2: StatisticsType | M2: {MissionGoalTargetType : string} | N2: int | O2: [dsl] | P2: # | Q2: $QuickMove?
A3: common | B3: # | C3: common | D3: server | E3: client | F3: common | G3: common | H3: common | I3: client | J3: client | K3: common | L3: common | M3: common | N3: common | O3: common | P3: # | Q3: client
A4: 2105000000001 | B4: 1-4 전투 승리 | C4: 2200000000009 | D4: Always() | E4: TRUE
H5: 1 | I5: Mission.Guide.Title.001 | J5: Mission.Guide.Desc.001 | K5: Equal | L5: StageClear | M5: StageId : 스테이지4 | N5: 1 | O5: Item(1040302001, 500) | P5: =IF(VLOOKUP(L5,Statistics!B:F,5,FALSE)=0,"",VLOOKUP(L5,Statistics!B:F,5,FALSE)) -> QuickMove0010 | Q5: QuickMove0010
A6: 2105000000002 | B6: 1명 캐릭터 3 레벨 업 | C6: 2200000000009 | D6: Always() | E6: TRUE
H7: 1 | I7: Mission.Guide.Title.002 | J7: Mission.Guide.Desc.002 | K7: Equal | L7: CharacterLevelReached | M7: Level : 3 | N7: 1 | O7: Item(1040101001, 1000) | P7: =IF(VLOOKUP(L7,Statistics!B:F,5,FALSE)=0,"",VLOOKUP(L7,Statistics!B:F,5,FALSE)) -> QuickMove0250 | Q7: QuickMove0250
A8: 2105000000003 | B8: 일일 과제 | C8: 2200000000009 | D8: Always() | E8: TRUE
H9: 1 | I9: Mission.Guide.Title.003 | J9: Mission.Guide.Desc.003 | K9: Equal | L9: MissionPoint | M9: MissionPointType : Daily | N9: 10 | O9: Item(1040501001, 1) | P9: =IF(VLOOKUP(L9,Statistics!B:F,5,FALSE)=0,"",VLOOKUP(L9,Statistics!B:F,5,FALSE)) | Q9: QuickMove0350
A10: 2105000000004 | B10: 1-5전투 승리 | C10: 2200000000009 | D10: Always() | E10: TRUE
B11: (5->4) | H11: 1 | I11: Mission.Guide.Title.004 | J11: Mission.Guide.Desc.004 | K11: Equal | L11: StageClear | M11: StageId : 스테이지5 | N11: 1 | O11: Item(1040101001, 2000) | P11: =IF(VLOOKUP(L11,Statistics!B:F,5,FALSE)=0,"",VLOOKUP(L11,Statistics!B:F,5,FALSE)) -> QuickMove0010 | Q11: QuickMove0010
A12: 2105000000005 | B12: 앰브로시아 영입 | C12: 2200000000009 | D12: Always() | E12: TRUE
B13: (6->5) | H13: 1 | I13: Mission.Guide.Title.005 | J13: Mission.Guide.Desc.005 | K13: Equal | L13: CharacterPossess | M13: CharacterId:1010920004 | N13: 1 | O13: Item(1040102001, 30) | P13: =IF(VLOOKUP(L13,Statistics!B:F,5,FALSE)=0,"",VLOOKUP(L13,Statistics!B:F,5,FALSE)) -> QuickMove0110 | Q13: QuickMove0110
A14: 2105000000006 | B14: 1-7전투 승리 | C14: 2200000000009 | D14: Always() | E14: TRUE
B15: (7->6) | H15: 1 | I15: Mission.Guide.Title.006 | J15: Mission.Guide.Desc.006 | K15: Equal | L15: StageClear | M15: StageId : 스테이지7 | N15: 1 | O15: Item(1040501001, 1) | P15: =IF(VLOOKUP(L15,Statistics!B:F,5,FALSE)=0,"",VLOOKUP(L15,Statistics!B:F,5,FALSE)) -> QuickMove0010 | Q15: QuickMove0010
A16: 2105000000007 | B16: 캐릭터 5명 3레벨 강화 | C16: 2200000000009 | D16: Always() | E16: TRUE
B17: (신규) | H17: 1 | I17: Mission.Guide.Title.007 | J17: Mission.Guide.Desc.007 | K17: Equal | L17: CharacterLevelReached | M17: Level : 3 | N17: 5 | O17: Item(1040302001, 2000) | P17: =IF(VLOOKUP(L17,Statistics!B:F,5,FALSE)=0,"",VLOOKUP(L17,Statistics!B:F,5,FALSE)) -> QuickMove0250 | Q17: QuickMove0250
A18: 2105000000008 | B18: 작전 보상 획득 | C18: 2200000000009 | D18: Always() | E18: TRUE
B19: (10->8) | H19: 1 | I19: Mission.Guide.Title.008 | J19: Mission.Guide.Desc.008 | K19: Equal | L19: IdleBattleReward | N19: 1 | O19: Item(1040102001, 30) | P19: =IF(VLOOKUP(L19,Statistics!B:F,5,FALSE)=0,"",VLOOKUP(L19,Statistics!B:F,5,FALSE)) -> QuickMove.IdleBattlePopup | Q19: QuickMove.IdleBattlePopup
A20: 2105000000009 | B20: 동기화 시키기 | C20: 2200000000009 | D20: Always() | E20: TRUE
B21: (20->9) | H21: 1 | I21: Mission.Guide.Title.009 | J21: Mission.Guide.Desc.009 | K21: Equal | L21: TutorialClear | M21: TutorialId:3100000033 | N21: 1 | O21: Item(1040605001, 1) | P21: =IF(VLOOKUP(L21,Statistics!B:F,5,FALSE)=0,"",VLOOKUP(L21,Statistics!B:F,5,FALSE)) -> #N/A | Q21: QuickMove0570
A22: 2105000000010 | B22: 캐릭터 1명 5레벨 강화 | C22: 2200000000009 | D22: Always() | E22: TRUE
B23: (8->10) | H23: 1 | I23: Mission.Guide.Title.010 | J23: Mission.Guide.Desc.010 | K23: Equal | L23: CharacterLevelReached | M23: Level : 5 | N23: 1 | O23: Item(1040501001, 1) | P23: =IF(VLOOKUP(L23,Statistics!B:F,5,FALSE)=0,"",VLOOKUP(L23,Statistics!B:F,5,FALSE)) -> QuickMove0250 | Q23: QuickMove0250
A24: 2105000000011 | B24: 스킬 레벨업 | C24: 2200000000009 | D24: Always() | E24: TRUE
B25: (9->11) | H25: 1 | I25: Mission.Guide.Title.011 | J25: Mission.Guide.Desc.011 | K25: Equal | L25: SkillLvUp | N25: 1 | O25: Item(1040102001, 30) | P25: =IF(VLOOKUP(L25,Statistics!B:F,5,FALSE)=0,"",VLOOKUP(L25,Statistics!B:F,5,FALSE)) -> QuickMove0420 | Q25: QuickMove0420
A26: 2105000000012 | B26: 1-11 전투 승리 | C26: 2200000000009 | D26: Always() | E26: TRUE
B27: (11->12) | H27: 1 | I27: Mission.Guide.Title.012 | J27: Mission.Guide.Desc.012 | K27: Equal | L27: StageClear | M27: StageId : 스테이지11 | N27: 1 | O27: Equipment(1020101002) | P27: =IF(VLOOKUP(L27,Statistics!B:F,5,FALSE)=0,"",VLOOKUP(L27,Statistics!B:F,5,FALSE)) -> QuickMove0010 | Q27: QuickMove0010
A28: 2105000000013 | B28: 장비 착용하기 | C28: 2200000000009 | D28: Always() | E28: TRUE
B29: (12->13) | H29: 1 | I29: Mission.Guide.Title.013 | J29: Mission.Guide.Desc.013 | K29: Equal | L29: ItemEquip | N29: 1 | O29: Item(1040102001, 30) | P29: =IF(VLOOKUP(L29,Statistics!B:F,5,FALSE)=0,"",VLOOKUP(L29,Statistics!B:F,5,FALSE)) -> QuickMove0170 | Q29: QuickMove0170
A30: 2105000000014 | B30: 1-14 전투 승리 | C30: 2200000000009 | D30: Always() | E30: TRUE
B31: (13->14) | H31: 1 | I31: Mission.Guide.Title.014 | J31: Mission.Guide.Desc.014 | K31: Equal | L31: StageClear | M31: StageId : 스테이지14 | N31: 1 | O31: Item(1040501001, 2) | P31: =IF(VLOOKUP(L31,Statistics!B:F,5,FALSE)=0,"",VLOOKUP(L31,Statistics!B:F,5,FALSE)) -> QuickMove0010 | Q31: QuickMove0010
A32: 2105000000015 | B32: 캐릭터 5명 5레벨 강화 | C32: 2200000000009 | D32: Always() | E32: TRUE
B33: (14->15) | H33: 1 | I33: Mission.Guide.Title.015 | J33: Mission.Guide.Desc.015 | K33: Equal | L33: CharacterLevelReached | M33: Level : 5 | N33: 5 | O33: Item(1040102001, 100) | P33: =IF(VLOOKUP(L33,Statistics!B:F,5,FALSE)=0,"",VLOOKUP(L33,Statistics!B:F,5,FALSE)) -> QuickMove0250 | Q33: QuickMove0250
A34: 2105000000016 | B34: 스킬 레벨업 3회 | C34: 2200000000009 | D34: Always() | E34: TRUE
B35: (15->16) | H35: 1 | I35: Mission.Guide.Title.016 | J35: Mission.Guide.Desc.016 | K35: Equal | L35: SkillLvUp | N35: 3 | O35: Item(1040605201, 1) | P35: =IF(VLOOKUP(L35,Statistics!B:F,5,FALSE)=0,"",VLOOKUP(L35,Statistics!B:F,5,FALSE)) -> QuickMove0420 | Q35: QuickMove0420
A36: 2105000000017 | B36: 1-16 전투 승리 | C36: 2200000000009 | D36: Always() | E36: TRUE
B37: (16->17) | H37: 1 | I37: Mission.Guide.Title.017 | J37: Mission.Guide.Desc.017 | K37: Equal | L37: StageClear | M37: StageId : 스테이지16 | N37: 1 | O37: Item(1040302001, 4000) | P37: =IF(VLOOKUP(L37,Statistics!B:F,5,FALSE)=0,"",VLOOKUP(L37,Statistics!B:F,5,FALSE)) -> QuickMove0010 | Q37: QuickMove0010
A38: 2105000000018 | B38: 세라펄사 | C38: 2200000000009 | D38: Always() | E38: TRUE
B39: (17->18) | H39: 1 | I39: Mission.Guide.Title.018 | J39: Mission.Guide.Desc.018 | K39: Equal | L39: CharacterPossess | M39: CharacterId:1010920002 | N39: 1 | O39: Item(1040102001, 30) | P39: =IF(VLOOKUP(L39,Statistics!B:F,5,FALSE)=0,"",VLOOKUP(L39,Statistics!B:F,5,FALSE)) -> QuickMove0110 | Q39: QuickMove0560
A40: 2105000000019 | B40: 캐릭터 3명 7레벨 강화 | C40: 2200000000009 | D40: Always() | E40: TRUE
B41: (18->19) | H41: 1 | I41: Mission.Guide.Title.019 | J41: Mission.Guide.Desc.019 | K41: Equal | L41: CharacterLevelReached | M41: Level : 7 | N41: 3 | O41: Item(1040501001, 2) | P41: =IF(VLOOKUP(L41,Statistics!B:F,5,FALSE)=0,"",VLOOKUP(L41,Statistics!B:F,5,FALSE)) -> QuickMove0250 | Q41: QuickMove0620
A42: 2105000000020 | B42: 1-17 전투 승리 | C42: 2200000000009 | D42: Always() | E42: TRUE
B43: (19->20) | H43: 1 | I43: Mission.Guide.Title.020 | J43: Mission.Guide.Desc.020 | K43: Equal | L43: StageClear | M43: StageId : 스테이지17 | N43: 1 | O43: Item(1040605101, 1) | P43: =IF(VLOOKUP(L43,Statistics!B:F,5,FALSE)=0,"",VLOOKUP(L43,Statistics!B:F,5,FALSE)) -> QuickMove0010 | Q43: QuickMove0010
A44: 2105000000021 | B44: 전술교본 탐색전 승리 | C44: 2200000000009 | D44: Always() | E44: TRUE
H45: 1 | I45: Mission.Guide.Title.021 | J45: Mission.Guide.Desc.021 | K45: Equal | L45: StageClear | M45: StageId : Raid01 | N45: 1 | O45: Equipment(1020101002) | P45: =IF(VLOOKUP(L45,Statistics!B:F,5,FALSE)=0,"",VLOOKUP(L45,Statistics!B:F,5,FALSE)) -> QuickMove0010 | Q45: QuickMove.Raid
A46: 2105000000022 | B46: 캐릭터 1명 9레벨 강화 | C46: 2200000000009 | D46: Always() | E46: TRUE
H47: 1 | I47: Mission.Guide.Title.022 | J47: Mission.Guide.Desc.022 | K47: Equal | L47: CharacterLevelReached | M47: Level : 9 | N47: 1 | O47: Item(1040501001, 1) | P47: =IF(VLOOKUP(L47,Statistics!B:F,5,FALSE)=0,"",VLOOKUP(L47,Statistics!B:F,5,FALSE)) -> QuickMove0250 | Q47: QuickMove0620
A48: 2105000000023 | B48: 1-19 전투 승리 | C48: 2200000000009 | D48: Always() | E48: TRUE
B49: (신규) | H49: 1 | I49: Mission.Guide.Title.023 | J49: Mission.Guide.Desc.023 | K49: Equal | L49: StageClear | M49: StageId : 스테이지19 | N49: 1 | O49: Item(1040102001, 50) | P49: =IF(VLOOKUP(L49,Statistics!B:F,5,FALSE)=0,"",VLOOKUP(L49,Statistics!B:F,5,FALSE)) -> QuickMove0010 | Q49: QuickMove0010
A50: 2105000000024 | B50: 동기화 레벨 9 만들기 | C50: 2200000000009 | D50: Always() | E50: TRUE
H51: 1 | I51: Mission.Guide.Title.024 | J51: Mission.Guide.Desc.024 | K51: Equal | L51: CharacterSyncLevel | N51: 9 | O51: Equipment(1020201001) | P51: =IF(VLOOKUP(L51,Statistics!B:F,5,FALSE)=0,"",VLOOKUP(L51,Statistics!B:F,5,FALSE)) | Q51: QuickMove0570
A52: 2105000000025 | B52: N등급 이상 장비 착용하기 | C52: 2200000000009 | D52: Always() | E52: TRUE
H53: 1 | I53: Mission.Guide.Title.025 | J53: Mission.Guide.Desc.025 | K53: Equal | L53: EquipOverGrade | M53: Grade:N | N53: 1 | O53: Item(1040603006, 1) | P53: =IF(VLOOKUP(L53,Statistics!B:F,5,FALSE)=0,"",VLOOKUP(L53,Statistics!B:F,5,FALSE)) | Q53: QuickMove0170
A54: 2105000000026 | B54: 1-25 전투 승리 | C54: 2200000000009 | D54: Always() | E54: TRUE
H55: 1 | I55: Mission.Guide.Title.026 | J55: Mission.Guide.Desc.026 | K55: Equal | L55: StageClear | M55: StageId : 스테이지25 | N55: 1 | O55: Item(1040302001, 8000) | P55: =IF(VLOOKUP(L55,Statistics!B:F,5,FALSE)=0,"",VLOOKUP(L55,Statistics!B:F,5,FALSE)) -> QuickMove0010 | Q55: QuickMove0010
A56: 2105000000027 | B56: 링크 달성하기 | C56: 2200000000009 | D56: Always() | E56: TRUE
H57: 1 | I57: Mission.Guide.Title.027 | J57: Mission.Guide.Desc.027 | K57: Equal | L57: CharacterLink | N57: 1 | O57: Item(1040501001, 2) | P57: =IF(VLOOKUP(L57,Statistics!B:F,5,FALSE)=0,"",VLOOKUP(L57,Statistics!B:F,5,FALSE)) | Q57: QuickMove0580
A58: 2105000000028 | B58: 동기화 레벨 11 만들기 | C58: 2200000000009 | D58: Always() | E58: TRUE
H59: 1 | I59: Mission.Guide.Title.028 | J59: Mission.Guide.Desc.028 | K59: Equal | L59: CharacterSyncLevel | N59: 11 | O59: Item(1040605301, 1) | P59: =IF(VLOOKUP(L59,Statistics!B:F,5,FALSE)=0,"",VLOOKUP(L59,Statistics!B:F,5,FALSE)) | Q59: QuickMove0570
A60: 2105000000029 | B60: 스킬 레벨업 5회 | C60: 2200000000009 | D60: Always() | E60: TRUE
H61: 1 | I61: Mission.Guide.Title.029 | J61: Mission.Guide.Desc.029 | K61: Equal | L61: SkillLvUp | N61: 5 | O61: Item(1040102001, 50) | P61: =IF(VLOOKUP(L61,Statistics!B:F,5,FALSE)=0,"",VLOOKUP(L61,Statistics!B:F,5,FALSE)) -> QuickMove0420 | Q61: QuickMove0420
A62: 2105000000030 | B62: 1-30 전투 승리 | C62: 2200000000009 | D62: Always() | E62: TRUE
H63: 1 | I63: Mission.Guide.Title.030 | J63: Mission.Guide.Desc.030 | K63: Equal | L63: StageClear | M63: StageId : 스테이지30 | N63: 1 | O63: Item(1040501001, 10) | P63: =IF(VLOOKUP(L63,Statistics!B:F,5,FALSE)=0,"",VLOOKUP(L63,Statistics!B:F,5,FALSE)) -> QuickMove0010 | Q63: QuickMove0010

Sheet MissionCase.7Days
A1: Group | B1: #주석 | C1: Category | D1: NoticeProgress | E1: NoticeComplete | F1: Condition | G1: Ignore | H1: Step | I1: Name | J1: Desc | K1: Continuous | L1: MissionGoal | M1: GoalTarget | N1: GoalCount | O1: Reward | P1: QuickMove
A2: *long | B2: # | C2: $MissionCategory | D2: [dsl] | E2: bool | F2: [dsl] | G2: bool? | H2: int | I2: $Text | J2: $Text | K2: MissionChainingType | L2: StatisticsType | M2: {MissionGoalTargetType : string} | N2: int | O2: [dsl] | P2: $QuickMove?
A3: common | B3: # | C3: common | D3: server | E3: client | F3: common | G3: common | H3: common | I3: client | J3: client | K3: common | L3: common | M3: common | N3: common | O3: common | P3: client
A4: #1일차
A5: 2106000000000 | C5: 2200000000015 | D5: Always() | E5: TRUE
H6: 1 | I6: Mission.Name.Login.Normal | J6: 7Days.Mission.Deec.Dummy | K6: Equal | L6: Login | N6: 1 | O6: Item(1040102001,50) & MissionPoint(Event7Days1, 1)
A7: 2106000000001 | C7: 2200000000015 | D7: Always() | E7: TRUE
H8: 1 | I8: Mission.Name.CharacterLevelReached.15 | J8: 7Days.Mission.Deec.Dummy | K8: Equal | L8: CharacterLevelReached | M8: Level : 15 | N8: 5 | O8: Item(1040102001,50) & MissionPoint(Event7Days1, 1) | P8: QuickMove0250
A9: 2106000000002 | C9: 2200000000015 | D9: Always() | E9: TRUE
H10: 1 | I10: Mission.Name.BossKill.Casandra | J10: 7Days.Mission.Deec.Dummy | K10: Equal | L10: StageClear | M10: StageId : 스테이지16 | N10: 1 | O10: Item(1040602047,1) & MissionPoint(Event7Days1, 1) | P10: QuickMove.MainBattle
A11: 2106000000003 | C11: 2200000000015 | D11: Always() | E11: TRUE
H12: 1 | I12: Mission.Name.StageClear.Raid | J12: 7Days.Mission.Deec.Dummy | K12: Equal | L12: StageClear | M12: ContentsType : Raid | N12: 3 | O12: Item(1040602047,1) & MissionPoint(Event7Days1, 1) | P12: QuickMove.Raid
A13: 2106000000004 | C13: 2200000000015 | D13: Always() | E13: TRUE
H14: 1 | I14: Mission.Name.GraduateAcademy.Basic | J14: 7Days.Mission.Deec.Dummy | K14: Equal | L14: GraduateAcademy | M14: Grade : Spica | N14: 1 | O14: Item(1040604002,10) & MissionPoint(Event7Days1, 1) | P14: QuickMove.Academy.Fuction
A15: #2일차
A16: 2106000000005 | C16: 2200000000016 | D16: MissionElapsed(2200000000015, 1, Const:Server:DefaultResetTime) | E16: TRUE
H17: 1 | I17: Mission.Name.Dispatch | J17: 7Days.Mission.Deec.Dummy | K17: Equal | L17: DispatchFinish | N17: 2 | O17: Item(1040102001,50) & MissionPoint(Event7Days2, 1) | P17: QuickMove0060
A18: 2106000000006 | C18: 2200000000016 | D18: MissionElapsed(2200000000015, 1, Const:Server:DefaultResetTime) | E18: TRUE
H19: 1 | I19: Mission.Name.CharacterGradeUp.Normal | J19: 7Days.Mission.Deec.Dummy | K19: Equal | L19: CharacterGradeUp | N19: 1 | O19: Item(1040102001,50) & MissionPoint(Event7Days2, 1) | P19: QuickMove0660
A20: 2106000000007 | C20: 2200000000016 | D20: MissionElapsed(2200000000015, 1, Const:Server:DefaultResetTime) | E20: TRUE
H21: 1 | I21: Mission.Name.RequestFriend | J21: 7Days.Mission.Deec.Dummy | K21: Equal | L21: RequestFriend | N21: 1 | O21: Item(1040602047,1) & MissionPoint(Event7Days2, 1) | P21: QuickMove0310
A22: 2106000000008 | C22: 2200000000016 | D22: MissionElapsed(2200000000015, 1, Const:Server:DefaultResetTime) | E22: TRUE
H23: 1 | I23: Mission.Name.CharacterLevelReached.30 | J23: 7Days.Mission.Deec.Dummy | K23: Equal | L23: CharacterLevelReached | M23: Level : 30 | N23: 1 | O23: Item(1040604002,10) & MissionPoint(Event7Days2, 1) | P23: QuickMove0250
A24: #3일차
A25: 2106000000009 | C25: 2200000000017 | D25: MissionElapsed(2200000000015, 2, Const:Server:DefaultResetTime) | E25: TRUE
H26: 1 | I26: Mission.Name.MissionPoint.Daily | J26: 7Days.Mission.Deec.Dummy | K26: Equal | L26: MissionPoint | M26: MissionPointType : Daily | N26: 200 | O26: Item(1040102001,50) & MissionPoint(Event7Days3, 1) | P26: QuickMove.DailyMission
A27: 2106000000010 | C27: 2200000000017 | D27: MissionElapsed(2200000000015, 2, Const:Server:DefaultResetTime) | E27: TRUE
H28: 1 | I28: Mission.Name.GraduateAcademy.Basic | J28: 7Days.Mission.Deec.Dummy | K28: Equal | L28: GraduateAcademy | M28: Grade : Spica | N28: 3 | O28: Item(1040102001,50) & MissionPoint(Event7Days3, 1) | P28: QuickMove.Academy.Fuction
A29: 2106000000011 | C29: 2200000000017 | D29: MissionElapsed(2200000000015, 2, Const:Server:DefaultResetTime) | E29: TRUE
H30: 1 | I30: Mission.Name.ArenaVictory.Normal | J30: 7Days.Mission.Deec.Dummy | K30: Equal | L30: ArenaVictory | M30: ArenaType : Normal | N30: 1 | O30: Item(1040603006,1) & MissionPoint(Event7Days3, 1) | P30: QuickMove.Arena
A31: 2106000000012 | C31: 2200000000017 | D31: MissionElapsed(2200000000015, 2, Const:Server:DefaultResetTime) | E31: TRUE
H32: 1 | I32: Mission.Name.GetAcademyTitle | J32: 7Days.Mission.Deec.Dummy | K32: Equal | L32: GetAcademyTitle | M32: Grade : SSR | N32: 3 | O32: Item(1040604002,10) & MissionPoint(Event7Days3, 1) | P32: QuickMove.Academy.Fuction
A33: #4일차
A34: 2106000000013 | C34: 2200000000018 | D34: MissionElapsed(2200000000015, 3, Const:Server:DefaultResetTime) | E34: TRUE
H35: 1 | I35: Mission.Name.RewardCurrency.Friendship | J35: 7Days.Mission.Deec.Dummy | K35: Equal | L35: RewardCurrency | M35: ItemId:1040201001 | N35: 100 | O35: Item(1040102001,50) & MissionPoint(Event7Days4, 1) | P35: QuickMove0310
A36: 2106000000014 | C36: 2200000000018 | D36: MissionElapsed(2200000000015, 3, Const:Server:DefaultResetTime) | E36: TRUE
H37: 1 | I37: Mission.Name.StageClear.Raid | J37: 7Days.Mission.Deec.Dummy | K37: Equal | L37: StageClear | M37: ContentsType : Raid | N37: 10 | O37: Item(1040102001,50) & MissionPoint(Event7Days4, 1) | P37: QuickMove.Raid
A38: 2106000000015 | C38: 2200000000018 | D38: MissionElapsed(2200000000015, 3, Const:Server:DefaultResetTime) | E38: TRUE
H39: 1 | I39: Mission.Name.Chapter4.Clear | J39: 7Days.Mission.Deec.Dummy | K39: Equal | L39: StageClear | M39: StageId : 스테이지91 | N39: 1 | O39: Item(1040604002,10) & MissionPoint(Event7Days4, 1) | P39: QuickMove0010
A40: 2106000000016 | C40: 2200000000018 | D40: MissionElapsed(2200000000015, 3, Const:Server:DefaultResetTime) | E40: TRUE
H41: 1 | I41: Mission.Name.ArenaVictory.Normal | J41: 7Days.Mission.Deec.Dummy | K41: Equal | L41: ArenaVictory | M41: ArenaType : Normal | N41: 3 | O41: Item(1040603007,1) & MissionPoint(Event7Days4, 1) | P41: QuickMove.Arena
A42: #5일차
A43: 2106000000017 | C43: 2200000000019 | D43: MissionElapsed(2200000000015, 4, Const:Server:DefaultResetTime) | E43: TRUE
H44: 1 | I44: Mission.Name.CharacterGradeUp.Normal | J44: 7Days.Mission.Deec.Dummy | K44: Equal | L44: CharacterGradeUp | N44: 3 | O44: Item(1040102001,50) & MissionPoint(Event7Days5, 1) | P44: QuickMove0660
A45: 2106000000018 | C45: 2200000000019 | D45: MissionElapsed(2200000000015, 4, Const:Server:DefaultResetTime) | E45: TRUE
H46: 1 | I46: Mission.Name.MissionPoint.Daily | J46: 7Days.Mission.Deec.Dummy | K46: Equal | L46: MissionPoint | M46: MissionPointType : Daily | N46: 300 | O46: Item(1040102001,50) & MissionPoint(Event7Days5, 1) | P46: QuickMove.DailyMission
A47: 2106000000019 | C47: 2200000000019 | D47: MissionElapsed(2200000000015, 4, Const:Server:DefaultResetTime) | E47: TRUE
H48: 1 | I48: Mission.Name.GraduateAcademy.Basic | J48: 7Days.Mission.Deec.Dummy | K48: Equal | L48: GraduateAcademy | M48: Grade : Spica | N48: 5 | O48: Item(1040603007,1) & MissionPoint(Event7Days5, 1) | P48: QuickMove.Academy.Fuction
A49: 2106000000020 | C49: 2200000000019 | D49: MissionElapsed(2200000000015, 4, Const:Server:DefaultResetTime) | E49: TRUE
H50: 1 | I50: Mission.Name.ArenaVictory.Normal | J50: 7Days.Mission.Deec.Dummy | K50: Equal | L50: ArenaVictory | M50: ArenaType : Normal | N50: 5 | O50: Item(1040604002,10) & MissionPoint(Event7Days5, 1) | P50: QuickMove.Arena
A51: #6일차
A52: 2106000000021 | C52: 2200000000020 | D52: MissionElapsed(2200000000015, 5, Const:Server:DefaultResetTime) | E52: TRUE
H53: 1 | I53: Mission.Name.CharacterLevelReached.50 | J53: 7Days.Mission.Deec.Dummy | K53: Equal | L53: CharacterLevelReached | M53: Level : 50 | N53: 5 | O53: Item(1040102001,50) & MissionPoint(Event7Days6, 1) | P53: QuickMove0250
A54: 2106000000022 | C54: 2200000000020 | D54: MissionElapsed(2200000000015, 5, Const:Server:DefaultResetTime) | E54: TRUE
H55: 1 | I55: Mission.Name.StageClear.GuildOperation | J55: 7Days.Mission.Deec.Dummy | K55: Equal | L55: StageClear | M55: ContentsType : GuildOperation | N55: 6 | O55: Item(1040102001,50) & MissionPoint(Event7Days6, 1) | P55: QuickMove.GuildOperation
A56: 2106000000023 | C56: 2200000000020 | D56: MissionElapsed(2200000000015, 5, Const:Server:DefaultResetTime) | E56: TRUE
H57: 1 | I57: Mission.Name.Chapter5.Clear | J57: 7Days.Mission.Deec.Dummy | K57: Equal | L57: StageClear | M57: StageId : 스테이지126 | N57: 1 | O57: Item(1040603007,1) & MissionPoint(Event7Days6, 1) | P57: QuickMove0010
A58: 2106000000024 | C58: 2200000000020 | D58: MissionElapsed(2200000000015, 5, Const:Server:DefaultResetTime) | E58: TRUE
H59: 1 | I59: Mission.Name.ArenaVictory.Normal | J59: 7Days.Mission.Deec.Dummy | K59: Equal | L59: ArenaVictory | M59: ArenaType : Normal | N59: 8 | O59: Item(1040603007,1) & MissionPoint(Event7Days6, 1) | P59: QuickMove.Arena
A60: #7일차
A61: 2106000000025 | C61: 2200000000021 | D61: MissionElapsed(2200000000015, 6, Const:Server:DefaultResetTime) | E61: TRUE
H62: 1 | I62: Mission.Name.CharacterGradeUp.Normal | J62: 7Days.Mission.Deec.Dummy | K62: Equal | L62: CharacterGradeUp | N62: 5 | O62: Item(1040102001,50) & MissionPoint(Event7Days7, 1) | P62: QuickMove0660
A63: 2106000000026 | C63: 2200000000021 | D63: MissionElapsed(2200000000015, 6, Const:Server:DefaultResetTime) | E63: TRUE
H64: 1 | I64: Mission.Name.PluginPromote | J64: 7Days.Mission.Deec.Dummy | K64: Equal | L64: PluginPromote | N64: 2 | O64: Item(1040102001,50) & MissionPoint(Event7Days7, 1) | P64: QuickMove.Plugin
A65: 2106000000027 | C65: 2200000000021 | D65: MissionElapsed(2200000000015, 6, Const:Server:DefaultResetTime) | E65: TRUE
H66: 1 | I66: Mission.Name.PluginLvUp | J66: 7Days.Mission.Desc.5.3 | K66: Equal | L66: PluginLvUp | N66: 2 | O66: Item(1040102001,50) & MissionPoint(Event7Days7, 1) | P66: QuickMove.Plugin
A67: 2106000000028 | C67: 2200000000021 | D67: MissionElapsed(2200000000015, 6, Const:Server:DefaultResetTime) | E67: TRUE
H68: 1 | I68: Mission.Name.Chapter6.Clear | J68: 7Days.Mission.Deec.Dummy | K68: Equal | L68: StageClear | M68: StageId : 스테이지166 | N68: 1 | O68: Item(1040603022,1) & MissionPoint(Event7Days7, 1) | P68: QuickMove0010
A69: #매일달성보상
A70: 2106000000029 | C70: 2200000000022 | D70: Always() | E70: FALSE
H71: 1 | I71: Mission.7Days.1Day.Complete | J71: Mission.7Days.1Day.Complete | K71: Equal | L71: MissionPoint | M71: MissionPointType : Event7Days1 | N71: 5 | O71: Item(1040413005, 50)
A72: 2106000000030 | C72: 2200000000023 | D72: MissionElapsed(2200000000015, 1, Const:Server:DefaultResetTime) | E72: FALSE
H73: 1 | I73: Mission.7Days.2Day.Complete | J73: Mission.7Days.2Day.Complete | K73: Equal | L73: MissionPoint | M73: MissionPointType : Event7Days2 | N73: 4 | O73: Item(1040501001, 10)
A74: 2106000000031 | C74: 2200000000024 | D74: MissionElapsed(2200000000015, 2, Const:Server:DefaultResetTime) | E74: FALSE
H75: 1 | I75: Mission.7Days.3Day.Complete | J75: Mission.7Days.3Day.Complete | K75: Equal | L75: MissionPoint | M75: MissionPointType : Event7Days3 | N75: 4 | O75: Item(1040501101, 10)
A76: 2106000000032 | C76: 2200000000025 | D76: MissionElapsed(2200000000015, 3, Const:Server:DefaultResetTime) | E76: FALSE
H77: 1 | I77: Mission.7Days.4Day.Complete | J77: Mission.7Days.4Day.Complete | K77: Equal | L77: MissionPoint | M77: MissionPointType : Event7Days4 | N77: 4 | O77: Item(1040102001, 1000)
A78: 2106000000033 | C78: 2200000000026 | D78: MissionElapsed(2200000000015, 4, Const:Server:DefaultResetTime) | E78: FALSE
H79: 1 | I79: Mission.7Days.5Day.Complete | J79: Mission.7Days.5Day.Complete | K79: Equal | L79: MissionPoint | M79: MissionPointType : Event7Days5 | N79: 4 | O79: Item(1040501001, 10)
A80: 2106000000034 | C80: 2200000000027 | D80: MissionElapsed(2200000000015, 5, Const:Server:DefaultResetTime) | E80: FALSE
H81: 1 | I81: Mission.7Days.6Day.Complete | J81: Mission.7Days.6Day.Complete | K81: Equal | L81: MissionPoint | M81: MissionPointType : Event7Days6 | N81: 4 | O81: Item(1040501101, 10)
A82: 2106000000035 | C82: 2200000000028 | D82: MissionElapsed(2200000000015, 6, Const:Server:DefaultResetTime) | E82: FALSE
H83: 1 | I83: Mission.7Days.7Day.Complete | J83: Mission.7Days.7Day.Complete | K83: Equal | L83: MissionPoint | M83: MissionPointType : Event7Days7 | N83: 4 | O83: Item(1040413005, 50)

Sheet #MissionCase.7Days
A1: Group | B1: #주석 | C1: Category | D1: NoticeProgress | E1: NoticeComplete | F1: Condition | G1: Ignore | H1: Step | I1: Name | J1: Desc | K1: Continuous | L1: MissionGoal | M1: GoalTarget | N1: GoalCount | O1: Reward | P1: QuickMove
A2: *long | B2: # | C2: $MissionCategory | D2: [dsl] | E2: bool | F2: [dsl] | G2: bool? | H2: int | I2: $Text | J2: $Text | K2: MissionChainingType | L2: StatisticsType | M2: {MissionGoalTargetType : string} | N2: int | O2: [dsl] | P2: $QuickMove?
A3: common | B3: # | C3: common | D3: server | E3: client | F3: common | G3: common | H3: common | I3: client | J3: client | K3: common | L3: common | M3: common | N3: common | O3: common | P3: client
A4: #1일차
A5: 2106000000000 | C5: 2200000000015 | D5: Always() | E5: TRUE
H6: 1 | I6: Mission.Name.Login.Normal | J6: 7Days.Mission.Desc.1.1 | K6: Equal | L6: Login | N6: 1 | O6: Item(1040102001,50) & MissionPoint(Event7Days1, 1)
A7: 2106000000001 | C7: 2200000000015 | D7: Always() | E7: TRUE
H8: 1 | I8: Mission.7Days.1Day.3 | J8: 7Days.Mission.Desc.1.3 | K8: Equal | L8: CharacterLevelReached | M8: Level : 20 | N8: 1 | O8: Item(1040102001,50) & MissionPoint(Event7Days1, 1) | P8: QuickMove.Raid
A9: 2106000000002 | C9: 2200000000015 | D9: Always() | E9: TRUE
H10: 1 | I10: Mission.7Days.1Day.5 | J10: 7Days.Mission.Desc.1.5 | K10: Equal | L10: StageClear | M10: StageId : 스테이지16 | N10: 1 | O10: Item(1040102001,100) & MissionPoint(Event7Days1, 1) | P10: QuickMove0250
A11: 2106000000003 | C11: 2200000000015 | D11: Always() | E11: TRUE
H12: 1 | I12: Main.Mission.30.1 | J12: Main.Mission.30.1 | K12: Equal | L12: MaxStageClear | M12: ContentsType : DataTower | N12: 5 | O12: Item(1040605301,1) & MissionPoint(Event7Days1, 1) | P12: QuickMove.Academy.Fuction
A13: 2106000000004 | C13: 2200000000015 | D13: Always() | E13: TRUE
H14: 1 | I14: Mission.7Days.1Day.2 | J14: Daily.Mission.50 | K14: Equal | L14: StagePlay | M14: ContentsType : Raid | N14: 6 | O14: Item(1040603006,1) & MissionPoint(Event7Days1, 1) | P14: QuickMove.MainBattle
A15: 2106000000005 | C15: 2200000000015 | D15: Always() | E15: TRUE
H16: 1 | I16: Daily.Mission.140 | J16: Daily.Mission.140 | K16: Equal | L16: PluginLvUp | N16: 1 | O16: Item(1040605301,1) & MissionPoint(Event7Days1, 1) | P16: QuickMove.MainBattle
A17: 2106000000006 | C17: 2200000000015 | D17: Always() | E17: TRUE
H18: 1 | I18: Mission.7Days.1Day.5 | J18: 7Days.Mission.Desc.1.5 | K18: Equal | L18: StageClear | M18: StageId : 스테이지36 | N18: 1 | O18: Item(1040413005,50) & MissionPoint(Event7Days1, 1) | P18: QuickMove.MainBattle
A19: #2일차
A20: 2106000000007 | C20: 2200000000016 | D20: MissionElapsed(2200000000015, 1, Const:Server:DefaultResetTime) | E20: TRUE
H21: 1 | I21: Mission.Name.Login.Normal | J21: 7Days.Mission.Desc.2.1 | K21: Equal | L21: Login | N21: 2 | O21: Item(1040102001,50) & MissionPoint(Event7Days2, 1)
A22: 2106000000008 | C22: 2200000000016 | D22: MissionElapsed(2200000000015, 1, Const:Server:DefaultResetTime) | E22: TRUE
H23: 1 | I23: Mission.Name.CharacterGradeUp.Normal | J23: 7Days.Mission.Desc.2.2 | K23: Equal | L23: CharacterGradeUp | N23: 1 | O23: Item(1040102001,50) & MissionPoint(Event7Days2, 1) | P23: QuickMove0660
A24: 2106000000009 | C24: 2200000000016 | D24: MissionElapsed(2200000000015, 1, Const:Server:DefaultResetTime) | E24: TRUE
H25: 1 | I25: Record.Mission.Newbie.10.1 | J25: Record.Mission.Newbie.Desc.10.1 | K25: Equal | L25: MissionPoint | M25: MissionPointType : Daily | N25: 50 | O25: Item(1040102001,100) & MissionPoint(Event7Days2, 1) | P25: QuickMove.Mission
A26: 2106000000010 | C26: 2200000000016 | D26: MissionElapsed(2200000000015, 1, Const:Server:DefaultResetTime) | E26: TRUE
H27: 1 | I27: Mission.Name.GraduateAcademy.Basic | J27: 7Days.Mission.Desc.3.4 | K27: Equal | L27: GraduateAcademy | M27: Grade : Spica | N27: 3 | O27: Item(1040605301,1) & MissionPoint(Event7Days2, 1) | P27: QuickMove.Academy.Fuction
A28: 2106000000011 | C28: 2200000000016 | D28: MissionElapsed(2200000000015, 1, Const:Server:DefaultResetTime) | E28: TRUE
H29: 1 | I29: Mission.7Days.2Day.5 | J29: 7Days.Mission.Desc.2.5 | K29: Equal | L29: CharacterLevelReached | M29: Level : 30 | N29: 5 | O29: Item(1040605301,1) & MissionPoint(Event7Days2, 1) | P29: QuickMove0250
A30: 2106000000012 | C30: 2200000000016 | D30: MissionElapsed(2200000000015, 1, Const:Server:DefaultResetTime) | E30: TRUE
H31: 1 | I31: Mission.7Days.2Day.5 | J31: 7Days.Mission.Desc.2.5 | K31: Equal | L31: CharacterLevelReached | M31: Level : 30 | N31: 5 | O31: Item(1040604002,10) & MissionPoint(Event7Days2, 1) | P31: QuickMove0250
A32: 2106000000013 | C32: 2200000000016 | D32: MissionElapsed(2200000000015, 1, Const:Server:DefaultResetTime) | E32: TRUE
H33: 1 | I33: Mission.7Days.2Day.5 | J33: 7Days.Mission.Desc.2.5 | K33: Equal | L33: CharacterLevelReached | M33: Level : 30 | N33: 5 | O33: Item(1040603007,1) & MissionPoint(Event7Days2, 1) | P33: QuickMove0250
A34: #3일차
A35: 2106000000014 | C35: 2200000000017 | D35: MissionElapsed(2200000000015, 2, Const:Server:DefaultResetTime) | E35: TRUE
H36: 1 | I36: Mission.Name.ArenaVictory.Normal | J36: 7Days.Mission.Desc.3.1 | K36: Equal | L36: ArenaVictory | M36: ArenaType : Normal | N36: 1 | O36: Item(1040102001,50) & MissionPoint(Event7Days3, 1) | P36: QuickMove.Arena
A37: 2106000000015 | C37: 2200000000017 | D37: MissionElapsed(2200000000015, 2, Const:Server:DefaultResetTime) | E37: TRUE
H38: 1 | I38: Mission.Name.Dispatch | J38: 7Days.Mission.Desc.3.3 | K38: Equal | L38: DispatchFinish | N38: 5 | O38: Item(1040102001,100) & MissionPoint(Event7Days3, 1) | P38: QuickMove.Dispatch.Fuction
A39: 2106000000016 | C39: 2200000000017 | D39: MissionElapsed(2200000000015, 2, Const:Server:DefaultResetTime) | E39: TRUE
H40: 1 | I40: Mission.Name.GraduateAcademy.Basic | J40: 7Days.Mission.Desc.3.4 | K40: Equal | L40: GraduateAcademy | M40: Grade : Spica | N40: 5 | O40: Item(1040102001,100) & MissionPoint(Event7Days3, 1) | P40: QuickMove.Academy.Fuction
A41: 2106000000017 | C41: 2200000000017 | D41: MissionElapsed(2200000000015, 2, Const:Server:DefaultResetTime) | E41: TRUE
H42: 1 | I42: Record.Mission.Newbie.10.1 | J42: Record.Mission.Newbie.Desc.10.1 | K42: Equal | L42: MissionPoint | M42: MissionPointType : Daily | N42: 100 | O42: Item(1040604002,10) & MissionPoint(Event7Days3, 1) | P42: QuickMove.Mission
A43: 2106000000018 | C43: 2200000000017 | D43: MissionElapsed(2200000000015, 2, Const:Server:DefaultResetTime) | E43: TRUE
H44: 1 | I44: Record.Mission.Newbie.10.1 | J44: Record.Mission.Newbie.Desc.10.1 | K44: Equal | L44: MissionPoint | M44: MissionPointType : Daily | N44: 100 | O44: Item(1040605301,1) & MissionPoint(Event7Days3, 1) | P44: QuickMove.Mission
A45: 2106000000019 | C45: 2200000000017 | D45: MissionElapsed(2200000000015, 2, Const:Server:DefaultResetTime) | E45: TRUE
H46: 1 | I46: Record.Mission.Newbie.10.1 | J46: Record.Mission.Newbie.Desc.10.1 | K46: Equal | L46: MissionPoint | M46: MissionPointType : Daily | N46: 100 | O46: Item(1040605311,1) & MissionPoint(Event7Days3, 1) | P46: QuickMove.Mission
A47: 2106000000020 | C47: 2200000000017 | D47: MissionElapsed(2200000000015, 2, Const:Server:DefaultResetTime) | E47: TRUE
H48: 1 | I48: Record.Mission.Newbie.10.1 | J48: Record.Mission.Newbie.Desc.10.1 | K48: Equal | L48: MissionPoint | M48: MissionPointType : Daily | N48: 100 | O48: Item(1040603008,1) & MissionPoint(Event7Days3, 1) | P48: QuickMove.Mission
A49: #4일차
A50: 2106000000021 | C50: 2200000000018 | D50: MissionElapsed(2200000000015, 3, Const:Server:DefaultResetTime) | E50: TRUE
H51: 1 | I51: Mission.Name.ArenaVictory.Normal | J51: 7Days.Mission.Desc.4.1 | K51: Equal | L51: ArenaVictory | M51: ArenaType : Normal | N51: 3 | O51: Item(1040102001,50) & MissionPoint(Event7Days4, 1) | P51: QuickMove.Arena
A52: 2106000000022 | C52: 2200000000018 | D52: MissionElapsed(2200000000015, 3, Const:Server:DefaultResetTime) | E52: TRUE
H53: 1 | I53: Mission.Name.PluginPromote | J53: 7Days.Mission.Desc.4.3 | K53: Equal | L53: PluginPromote | N53: 1 | O53: Item(1040102001,100) & MissionPoint(Event7Days4, 1) | P53: QuickMove.Plugin
A54: 2106000000023 | C54: 2200000000018 | D54: MissionElapsed(2200000000015, 3, Const:Server:DefaultResetTime) | E54: TRUE
H55: 1 | I55: Daily.Mission.50 | J55: Daily.Mission.50 | K55: Equal | L55: StagePlay | M55: ContentsType : Raid | N55: 10 | O55: Item(1040102001,100) & MissionPoint(Event7Days4, 1) | P55: QuickMove.Raid
A56: 2106000000024 | C56: 2200000000018 | D56: MissionElapsed(2200000000015, 3, Const:Server:DefaultResetTime) | E56: TRUE
H57: 1 | I57: Main.Mission.150 | J57: 7Days.Mission.Desc.4.5 | K57: Equal | L57: RewardCurrency | M57: ItemId : 1040201001 | N57: 100 | O57: Item(1040605311,3) & MissionPoint(Event7Days4, 1) | P57: QuickMove0310
A58: 2106000000025 | C58: 2200000000018 | D58: MissionElapsed(2200000000015, 3, Const:Server:DefaultResetTime) | E58: TRUE
H59: 1 | I59: Main.Mission.150 | J59: 7Days.Mission.Desc.4.5 | K59: Equal | L59: RewardCurrency | M59: ItemId : 1040201001 | N59: 100 | O59: Item(1040604002,10) & MissionPoint(Event7Days4, 1) | P59: QuickMove0310
A60: 2106000000026 | C60: 2200000000018 | D60: MissionElapsed(2200000000015, 3, Const:Server:DefaultResetTime) | E60: TRUE
H61: 1 | I61: Main.Mission.150 | J61: 7Days.Mission.Desc.4.5 | K61: Equal | L61: RewardCurrency | M61: ItemId : 1040201001 | N61: 100 | O61: Item(1040603009,1) & MissionPoint(Event7Days4, 1) | P61: QuickMove0310
A62: 2106000000027 | C62: 2200000000018 | D62: MissionElapsed(2200000000015, 3, Const:Server:DefaultResetTime) | E62: TRUE
H63: 1 | I63: Main.Mission.150 | J63: 7Days.Mission.Desc.4.5 | K63: Equal | L63: RewardCurrency | M63: ItemId : 1040201001 | N63: 100 | O63: Item(1040603021,2) & MissionPoint(Event7Days4, 1) | P63: QuickMove0310
A64: #5일차
A65: 2106000000028 | C65: 2200000000019 | D65: MissionElapsed(2200000000015, 4, Const:Server:DefaultResetTime) | E65: TRUE
H66: 1 | I66: Mission.Name.ArenaVictory.Normal | J66: 7Days.Mission.Desc.5.1 | K66: Equal | L66: ArenaVictory | M66: ArenaType : Normal | N66: 5 | O66: Item(1040102001,50) & MissionPoint(Event7Days5, 1) | P66: QuickMove.Arena
A67: 2106000000029 | C67: 2200000000019 | D67: MissionElapsed(2200000000015, 4, Const:Server:DefaultResetTime) | E67: TRUE
H68: 1 | I68: Mission.Name.PluginDevelopment | J68: 7Days.Mission.Desc.5.3 | K68: Equal | L68: StartPluginDevelopment | N68: 2 | O68: Item(1040102001,100) & MissionPoint(Event7Days5, 1) | P68: QuickMove0100
A69: 2106000000030 | C69: 2200000000019 | D69: MissionElapsed(2200000000015, 4, Const:Server:DefaultResetTime) | E69: TRUE
H70: 1 | I70: Mission.Name.TryOptimization | J70: Mission.Name.TryOptimization | K70: Equal | L70: TryOptimization | N70: 3 | O70: Item(1040102001,100) & MissionPoint(Event7Days5, 1) | P70: QuickMove0430
A71: 2106000000031 | C71: 2200000000019 | D71: MissionElapsed(2200000000015, 4, Const:Server:DefaultResetTime) | E71: TRUE
H72: 1 | I72: Mission.Name.CharacterGradeUp.Normal | J72: 7Days.Mission.Desc.5.5 | K72: Equal | L72: CharacterGradeUp | N72: 3 | O72: Item(1040603021,1) & MissionPoint(Event7Days5, 1) | P72: QuickMove0660
A73: 2106000000032 | C73: 2200000000019 | D73: MissionElapsed(2200000000015, 4, Const:Server:DefaultResetTime) | E73: TRUE
H74: 1 | I74: Mission.Name.CharacterGradeUp.Normal | J74: 7Days.Mission.Desc.5.5 | K74: Equal | L74: CharacterGradeUp | N74: 3 | O74: Item(1040605311,3) & MissionPoint(Event7Days5, 1) | P74: QuickMove0660
A75: 2106000000033 | C75: 2200000000019 | D75: MissionElapsed(2200000000015, 4, Const:Server:DefaultResetTime) | E75: TRUE
H76: 1 | I76: Mission.Name.CharacterGradeUp.Normal | J76: 7Days.Mission.Desc.5.5 | K76: Equal | L76: CharacterGradeUp | N76: 3 | O76: Item(1040604002,10) & MissionPoint(Event7Days5, 1) | P76: QuickMove0660
A77: 2106000000034 | C77: 2200000000019 | D77: MissionElapsed(2200000000015, 4, Const:Server:DefaultResetTime) | E77: TRUE
H78: 1 | I78: Mission.Name.CharacterGradeUp.Normal | J78: 7Days.Mission.Desc.5.5 | K78: Equal | L78: CharacterGradeUp | N78: 3 | O78: Item(1040603009,1) & MissionPoint(Event7Days5, 1) | P78: QuickMove0660
A79: #6일차
A80: 2106000000035 | C80: 2200000000020 | D80: MissionElapsed(2200000000015, 5, Const:Server:DefaultResetTime) | E80: TRUE
H81: 1 | I81: Mission.Name.ArenaVictory.Normal | J81: 7Days.Mission.Desc.6.1 | K81: Equal | L81: ArenaVictory | M81: ArenaType : Normal | N81: 8 | O81: Item(1040102001,50) & MissionPoint(Event7Days6, 1) | P81: QuickMove.Arena
A82: 2106000000036 | C82: 2200000000020 | D82: MissionElapsed(2200000000015, 5, Const:Server:DefaultResetTime) | E82: TRUE
H83: 1 | I83: Mission.Name.StagePlay.GuildOperation | J83: 7Days.Mission.Desc.6.3 | K83: Equal | L83: StagePlay | M83: ContentsType : GuildOperation | N83: 6 | O83: Item(1040102001,100) & MissionPoint(Event7Days6, 1) | P83: QuickMove0400
A84: 2106000000037 | C84: 2200000000020 | D84: MissionElapsed(2200000000015, 5, Const:Server:DefaultResetTime) | E84: TRUE
H85: 1 | I85: Mission.7Days.6Day.4 | J85: 7Days.Mission.Desc.6.4 | K85: Equal | L85: CharacterLevelReached | M85: Level : 50 | N85: 5 | O85: Item(1040102001,100) & MissionPoint(Event7Days6, 1) | P85: QuickMove0250
A86: 2106000000038 | C86: 2200000000020 | D86: MissionElapsed(2200000000015, 5, Const:Server:DefaultResetTime) | E86: TRUE
H87: 1 | I87: Mission.7Days.6Day.5 | J87: 7Days.Mission.Desc.6.5 | K87: Equal | L87: MaxStageClear | M87: StageId : 스테이지150 | N87: 15 | O87: Item(1040504011,3) & MissionPoint(Event7Days6, 1) | P87: QuickMove.MainBattle
A88: 2106000000039 | C88: 2200000000020 | D88: MissionElapsed(2200000000015, 5, Const:Server:DefaultResetTime) | E88: TRUE
H89: 1 | I89: Mission.7Days.6Day.5 | J89: 7Days.Mission.Desc.6.5 | K89: Equal | L89: MaxStageClear | M89: StageId : 스테이지150 | N89: 15 | O89: Item(1040605321,2) & MissionPoint(Event7Days6, 1) | P89: QuickMove.MainBattle
A90: 2106000000040 | C90: 2200000000020 | D90: MissionElapsed(2200000000015, 5, Const:Server:DefaultResetTime) | E90: TRUE
H91: 1 | I91: Mission.7Days.6Day.5 | J91: 7Days.Mission.Desc.6.5 | K91: Equal | L91: MaxStageClear | M91: StageId : 스테이지150 | N91: 15 | O91: Item(1040604002,10) & MissionPoint(Event7Days6, 1) | P91: QuickMove.MainBattle
A92: 2106000000041 | C92: 2200000000020 | D92: MissionElapsed(2200000000015, 5, Const:Server:DefaultResetTime) | E92: TRUE
H93: 1 | I93: Mission.7Days.6Day.5 | J93: 7Days.Mission.Desc.6.5 | K93: Equal | L93: MaxStageClear | M93: StageId : 스테이지150 | N93: 15 | O93: Item(1040602087,1) & MissionPoint(Event7Days6, 1) | P93: QuickMove.MainBattle
A94: #7일차
A95: 2106000000042 | C95: 2200000000021 | D95: MissionElapsed(2200000000015, 6, Const:Server:DefaultResetTime) | E95: TRUE
H96: 1 | I96: Mission.Name.PluginPromote | J96: 7Days.Mission.Desc.7.2 | K96: Equal | L96: PluginPromote | N96: 2 | O96: Item(1040102001,50) & MissionPoint(Event7Days7, 1) | P96: QuickMove.Plugin
A97: 2106000000043 | C97: 2200000000021 | D97: MissionElapsed(2200000000015, 6, Const:Server:DefaultResetTime) | E97: TRUE
H98: 1 | I98: Mission.Name.CharacterGradeUp.Normal | J98: 7Days.Mission.Desc.7.3 | K98: Equal | L98: CharacterGradeUp | N98: 5 | O98: Item(1040102001,100) & MissionPoint(Event7Days7, 1) | P98: QuickMove0660
A99: 2106000000044 | C99: 2200000000021 | D99: MissionElapsed(2200000000015, 6, Const:Server:DefaultResetTime) | E99: TRUE
H100: 1 | I100: Mission.Name.GraduateAcademy.Advanced | J100: 7Days.Mission.Desc.7.4 | K100: Equal | L100: GraduateAcademy | M100: Grade : Altair | N100: 3 | O100: Item(1040102001,100) & MissionPoint(Event7Days7, 1) | P100: QuickMove.Academy.Fuction
...

Sheet MissionCase.Recommend
A1: Group | B1: #주석 | C1: Category | D1: NoticeProgress | E1: NoticeComplete | F1: Condition | G1: Ignore | H1: Step | I1: Name | J1: Desc | K1: Continuous | L1: # | M1: MissionGoal | N1: # | O1: GoalTarget | P1: GoalCount | Q1: Reward | S1: QuickMove
A2: *long | B2: # | C2: $MissionCategory | D2: [dsl] | E2: bool | F2: [dsl] | G2: bool? | H2: int | I2: $Text | J2: $Text | K2: MissionChainingType | L2: # | M2: StatisticsType | N2: # | O2: {MissionGoalTargetType : string} | P2: int | Q2: [dsl] | S2: $QuickMove?
A3: common | B3: # | C3: common | D3: server | E3: client | F3: common | G3: common | H3: common | I3: client | J3: client | K3: common | L3: # | M3: common | N3: # | O3: common | P3: common | Q3: common | S3: client
A4: #2섹터
A5: 2109000000000 | C5: 2200000000037 | D5: StageClear(스테이지16) | E5: TRUE
H6: 1 | I6: Recommend.Mission.Title.1.1 | J6: Recommend.Mission.Title.1.1 | K6: Equal | L6: 상점구매 | M6: =VLOOKUP(L6,Statistics!A:F,2,FALSE) -> ShopPurchase | N6: =IF(VLOOKUP(M6,Statistics!B:F,4,FALSE)=0,"",VLOOKUP(M6,Statistics!B:F,4,FALSE)) -> ShopCategory : (상점 ID) [2600000000000:기본] | O6: ShopCategory : 2600000000000 | P6: 1 | Q6: Item(1040102001, 200) & MissionPoint(Recommend1, 1) | R6: =IF(VLOOKUP(M6,Statistics!B:F,5,FALSE)=0,"",VLOOKUP(M6,Statistics!B:F,5,FALSE)) -> QuickMove.Starbeat.Shop | S6: QuickMove.Starbeat.Shop
A7: 2109000000001 | C7: 2200000000037 | D7: StageClear(스테이지16) | E7: TRUE
H8: 1 | I8: Recommend.Mission.Title.1.2 | J8: Recommend.Mission.Title.1.2 | K8: Equal | L8: 호감도 레벨 상승 | M8: =VLOOKUP(L8,Statistics!A:F,2,FALSE) -> FavorLevelUp | N8: =IF(VLOOKUP(M8,Statistics!B:F,4,FALSE)=0,"",VLOOKUP(M8,Statistics!B:F,4,FALSE)) | P8: 1 | Q8: Item(1040102001, 200) & MissionPoint(Recommend1, 1) | R8: =IF(VLOOKUP(M8,Statistics!B:F,5,FALSE)=0,"",VLOOKUP(M8,Statistics!B:F,5,FALSE)) -> QuickMove.Favorability | S8: QuickMove.Favorability
A9: 2109000000002 | C9: 2200000000037 | D9: StageClear(스테이지16) | E9: TRUE
H10: 1 | I10: Recommend.Mission.Title.1.3 | J10: Recommend.Mission.Title.1.3 | K10: Equal | L10: 최고스테이지클리어 | M10: =VLOOKUP(L10,Statistics!A:F,2,FALSE) -> MaxStageClear | N10: =IF(VLOOKUP(M10,Statistics!B:F,4,FALSE)=0,"",VLOOKUP(M10,Statistics!B:F,4,FALSE)) -> ContentsType : DataTower / Raid StageId : Raid01 | O10: ContentsType : DataTower | P10: 1 | Q10: Item(1040501001, 1) & MissionPoint(Recommend1, 1) | R10: =IF(VLOOKUP(M10,Statistics!B:F,5,FALSE)=0,"",VLOOKUP(M10,Statistics!B:F,5,FALSE)) -> QuickMove.DataTower QuickMove.Raid | S10: QuickMove.DataTower
A11: 2109000000003 | C11: 2200000000037 | D11: StageClear(스테이지16) | E11: TRUE
H12: 1 | I12: Recommend.Mission.Title.1.4 | J12: Recommend.Mission.Title.1.4 | K12: Equal | L12: 스테이지클리어 | M12: =VLOOKUP(L12,Statistics!A:F,2,FALSE) -> StageClear | N12: =IF(VLOOKUP(M12,Statistics!B:F,4,FALSE)=0,"",VLOOKUP(M12,Statistics!B:F,4,FALSE)) -> StageId : 스테이지(숫자) | O12: ContentsType : Raid StageId : Raid01 | P12: 1 | Q12: Item(1040501001, 1) & MissionPoint(Recommend1, 1) | R12: =IF(VLOOKUP(M12,Statistics!B:F,5,FALSE)=0,"",VLOOKUP(M12,Statistics!B:F,5,FALSE)) -> QuickMove0010 | S12: QuickMove.Raid
A13: 2109000000004 | C13: 2200000000037 | D13: StageClear(스테이지16) | E13: TRUE
H14: 1 | I14: Recommend.Mission.Title.1.5 | J14: Recommend.Mission.Title.1.5 | K14: Equal | L14: 스테이지클리어 | M14: =VLOOKUP(L14,Statistics!A:F,2,FALSE) -> StageClear | N14: =IF(VLOOKUP(M14,Statistics!B:F,4,FALSE)=0,"",VLOOKUP(M14,Statistics!B:F,4,FALSE)) -> StageId : 스테이지(숫자) | O14: ContentsType : Raid StageId : Raid02 | P14: 1 | Q14: Item(1040501001, 1) & MissionPoint(Recommend1, 1) | R14: =IF(VLOOKUP(M14,Statistics!B:F,5,FALSE)=0,"",VLOOKUP(M14,Statistics!B:F,5,FALSE)) -> QuickMove0010 | S14: QuickMove.Raid
A15: 2109000000005 | C15: 2200000000037 | D15: StageClear(스테이지16) | E15: TRUE
H16: 1 | I16: Recommend.Mission.Title.1.6 | J16: Recommend.Mission.Title.1.6 | K16: Equal | L16: 용병등록 | M16: =VLOOKUP(L16,Statistics!A:F,2,FALSE) -> MercenaryRegistration | N16: =IF(VLOOKUP(M16,Statistics!B:F,4,FALSE)=0,"",VLOOKUP(M16,Statistics!B:F,4,FALSE)) | P16: 1 | Q16: Item(1040102001, 200) & MissionPoint(Recommend1, 1) | R16: =IF(VLOOKUP(M16,Statistics!B:F,5,FALSE)=0,"",VLOOKUP(M16,Statistics!B:F,5,FALSE)) -> QuickMove0670 | S16: QuickMove0670
A17: 2109000000006 | C17: 2200000000037 | D17: StageClear(스테이지16) | E17: TRUE
H18: 1 | I18: Recommend.Mission.Title.1.7 | J18: Recommend.Mission.Title.1.7 | K18: Equal | L18: 용병고용 | M18: =VLOOKUP(L18,Statistics!A:F,2,FALSE) -> UseMercenary | N18: =IF(VLOOKUP(M18,Statistics!B:F,4,FALSE)=0,"",VLOOKUP(M18,Statistics!B:F,4,FALSE)) | P18: 1 | Q18: Item(1040605011, 1) & MissionPoint(Recommend1, 1) | R18: =IF(VLOOKUP(M18,Statistics!B:F,5,FALSE)=0,"",VLOOKUP(M18,Statistics!B:F,5,FALSE)) -> QuickMove0010 | S18: QuickMove0010
A19: 2109000000007 | C19: 2200000000037 | D19: StageClear(스테이지16) | E19: TRUE
H20: 1 | I20: Recommend.Mission.Title.1.8 | J20: Recommend.Mission.Title.1.8 | K20: Equal | L20: 스테이지클리어 | M20: =VLOOKUP(L20,Statistics!A:F,2,FALSE) -> StageClear | N20: =IF(VLOOKUP(M20,Statistics!B:F,4,FALSE)=0,"",VLOOKUP(M20,Statistics!B:F,4,FALSE)) -> StageId : 스테이지(숫자) | O20: StageId : 스테이지31 | P20: 1 | Q20: Item(1040605111, 1) & MissionPoint(Recommend1, 1) | R20: =IF(VLOOKUP(M20,Statistics!B:F,5,FALSE)=0,"",VLOOKUP(M20,Statistics!B:F,5,FALSE)) -> QuickMove0010 | S20: QuickMove0010
A21: 2109000000008 | C21: 2200000000037 | D21: StageClear(스테이지16) | E21: TRUE
H22: 1 | I22: Recommend.Mission.Title.1.9 | J22: Recommend.Mission.Title.1.9 | K22: Equal | L22: 스테이지클리어 | M22: =VLOOKUP(L22,Statistics!A:F,2,FALSE) -> StageClear | N22: =IF(VLOOKUP(M22,Statistics!B:F,4,FALSE)=0,"",VLOOKUP(M22,Statistics!B:F,4,FALSE)) -> StageId : 스테이지(숫자) | O22: StageId : 스테이지36 | P22: 1 | Q22: Item(1040501001, 1) & MissionPoint(Recommend1, 1) | R22: =IF(VLOOKUP(M22,Statistics!B:F,5,FALSE)=0,"",VLOOKUP(M22,Statistics!B:F,5,FALSE)) -> QuickMove0010 | S22: QuickMove0010
A23: 2109000000009 | C23: 2200000000037 | D23: StageClear(스테이지16) | E23: TRUE
H24: 1 | I24: Recommend.Mission.Title.1.10 | J24: Recommend.Mission.Title.1.10 | K24: Equal | L24: 길드가입 | M24: =VLOOKUP(L24,Statistics!A:F,2,FALSE) -> GuildJoin | N24: =IF(VLOOKUP(M24,Statistics!B:F,4,FALSE)=0,"",VLOOKUP(M24,Statistics!B:F,4,FALSE)) | P24: 1 | Q24: Item(1040501001, 1) & MissionPoint(Recommend1, 1) | R24: =IF(VLOOKUP(M24,Statistics!B:F,5,FALSE)=0,"",VLOOKUP(M24,Statistics!B:F,5,FALSE)) -> QuickMove0260 | S24: QuickMove0260
A25: 2109000000010 | C25: 2200000000037 | D25: StageClear(스테이지16) | E25: TRUE
H26: 1 | I26: Recommend.Mission.Title.1.11 | J26: Recommend.Mission.Title.1.11 | K26: Equal | L26: 길드기부 | M26: =VLOOKUP(L26,Statistics!A:F,2,FALSE) -> GuildDonation | N26: =IF(VLOOKUP(M26,Statistics!B:F,4,FALSE)=0,"",VLOOKUP(M26,Statistics!B:F,4,FALSE)) | P26: 1 | Q26: Item(1040605011, 1) & MissionPoint(Recommend1, 1) | R26: =IF(VLOOKUP(M26,Statistics!B:F,5,FALSE)=0,"",VLOOKUP(M26,Statistics!B:F,5,FALSE)) -> QuickMove.GuildSupport | S26: QuickMove.GuildSupport
A27: 2109000000011 | C27: 2200000000037 | D27: StageClear(스테이지16) | E27: TRUE
H28: 1 | I28: Recommend.Mission.Title.1.12 | J28: Recommend.Mission.Title.1.12 | K28: Equal | L28: 스테이지플레이 | M28: =VLOOKUP(L28,Statistics!A:F,2,FALSE) -> StagePlay | N28: =IF(VLOOKUP(M28,Statistics!B:F,4,FALSE)=0,"",VLOOKUP(M28,Statistics!B:F,4,FALSE)) -> ContentsType : GuildOperation | O28: ContentsType : GuildOperation | P28: 3 | Q28: Item(1040605111, 1) & MissionPoint(Recommend1, 1) | R28: =IF(VLOOKUP(M28,Statistics!B:F,5,FALSE)=0,"",VLOOKUP(M28,Statistics!B:F,5,FALSE)) -> QuickMove.GuildOperation | S28: QuickMove.GuildOperation
A29: #5섹터
A30: 2109000000012 | C30: 2200000000038 | D30: StageClear(스테이지91) | E30: TRUE
H31: 1 | I31: Recommend.Mission.Title.2.1 | J31: Recommend.Mission.Title.2.1 | K31: Equal | L31: 프록시안 승급 | M31: =VLOOKUP(L31,Statistics!A:F,2,FALSE) -> CharacterGradeUp | N31: =IF(VLOOKUP(M31,Statistics!B:F,4,FALSE)=0,"",VLOOKUP(M31,Statistics!B:F,4,FALSE)) | P31: 4 | Q31: Item(1040605111, 1) & MissionPoint(Recommend2, 1) | R31: =IF(VLOOKUP(M31,Statistics!B:F,5,FALSE)=0,"",VLOOKUP(M31,Statistics!B:F,5,FALSE)) -> QuickMove0660 | S31: QuickMove0660
A32: 2109000000013 | C32: 2200000000038 | D32: StageClear(스테이지91) | E32: TRUE
H33: 1 | I33: Recommend.Mission.Title.2.2 | J33: Recommend.Mission.Title.2.2 | K33: Equal | L33: 상점구매 | M33: =VLOOKUP(L33,Statistics!A:F,2,FALSE) -> ShopPurchase | N33: =IF(VLOOKUP(M33,Statistics!B:F,4,FALSE)=0,"",VLOOKUP(M33,Statistics!B:F,4,FALSE)) -> ShopCategory : (상점 ID) [2600000000000:기본] | O33: ShopCategory : 2600000000000 | P33: 5 | Q33: Item(1040102001, 200) & MissionPoint(Recommend2, 1) | R33: =IF(VLOOKUP(M33,Statistics!B:F,5,FALSE)=0,"",VLOOKUP(M33,Statistics!B:F,5,FALSE)) -> QuickMove.Starbeat.Shop | S33: QuickMove.Starbeat.Shop
A34: 2109000000014 | C34: 2200000000038 | D34: StageClear(스테이지91) | E34: TRUE
H35: 1 | I35: Recommend.Mission.Title.2.3 | J35: Recommend.Mission.Title.2.3 | K35: Equal | L35: 최고스테이지클리어 | M35: =VLOOKUP(L35,Statistics!A:F,2,FALSE) -> MaxStageClear | N35: =IF(VLOOKUP(M35,Statistics!B:F,4,FALSE)=0,"",VLOOKUP(M35,Statistics!B:F,4,FALSE)) -> ContentsType : DataTower / Raid StageId : Raid01 | O35: ContentsType : DataTower | P35: 60 | Q35: Item(1040501001, 1) & MissionPoint(Recommend2, 1) | R35: =IF(VLOOKUP(M35,Statistics!B:F,5,FALSE)=0,"",VLOOKUP(M35,Statistics!B:F,5,FALSE)) -> QuickMove.DataTower QuickMove.Raid | S35: QuickMove.DataTower
A36: 2109000000015 | C36: 2200000000038 | D36: StageClear(스테이지91) | E36: TRUE
H37: 1 | I37: Recommend.Mission.Title.2.4 | J37: Recommend.Mission.Title.2.4 | K37: Equal | L37: 플러그인 레벨 달성 수 | M37: =VLOOKUP(L37,Statistics!A:F,2,FALSE) -> PluginLevelReached | N37: =IF(VLOOKUP(M37,Statistics!B:F,4,FALSE)=0,"",VLOOKUP(M37,Statistics!B:F,4,FALSE)) -> Level : (숫자) | O37: Level : 5 | P37: 1 | Q37: Item(1040501001, 1) & MissionPoint(Recommend2, 1) | R37: =IF(VLOOKUP(M37,Statistics!B:F,5,FALSE)=0,"",VLOOKUP(M37,Statistics!B:F,5,FALSE)) -> QuickMove.Plugin | S37: QuickMove.Plugin
A38: 2109000000016 | C38: 2200000000038 | D38: StageClear(스테이지91) | E38: TRUE
H39: 1 | I39: Recommend.Mission.Title.2.5 | J39: Recommend.Mission.Title.2.5 | K39: Equal | L39: 스테이지클리어 | M39: =VLOOKUP(L39,Statistics!A:F,2,FALSE) -> StageClear | N39: =IF(VLOOKUP(M39,Statistics!B:F,4,FALSE)=0,"",VLOOKUP(M39,Statistics!B:F,4,FALSE)) -> StageId : 스테이지(숫자) | O39: ContentsType : Raid StageId : Raid01 | P39: 5 | Q39: Item(1040501001, 1) & MissionPoint(Recommend2, 1) | R39: =IF(VLOOKUP(M39,Statistics!B:F,5,FALSE)=0,"",VLOOKUP(M39,Statistics!B:F,5,FALSE)) -> QuickMove0010 | S39: QuickMove.Raid
A40: 2109000000017 | C40: 2200000000038 | D40: StageClear(스테이지91) | E40: TRUE
H41: 1 | I41: Recommend.Mission.Title.2.6 | J41: Recommend.Mission.Title.2.6 | K41: Equal | L41: 스테이지클리어 | M41: =VLOOKUP(L41,Statistics!A:F,2,FALSE) -> StageClear | N41: =IF(VLOOKUP(M41,Statistics!B:F,4,FALSE)=0,"",VLOOKUP(M41,Statistics!B:F,4,FALSE)) -> StageId : 스테이지(숫자) | O41: ContentsType : Raid StageId : Raid02 | P41: 5 | Q41: Item(1040501001, 1) & MissionPoint(Recommend2, 1) | R41: =IF(VLOOKUP(M41,Statistics!B:F,5,FALSE)=0,"",VLOOKUP(M41,Statistics!B:F,5,FALSE)) -> QuickMove0010 | S41: QuickMove.Raid
A42: 2109000000018 | C42: 2200000000038 | D42: StageClear(스테이지91) | E42: TRUE
H43: 1 | I43: Recommend.Mission.Title.2.7 | J43: Recommend.Mission.Title.2.7 | K43: Equal | L43: 상점구매 | M43: =VLOOKUP(L43,Statistics!A:F,2,FALSE) -> ShopPurchase | N43: =IF(VLOOKUP(M43,Statistics!B:F,4,FALSE)=0,"",VLOOKUP(M43,Statistics!B:F,4,FALSE)) -> ShopCategory : (상점 ID) [2600000000000:기본] | O43: ShopCategory : 2600000000004 | P43: 2 | Q43: Item(1040102001, 200) & MissionPoint(Recommend2, 1) | R43: =IF(VLOOKUP(M43,Statistics!B:F,5,FALSE)=0,"",VLOOKUP(M43,Statistics!B:F,5,FALSE)) -> QuickMove.Starbeat.Shop | S43: QuickMove.Guild.Shop
A44: 2109000000019 | C44: 2200000000038 | D44: StageClear(스테이지91) | E44: TRUE
H45: 1 | I45: Recommend.Mission.Title.2.8 | J45: Recommend.Mission.Title.2.8 | K45: Equal | L45: 스테이지클리어 | M45: =VLOOKUP(L45,Statistics!A:F,2,FALSE) -> StageClear | N45: =IF(VLOOKUP(M45,Statistics!B:F,4,FALSE)=0,"",VLOOKUP(M45,Statistics!B:F,4,FALSE)) -> StageId : 스테이지(숫자) | O45: StageId : 스테이지94 | P45: 1 | Q45: Item(1040605111, 1) & MissionPoint(Recommend2, 1) | R45: =IF(VLOOKUP(M45,Statistics!B:F,5,FALSE)=0,"",VLOOKUP(M45,Statistics!B:F,5,FALSE)) -> QuickMove0010 | S45: QuickMove0010
A46: 2109000000020 | C46: 2200000000038 | D46: StageClear(스테이지91) | E46: TRUE
H47: 1 | I47: Recommend.Mission.Title.2.9 | J47: Recommend.Mission.Title.2.9 | K47: Equal | L47: 특정 등급 이상의 아카데미 칭호 획득 | M47: =VLOOKUP(L47,Statistics!A:F,2,FALSE) -> GetAcademyTitle | N47: =IF(VLOOKUP(M47,Statistics!B:F,4,FALSE)=0,"",VLOOKUP(M47,Statistics!B:F,4,FALSE)) -> Grade : (등급 Type) | O47: Grade : SSR | P47: 1 | Q47: Item(1040605011, 1) & MissionPoint(Recommend2, 1) | R47: =IF(VLOOKUP(M47,Statistics!B:F,5,FALSE)=0,"",VLOOKUP(M47,Statistics!B:F,5,FALSE)) -> QuickMove.Academy.Fuction | S47: QuickMove.Academy.Fuction
A48: 2109000000021 | C48: 2200000000038 | D48: StageClear(스테이지91) | E48: TRUE
H49: 1 | I49: Recommend.Mission.Title.2.10 | J49: Recommend.Mission.Title.2.10 | K49: Equal | L49: 재화획득 | M49: =VLOOKUP(L49,Statistics!A:F,2,FALSE) -> RewardCurrency | N49: =IF(VLOOKUP(M49,Statistics!B:F,4,FALSE)=0,"",VLOOKUP(M49,Statistics!B:F,4,FALSE)) -> ItemId : (아이템 ID) | O49: ItemId : 1040103011 | P49: 200 | Q49: Item(1040605011, 1) & MissionPoint(Recommend2, 1) | R49: =IF(VLOOKUP(M49,Statistics!B:F,5,FALSE)=0,"",VLOOKUP(M49,Statistics!B:F,5,FALSE)) | S49: QuickMove.Arena
A50: 2109000000022 | C50: 2200000000038 | D50: StageClear(스테이지91) | E50: TRUE
H51: 1 | I51: Recommend.Mission.Title.2.11 | J51: Recommend.Mission.Title.2.11 | K51: Equal | L51: 스테이지클리어 | M51: =VLOOKUP(L51,Statistics!A:F,2,FALSE) -> StageClear | N51: =IF(VLOOKUP(M51,Statistics!B:F,4,FALSE)=0,"",VLOOKUP(M51,Statistics!B:F,4,FALSE)) -> StageId : 스테이지(숫자) | O51: StageId : 스테이지104 | P51: 1 | Q51: Item(1040501001, 1) & MissionPoint(Recommend2, 1) | R51: =IF(VLOOKUP(M51,Statistics!B:F,5,FALSE)=0,"",VLOOKUP(M51,Statistics!B:F,5,FALSE)) -> QuickMove0010 | S51: QuickMove0010
A52: 2109000000023 | C52: 2200000000038 | D52: StageClear(스테이지91) | E52: TRUE
H53: 1 | I53: Recommend.Mission.Title.2.12 | J53: Recommend.Mission.Title.2.12 | K53: Equal | L53: 프록시안 동기화 배치 변경 | M53: =VLOOKUP(L53,Statistics!A:F,2,FALSE) -> CharacterSync | N53: =IF(VLOOKUP(M53,Statistics!B:F,4,FALSE)=0,"",VLOOKUP(M53,Statistics!B:F,4,FALSE)) | P53: 1 | Q53: Item(1040605011, 1) & MissionPoint(Recommend2, 1) | R53: =IF(VLOOKUP(M53,Statistics!B:F,5,FALSE)=0,"",VLOOKUP(M53,Statistics!B:F,5,FALSE)) -> QuickMove0570 | S53: QuickMove0570
A54: #8섹터
A55: 2109000000024 | C55: 2200000000039 | D55: StageClear(스테이지211) | E55: TRUE
H56: 1 | I56: Recommend.Mission.Title.3.1 | J56: Recommend.Mission.Title.3.1 | K56: Equal | L56: 호감도 레벨 상승 | M56: =VLOOKUP(L56,Statistics!A:F,2,FALSE) -> FavorLevelUp | N56: =IF(VLOOKUP(M56,Statistics!B:F,4,FALSE)=0,"",VLOOKUP(M56,Statistics!B:F,4,FALSE)) | P56: 5 | Q56: Item(1040605011, 1) & MissionPoint(Recommend3, 1) | R56: =IF(VLOOKUP(M56,Statistics!B:F,5,FALSE)=0,"",VLOOKUP(M56,Statistics!B:F,5,FALSE)) -> QuickMove.Favorability | S56: QuickMove.Favorability
A57: 2109000000025 | C57: 2200000000039 | D57: StageClear(스테이지211) | E57: TRUE
H58: 1 | I58: Recommend.Mission.Title.3.2 | J58: Recommend.Mission.Title.3.2 | K58: Equal | L58: 최고스테이지클리어 | M58: =VLOOKUP(L58,Statistics!A:F,2,FALSE) -> MaxStageClear | N58: =IF(VLOOKUP(M58,Statistics!B:F,4,FALSE)=0,"",VLOOKUP(M58,Statistics!B:F,4,FALSE)) -> ContentsType : DataTower / Raid StageId : Raid01 | O58: ContentsType : DataTower | P58: 74 | Q58: Item(1040501001, 1) & MissionPoint(Recommend3, 1) | R58: =IF(VLOOKUP(M58,Statistics!B:F,5,FALSE)=0,"",VLOOKUP(M58,Statistics!B:F,5,FALSE)) -> QuickMove.DataTower QuickMove.Raid | S58: QuickMove.DataTower
A59: 2109000000026 | C59: 2200000000039 | D59: StageClear(스테이지211) | E59: TRUE
H60: 1 | I60: Recommend.Mission.Title.3.3 | J60: Recommend.Mission.Title.3.3 | K60: Equal | L60: 상점구매 | M60: =VLOOKUP(L60,Statistics!A:F,2,FALSE) -> ShopPurchase | N60: =IF(VLOOKUP(M60,Statistics!B:F,4,FALSE)=0,"",VLOOKUP(M60,Statistics!B:F,4,FALSE)) -> ShopCategory : (상점 ID) [2600000000000:기본] | O60: ShopCategory : 2600000000001 | P60: 1 | Q60: Item(1040102001, 200) & MissionPoint(Recommend3, 1) | R60: =IF(VLOOKUP(M60,Statistics!B:F,5,FALSE)=0,"",VLOOKUP(M60,Statistics!B:F,5,FALSE)) -> QuickMove.Starbeat.Shop | S60: QuickMove.Raid.Shop
A61: 2109000000027 | C61: 2200000000039 | D61: StageClear(스테이지211) | E61: TRUE
H62: 1 | I62: Recommend.Mission.Title.3.4 | J62: Recommend.Mission.Title.3.4 | K62: Equal | L62: 플러그인 레벨 달성 수 | M62: =VLOOKUP(L62,Statistics!A:F,2,FALSE) -> PluginLevelReached | N62: =IF(VLOOKUP(M62,Statistics!B:F,4,FALSE)=0,"",VLOOKUP(M62,Statistics!B:F,4,FALSE)) -> Level : (숫자) | O62: Level : 3 | P62: 1 | Q62: Item(1040501001, 1) & MissionPoint(Recommend3, 1) | R62: =IF(VLOOKUP(M62,Statistics!B:F,5,FALSE)=0,"",VLOOKUP(M62,Statistics!B:F,5,FALSE)) -> QuickMove.Plugin | S62: QuickMove.Plugin
A63: 2109000000028 | C63: 2200000000039 | D63: StageClear(스테이지211) | E63: TRUE
H64: 1 | I64: Recommend.Mission.Title.3.5 | J64: Recommend.Mission.Title.3.5 | K64: Equal | L64: 길드기부 | M64: =VLOOKUP(L64,Statistics!A:F,2,FALSE) -> GuildDonation | N64: =IF(VLOOKUP(M64,Statistics!B:F,4,FALSE)=0,"",VLOOKUP(M64,Statistics!B:F,4,FALSE)) | P64: 20 | Q64: Item(1040102001, 200) & MissionPoint(Recommend3, 1) | R64: =IF(VLOOKUP(M64,Statistics!B:F,5,FALSE)=0,"",VLOOKUP(M64,Statistics!B:F,5,FALSE)) -> QuickMove.GuildSupport | S64: QuickMove.GuildSupport
A65: 2109000000029 | C65: 2200000000039 | D65: StageClear(스테이지211) | E65: TRUE
H66: 1 | I66: Recommend.Mission.Title.3.6 | J66: Recommend.Mission.Title.3.6 | K66: Equal | L66: 재화획득 | M66: =VLOOKUP(L66,Statistics!A:F,2,FALSE) -> RewardCurrency | N66: =IF(VLOOKUP(M66,Statistics!B:F,4,FALSE)=0,"",VLOOKUP(M66,Statistics!B:F,4,FALSE)) -> ItemId : (아이템 ID) | O66: ItemId : 1040103011 | P66: 800 | Q66: Item(1040605111, 1) & MissionPoint(Recommend3, 1) | R66: =IF(VLOOKUP(M66,Statistics!B:F,5,FALSE)=0,"",VLOOKUP(M66,Statistics!B:F,5,FALSE)) | S66: QuickMove.Arena
A67: 2109000000030 | C67: 2200000000039 | D67: StageClear(스테이지211) | E67: TRUE
H68: 1 | I68: Recommend.Mission.Title.3.13 | J68: Recommend.Mission.Title.3.13 | K68: Equal | L68: 상점구매 | M68: =VLOOKUP(L68,Statistics!A:F,2,FALSE) -> ShopPurchase | N68: =IF(VLOOKUP(M68,Statistics!B:F,4,FALSE)=0,"",VLOOKUP(M68,Statistics!B:F,4,FALSE)) -> ShopCategory : (상점 ID) [2600000000000:기본] | O68: ShopCategory : 2600000000002 | P68: 2 | Q68: Item(1040102001, 200) & MissionPoint(Recommend3, 1) | R68: =IF(VLOOKUP(M68,Statistics!B:F,5,FALSE)=0,"",VLOOKUP(M68,Statistics!B:F,5,FALSE)) -> QuickMove.Starbeat.Shop | S68: QuickMove.ArenaCoinShop
A69: 2109000000032 | C69: 2200000000039 | D69: StageClear(스테이지211) | E69: TRUE
H70: 1 | I70: Recommend.Mission.Title.3.9 | J70: Recommend.Mission.Title.3.9 | K70: Equal | L70: 레더 점수 달성 | M70: =VLOOKUP(L70,Statistics!A:F,2,FALSE) -> LadderScore | N70: =IF(VLOOKUP(M70,Statistics!B:F,4,FALSE)=0,"",VLOOKUP(M70,Statistics!B:F,4,FALSE)) -> LadderId : (ID) Proxyan | O70: LadderId : Proxyan | P70: 900 | Q70: Item(1040605011, 1) & MissionPoint(Recommend3, 1) | R70: =IF(VLOOKUP(M70,Statistics!B:F,5,FALSE)=0,"",VLOOKUP(M70,Statistics!B:F,5,FALSE)) -> QuickMove0680 | S70: QuickMove0680
A71: 2109000000033 | C71: 2200000000039 | D71: StageClear(스테이지211) | E71: TRUE
H72: 1 | I72: Recommend.Mission.Title.3.10 | J72: Recommend.Mission.Title.3.10 | K72: Equal | L72: 스테이지클리어 | M72: =VLOOKUP(L72,Statistics!A:F,2,FALSE) -> StageClear | N72: =IF(VLOOKUP(M72,Statistics!B:F,4,FALSE)=0,"",VLOOKUP(M72,Statistics!B:F,4,FALSE)) -> StageId : 스테이지(숫자) | O72: StageId : 스테이지222 | P72: 1 | Q72: Item(1040605111, 1) & MissionPoint(Recommend3, 1) | R72: =IF(VLOOKUP(M72,Statistics!B:F,5,FALSE)=0,"",VLOOKUP(M72,Statistics!B:F,5,FALSE)) -> QuickMove0010 | S72: QuickMove0010
A73: 2109000000034 | C73: 2200000000039 | D73: StageClear(스테이지211) | E73: TRUE
H74: 1 | I74: Recommend.Mission.Title.3.11 | J74: Recommend.Mission.Title.3.11 | K74: Equal | L74: 스테이지클리어 | M74: =VLOOKUP(L74,Statistics!A:F,2,FALSE) -> StageClear | N74: =IF(VLOOKUP(M74,Statistics!B:F,4,FALSE)=0,"",VLOOKUP(M74,Statistics!B:F,4,FALSE)) -> StageId : 스테이지(숫자) | O74: ContentsType : BossChallenge | P74: 3 | Q74: Item(1040501001, 1) & MissionPoint(Recommend3, 1) | R74: =IF(VLOOKUP(M74,Statistics!B:F,5,FALSE)=0,"",VLOOKUP(M74,Statistics!B:F,5,FALSE)) -> QuickMove0010 | S74: QuickMove.BossChallenge
A75: 2109000000035 | C75: 2200000000039 | D75: StageClear(스테이지211) | E75: TRUE
H76: 1 | I76: Recommend.Mission.Title.3.12 | J76: Recommend.Mission.Title.3.12 | K76: Equal | L76: 스테이지클리어 | M76: =VLOOKUP(L76,Statistics!A:F,2,FALSE) -> StageClear | N76: =IF(VLOOKUP(M76,Statistics!B:F,4,FALSE)=0,"",VLOOKUP(M76,Statistics!B:F,4,FALSE)) -> StageId : 스테이지(숫자) | O76: StageId : 스테이지240 | P76: 1 | Q76: Item(1040501001, 1) & MissionPoint(Recommend3, 1) | R76: =IF(VLOOKUP(M76,Statistics!B:F,5,FALSE)=0,"",VLOOKUP(M76,Statistics!B:F,5,FALSE)) -> QuickMove0010 | S76: QuickMove0010
A77: #10섹터
A78: 2109000000036 | C78: 2200000000040 | D78: StageClear(스테이지316) | E78: TRUE
H79: 1 | I79: Recommend.Mission.Title.4.1 | J79: Recommend.Mission.Title.4.1 | K79: Equal | L79: 최고스테이지클리어 | M79: =VLOOKUP(L79,Statistics!A:F,2,FALSE) -> MaxStageClear | N79: =IF(VLOOKUP(M79,Statistics!B:F,4,FALSE)=0,"",VLOOKUP(M79,Statistics!B:F,4,FALSE)) -> ContentsType : DataTower / Raid StageId : Raid01 | O79: ContentsType : DataTower | P79: 80 | Q79: Item(1040501001, 1) & MissionPoint(Recommend4, 1) | R79: =IF(VLOOKUP(M79,Statistics!B:F,5,FALSE)=0,"",VLOOKUP(M79,Statistics!B:F,5,FALSE)) -> QuickMove.DataTower QuickMove.Raid | S79: QuickMove.DataTower
A80: 2109000000037 | C80: 2200000000040 | D80: StageClear(스테이지316) | E80: TRUE
H81: 1 | I81: Recommend.Mission.Title.4.2 | J81: Recommend.Mission.Title.4.2 | K81: Equal | L81: 플러그인 레벨 달성 수 | M81: =VLOOKUP(L81,Statistics!A:F,2,FALSE) -> PluginLevelReached | N81: =IF(VLOOKUP(M81,Statistics!B:F,4,FALSE)=0,"",VLOOKUP(M81,Statistics!B:F,4,FALSE)) -> Level : (숫자) | O81: Level : 4 | P81: 3 | Q81: Item(1040605111, 1) & MissionPoint(Recommend4, 1) | R81: =IF(VLOOKUP(M81,Statistics!B:F,5,FALSE)=0,"",VLOOKUP(M81,Statistics!B:F,5,FALSE)) -> QuickMove.Plugin | S81: QuickMove.Plugin
A82: 2109000000038 | C82: 2200000000040 | D82: StageClear(스테이지316) | E82: TRUE
H83: 1 | I83: Recommend.Mission.Title.4.3 | J83: Recommend.Mission.Title.4.3 | K83: Equal | L83: 최고스테이지클리어 | M83: =VLOOKUP(L83,Statistics!A:F,2,FALSE) -> MaxStageClear | N83: =IF(VLOOKUP(M83,Statistics!B:F,4,FALSE)=0,"",VLOOKUP(M83,Statistics!B:F,4,FALSE)) -> ContentsType : DataTower / Raid StageId : Raid01 | O83: ContentsType : DataTower | P83: 95 | Q83: Item(1040501001, 1) & MissionPoint(Recommend4, 1) | R83: =IF(VLOOKUP(M83,Statistics!B:F,5,FALSE)=0,"",VLOOKUP(M83,Statistics!B:F,5,FALSE)) -> QuickMove.DataTower QuickMove.Raid | S83: QuickMove.DataTower
A84: 2109000000039 | C84: 2200000000040 | D84: StageClear(스테이지316) | E84: TRUE
H85: 1 | I85: Recommend.Mission.Title.3.8 | J85: Recommend.Mission.Title.3.8 | K85: Equal | L85: 스테이지클리어 | M85: =VLOOKUP(L85,Statistics!A:F,2,FALSE) -> StageClear | N85: =IF(VLOOKUP(M85,Statistics!B:F,4,FALSE)=0,"",VLOOKUP(M85,Statistics!B:F,4,FALSE)) -> StageId : 스테이지(숫자) | O85: ContentsType : AttributeBattle | P85: 15 | Q85: Item(1040501001, 1) & MissionPoint(Recommend4, 1) | R85: =IF(VLOOKUP(M85,Statistics!B:F,5,FALSE)=0,"",VLOOKUP(M85,Statistics!B:F,5,FALSE)) -> QuickMove0010 | S85: QuickMove.AttributeBattle
A86: 2109000000040 | C86: 2200000000040 | D86: StageClear(스테이지316) | E86: TRUE
H87: 1 | I87: Recommend.Mission.Title.4.5 | J87: Recommend.Mission.Title.4.5 | K87: Equal | L87: 시민 의뢰(선물) | M87: =VLOOKUP(L87,Statistics!A:F,2,FALSE) -> AsniaRequestGift | N87: =IF(VLOOKUP(M87,Statistics!B:F,4,FALSE)=0,"",VLOOKUP(M87,Statistics!B:F,4,FALSE)) | P87: 20 | Q87: Item(1040102001, 200) & MissionPoint(Recommend4, 1) | R87: =IF(VLOOKUP(M87,Statistics!B:F,5,FALSE)=0,"",VLOOKUP(M87,Statistics!B:F,5,FALSE)) | S87: QuickMove0300
A88: 2109000000041 | C88: 2200000000040 | D88: StageClear(스테이지316) | E88: TRUE
H89: 1 | I89: Recommend.Mission.Title.4.6 | J89: Recommend.Mission.Title.4.6 | K89: Equal | L89: 특정 등급 이상의 아카데미 칭호 획득 | M89: =VLOOKUP(L89,Statistics!A:F,2,FALSE) -> GetAcademyTitle | N89: =IF(VLOOKUP(M89,Statistics!B:F,4,FALSE)=0,"",VLOOKUP(M89,Statistics!B:F,4,FALSE)) -> Grade : (등급 Type) | O89: Grade : MR | P89: 1 | Q89: Item(1040605011, 1) & MissionPoint(Recommend4, 1) | R89: =IF(VLOOKUP(M89,Statistics!B:F,5,FALSE)=0,"",VLOOKUP(M89,Statistics!B:F,5,FALSE)) -> QuickMove.Academy.Fuction | S89: QuickMove.Academy.Fuction
A90: 2109000000042 | C90: 2200000000040 | D90: StageClear(스테이지316) | E90: TRUE
H91: 1 | I91: Recommend.Mission.Title.4.7 | J91: Recommend.Mission.Title.4.7 | K91: Equal | L91: 아카데미 졸업 | M91: =VLOOKUP(L91,Statistics!A:F,2,FALSE) -> GraduateAcademy | P91: 5 | Q91: Item(1040605011, 1) & MissionPoint(Recommend4, 1) | R91: =IF(VLOOKUP(M91,Statistics!B:F,5,FALSE)=0,"",VLOOKUP(M91,Statistics!B:F,5,FALSE)) -> QuickMove.Academy.Fuction | S91: QuickMove.Academy.Fuction
A92: 2109000000043 | C92: 2200000000040 | D92: StageClear(스테이지316) | E92: TRUE
H93: 1 | I93: Recommend.Mission.Title.4.8 | J93: Recommend.Mission.Title.4.8 | K93: Equal | L93: 재화획득 | M93: =VLOOKUP(L93,Statistics!A:F,2,FALSE) -> RewardCurrency | N93: =IF(VLOOKUP(M93,Statistics!B:F,4,FALSE)=0,"",VLOOKUP(M93,Statistics!B:F,4,FALSE)) -> ItemId : (아이템 ID) | O93: ItemId : 1040103011 | P93: 2000 | Q93: Item(1040501001, 1) & MissionPoint(Recommend4, 1) | R93: =IF(VLOOKUP(M93,Statistics!B:F,5,FALSE)=0,"",VLOOKUP(M93,Statistics!B:F,5,FALSE)) | S93: QuickMove.Arena
A94: 2109000000044 | C94: 2200000000040 | D94: StageClear(스테이지316) | E94: TRUE
H95: 1 | I95: Recommend.Mission.Title.4.9 | J95: Recommend.Mission.Title.4.9 | K95: Equal | L95: 스테이지클리어 | M95: =VLOOKUP(L95,Statistics!A:F,2,FALSE) -> StageClear | N95: =IF(VLOOKUP(M95,Statistics!B:F,4,FALSE)=0,"",VLOOKUP(M95,Statistics!B:F,4,FALSE)) -> StageId : 스테이지(숫자) | O95: ContentsType : BossChallenge | P95: 10 | Q95: Item(1040501001, 1) & MissionPoint(Recommend4, 1) | R95: =IF(VLOOKUP(M95,Statistics!B:F,5,FALSE)=0,"",VLOOKUP(M95,Statistics!B:F,5,FALSE)) -> QuickMove0010 | S95: QuickMove.BossChallenge
A96: 2109000000045 | C96: 2200000000040 | D96: StageClear(스테이지316) | E96: TRUE
H97: 1 | I97: Recommend.Mission.Title.4.10 | J97: Recommend.Mission.Title.4.10 | K97: Equal | L97: 스테이지클리어 | M97: =VLOOKUP(L97,Statistics!A:F,2,FALSE) -> StageClear | N97: =IF(VLOOKUP(M97,Statistics!B:F,4,FALSE)=0,"",VLOOKUP(M97,Statistics!B:F,4,FALSE)) -> StageId : 스테이지(숫자) | O97: StageId : 스테이지327 | P97: 1 | Q97: Item(1040605111, 1) & MissionPoint(Recommend4, 1) | R97: =IF(VLOOKUP(M97,Statistics!B:F,5,FALSE)=0,"",VLOOKUP(M97,Statistics!B:F,5,FALSE)) -> QuickMove0010 | S97: QuickMove0010
A98: 2109000000046 | C98: 2200000000040 | D98: StageClear(스테이지316) | E98: TRUE
H99: 1 | I99: Recommend.Mission.Title.4.11 | J99: Recommend.Mission.Title.4.11 | K99: Equal | L99: 스테이지클리어 | M99: =VLOOKUP(L99,Statistics!A:F,2,FALSE) -> StageClear | N99: =IF(VLOOKUP(M99,Statistics!B:F,4,FALSE)=0,"",VLOOKUP(M99,Statistics!B:F,4,FALSE)) -> StageId : 스테이지(숫자) | O99: StageId : 스테이지337 | P99: 1 | Q99: Item(1040501001, 1) & MissionPoint(Recommend4, 1) | R99: =IF(VLOOKUP(M99,Statistics!B:F,5,FALSE)=0,"",VLOOKUP(M99,Statistics!B:F,5,FALSE)) -> QuickMove0010 | S99: QuickMove0010
A100: #섹터달성보상
...

Sheet MissionCase.Record
A1: Group | B1: #주석 | C1: Category | D1: NoticeProgress | E1: NoticeComplete | F1: Condition | G1: Ignore | H1: Step | I1: Name | J1: Desc | K1: Continuous | L1: MissionGoal | M1: GoalTarget | N1: GoalCount | O1: Reward | P1: QuickMove
A2: *long | B2: # | C2: $MissionCategory | D2: [dsl] | E2: bool | F2: [dsl] | G2: bool? | H2: int | I2: $Text | J2: $Text | K2: MissionChainingType | L2: StatisticsType | M2: {MissionGoalTargetType : string} | N2: int | O2: [dsl] | P2: $QuickMove?
A3: common | B3: # | C3: common | D3: server | E3: client | F3: common | G3: common | H3: common | I3: client | J3: client | K3: common | L3: common | M3: common | N3: common | O3: common | P3: client
A4: 2107000000000 | C4: 2200000000013 | D4: StarRecord(3040100001) | E4: TRUE
H5: 1 | I5: Record.Mission.Newbie.10.1 | J5: Record.Mission.Newbie.Desc.10.1 | K5: Equal | L5: MissionPoint | M5: MissionPointType : Daily | N5: 20 | O5: StarRecordExp(3040100001, 1)_x000D_ | P5: QuickMove.DailyMission
H6: 2 | I6: Record.Mission.Newbie.10.1 | J6: Record.Mission.Newbie.Desc.10.2 | K6: Equal | L6: MissionPoint | M6: MissionPointType : Daily | N6: 40 | O6: StarRecordExp(3040100001, 1)_x000D_ | P6: QuickMove.DailyMission
H7: 3 | I7: Record.Mission.Newbie.10.1 | J7: Record.Mission.Newbie.Desc.10.3 | K7: Equal | L7: MissionPoint | M7: MissionPointType : Daily | N7: 60 | O7: StarRecordExp(3040100001, 1)_x000D_ | P7: QuickMove.DailyMission
H8: 4 | I8: Record.Mission.Newbie.10.1 | J8: Record.Mission.Newbie.Desc.10.4 | K8: Equal | L8: MissionPoint | M8: MissionPointType : Daily | N8: 80 | O8: StarRecordExp(3040100001, 1)_x000D_ | P8: QuickMove.DailyMission
H9: 5 | I9: Record.Mission.Newbie.10.1 | J9: Record.Mission.Newbie.Desc.10.5 | K9: Equal | L9: MissionPoint | M9: MissionPointType : Daily | N9: 100 | O9: StarRecordExp(3040100001, 2)_x000D_ | P9: QuickMove.DailyMission
A10: 2107000000001 | C10: 2200000000013 | D10: StarRecord(3040100001) | E10: TRUE
H11: 1 | I11: Record.Mission.Newbie.50.1 | J11: Record.Mission.Newbie.Desc.50.1 | K11: Equal | L11: MissionPoint | M11: MissionPointType : Weekly | N11: 50 | O11: StarRecordExp(3040100001, 2)_x000D_ | P11: QuickMove.WeeklyMission
H12: 2 | I12: Record.Mission.Newbie.50.1 | J12: Record.Mission.Newbie.Desc.50.2 | K12: Equal | L12: MissionPoint | M12: MissionPointType : Weekly | N12: 100 | O12: StarRecordExp(3040100001, 2)_x000D_ | P12: QuickMove.WeeklyMission
A13: 2107000000002 | C13: 2200000000013 | D13: StarRecord(3040100001) | E13: TRUE
H14: 1 | I14: Record.Mission.Newbie.70.1 | J14: Record.Mission.Newbie.Desc.70.1 | K14: Equal | L14: StageClear | M14: ContentsType : Scenario | N14: 10 | O14: StarRecordExp(3040100001, 1)_x000D_ | P14: QuickMove.MainBattle
H15: 2 | I15: Record.Mission.Newbie.70.1 | J15: Record.Mission.Newbie.Desc.70.2 | K15: Equal | L15: StageClear | M15: ContentsType : Scenario | N15: 20 | O15: StarRecordExp(3040100001, 1)_x000D_ | P15: QuickMove.MainBattle
H16: 3 | I16: Record.Mission.Newbie.70.1 | J16: Record.Mission.Newbie.Desc.70.3 | K16: Equal | L16: StageClear | M16: ContentsType : Scenario | N16: 30 | O16: StarRecordExp(3040100001, 1)_x000D_ | P16: QuickMove.MainBattle
H17: 4 | I17: Record.Mission.Newbie.70.1 | J17: Record.Mission.Newbie.Desc.70.4 | K17: Equal | L17: StageClear | M17: ContentsType : Scenario | N17: 40 | O17: StarRecordExp(3040100001, 1)_x000D_ | P17: QuickMove.MainBattle
H18: 5 | I18: Record.Mission.Newbie.70.1 | J18: Record.Mission.Newbie.Desc.70.5 | K18: Equal | L18: StageClear | M18: ContentsType : Scenario | N18: 50 | O18: StarRecordExp(3040100001, 1)_x000D_ | P18: QuickMove.MainBattle
H19: 6 | I19: Record.Mission.Newbie.70.1 | J19: Record.Mission.Newbie.Desc.70.6 | K19: Equal | L19: StageClear | M19: ContentsType : Scenario | N19: 60 | O19: StarRecordExp(3040100001, 2)_x000D_ | P19: QuickMove.MainBattle
A20: 2107000000004 | C20: 2200000000013 | D20: StarRecord(3040100001) | E20: TRUE
H21: 1 | I21: Record.Mission.Newbie.130.1 | J21: Record.Mission.Newbie.Desc.130.1 | K21: Equal | L21: CharacterGradeUp | N21: 1 | O21: StarRecordExp(3040100001, 1)_x000D_ | P21: QuickMove0660
H22: 2 | I22: Record.Mission.Newbie.130.1 | J22: Record.Mission.Newbie.Desc.130.2 | K22: Equal | L22: CharacterGradeUp | N22: 2 | O22: StarRecordExp(3040100001, 1)_x000D_ | P22: QuickMove0660
H23: 3 | I23: Record.Mission.Newbie.130.1 | J23: Record.Mission.Newbie.Desc.130.3 | K23: Equal | L23: CharacterGradeUp | N23: 3 | O23: StarRecordExp(3040100001, 1)_x000D_ | P23: QuickMove0660
H24: 4 | I24: Record.Mission.Newbie.130.1 | J24: Record.Mission.Newbie.Desc.130.4 | K24: Equal | L24: CharacterGradeUp | N24: 5 | O24: StarRecordExp(3040100001, 2)_x000D_ | P24: QuickMove0660
A25: 2107000000005 | C25: 2200000000013 | D25: StarRecord(3040100001) | E25: TRUE
H26: 1 | I26: Record.Mission.Newbie.300.1 | J26: Record.Mission.Newbie.Desc.300.1 | K26: Equal | L26: GiveGift | N26: 1 | O26: StarRecordExp(3040100001, 1)_x000D_ | P26: QuickMove0630
H27: 2 | I27: Record.Mission.Newbie.300.1 | J27: Record.Mission.Newbie.Desc.300.2 | K27: Equal | L27: GiveGift | N27: 2 | O27: StarRecordExp(3040100001, 1)_x000D_ | P27: QuickMove0630
H28: 3 | I28: Record.Mission.Newbie.300.1 | J28: Record.Mission.Newbie.Desc.300.3 | K28: Equal | L28: GiveGift | N28: 3 | O28: StarRecordExp(3040100001, 1)_x000D_ | P28: QuickMove0630
A29: 2107000000006 | C29: 2200000000013 | D29: StarRecord(3040100001) | E29: TRUE
H30: 1 | I30: Record.Mission.Newbie.310.1 | J30: Record.Mission.Newbie.Desc.310.1 | K30: Equal | L30: ReadAllStory | M30: ChapterId : Chapter1.5 | N30: 1 | O30: StarRecordExp(3040100001, 1)_x000D_ | P30: QuickMove0340
A31: 2107000000007 | C31: 2200000000013 | D31: StarRecord(3040100001) | E31: TRUE
H32: 1 | I32: Record.Mission.Newbie.310.2 | J32: Record.Mission.Newbie.Desc.310.2 | K32: Equal | L32: ReadAllStory | M32: ChapterId : Chapter2 | N32: 1 | O32: StarRecordExp(3040100001, 3)_x000D_ | P32: QuickMove0340
A34: 2107000000008 | C34: 2200000000014 | D34: StarRecord(3040200001) | E34: TRUE
H35: 1 | I35: Record.Mission.Routine.11.1 | J35: Record.Mission.Routine.11.1 | K35: Equal | L35: MissionPoint | M35: MissionPointType : Daily | N35: 100 | O35: StarRecordGroupExp(Regular, 1)_x000D_ | P35: QuickMove.DailyMission
H36: 2 | I36: Record.Mission.Routine.11.1 | J36: Record.Mission.Routine.11.1 | K36: Equal | L36: MissionPoint | M36: MissionPointType : Daily | N36: 200 | O36: StarRecordGroupExp(Regular, 1)_x000D_ | P36: QuickMove.DailyMission
H37: 3 | I37: Record.Mission.Routine.11.1 | J37: Record.Mission.Routine.11.1 | K37: Equal | L37: MissionPoint | M37: MissionPointType : Daily | N37: 300 | O37: StarRecordGroupExp(Regular, 1)_x000D_ | P37: QuickMove.DailyMission
H38: 4 | I38: Record.Mission.Routine.11.1 | J38: Record.Mission.Routine.11.1 | K38: Equal | L38: MissionPoint | M38: MissionPointType : Daily | N38: 500 | O38: StarRecordGroupExp(Regular, 1)_x000D_ | P38: QuickMove.DailyMission
A39: 2107000000009 | C39: 2200000000014 | D39: StarRecord(3040200001) | E39: TRUE
H40: 1 | I40: Record.Mission.Routine.21.1 | J40: Record.Mission.Routine.21.1 | K40: Equal | L40: MissionPoint | M40: MissionPointType : Weekly | N40: 10 | O40: StarRecordGroupExp(Regular, 2)_x000D_ | P40: QuickMove.WeeklyMission
H41: 2 | I41: Record.Mission.Routine.21.1 | J41: Record.Mission.Routine.21.1 | K41: Equal | L41: MissionPoint | M41: MissionPointType : Weekly | N41: 20 | O41: StarRecordGroupExp(Regular, 2)_x000D_ | P41: QuickMove.WeeklyMission
H42: 3 | I42: Record.Mission.Routine.21.1 | J42: Record.Mission.Routine.21.1 | K42: Equal | L42: MissionPoint | M42: MissionPointType : Weekly | N42: 30 | O42: StarRecordGroupExp(Regular, 2)_x000D_ | P42: QuickMove.WeeklyMission
H43: 4 | I43: Record.Mission.Routine.21.1 | J43: Record.Mission.Routine.21.1 | K43: Equal | L43: MissionPoint | M43: MissionPointType : Weekly | N43: 40 | O43: StarRecordGroupExp(Regular, 2)_x000D_ | P43: QuickMove.WeeklyMission
A44: 2107000000010 | C44: 2200000000014 | D44: StarRecord(3040200001) | E44: TRUE
H45: 1 | I45: Record.Mission.Routine.30.1 | J45: Record.Mission.Routine.30.1 | K45: Equal | L45: StagePlay | M45: ContentsType : Raid | N45: 10 | O45: StarRecordGroupExp(Regular, 3)_x000D_ | P45: QuickMove.Raid
H46: 2 | I46: Record.Mission.Routine.30.1 | J46: Record.Mission.Routine.30.1 | K46: Equal | L46: StagePlay | M46: ContentsType : Raid | N46: 20 | O46: StarRecordGroupExp(Regular, 3)_x000D_ | P46: QuickMove.Raid
H47: 3 | I47: Record.Mission.Routine.30.1 | J47: Record.Mission.Routine.30.1 | K47: Equal | L47: StagePlay | M47: ContentsType : Raid | N47: 30 | O47: StarRecordGroupExp(Regular, 3)_x000D_ | P47: QuickMove.Raid
H48: 4 | I48: Record.Mission.Routine.30.1 | J48: Record.Mission.Routine.30.1 | K48: Equal | L48: StagePlay | M48: ContentsType : Raid | N48: 40 | O48: StarRecordGroupExp(Regular, 3)_x000D_ | P48: QuickMove.Raid
A49: 2107000000011 | C49: 2200000000014 | D49: StarRecord(3040200001) | E49: FALSE
H50: 1 | I50: Record.Mission.Routine.40.1 | J50: Record.Mission.Routine.40.1 | K50: Equal | L50: StagePlay | M50: ContentsType : GuildOperation | N50: 6 | O50: StarRecordGroupExp(Regular, 1)_x000D_ | P50: QuickMove.GuildOperation
H51: 2 | I51: Record.Mission.Routine.40.1 | J51: Record.Mission.Routine.40.1 | K51: Equal | L51: StagePlay | M51: ContentsType : GuildOperation | N51: 12 | O51: StarRecordGroupExp(Regular, 1)_x000D_ | P51: QuickMove.GuildOperation
H52: 3 | I52: Record.Mission.Routine.40.1 | J52: Record.Mission.Routine.40.1 | K52: Equal | L52: StagePlay | M52: ContentsType : GuildOperation | N52: 18 | O52: StarRecordGroupExp(Regular, 2)_x000D_ | P52: QuickMove.GuildOperation
H53: 4 | I53: Record.Mission.Routine.40.1 | J53: Record.Mission.Routine.40.1 | K53: Equal | L53: StagePlay | M53: ContentsType : GuildOperation | N53: 24 | O53: StarRecordGroupExp(Regular, 3)_x000D_ | P53: QuickMove.GuildOperation
A54: 2107000000012 | C54: 2200000000014 | D54: StarRecord(3040200001) | E54: TRUE
H55: 1 | I55: Record.Mission.Routine.50.1 | J55: Record.Mission.Routine.50.1 | K55: Equal | L55: StagePlay | M55: ContentsType : WorldRaid | N55: 3 | O55: StarRecordGroupExp(Regular, 3)_x000D_ | P55: QuickMove.WorldRaid
H56: 2 | I56: Record.Mission.Routine.50.1 | J56: Record.Mission.Routine.50.1 | K56: Equal | L56: StagePlay | M56: ContentsType : WorldRaid | N56: 6 | O56: StarRecordGroupExp(Regular, 3)_x000D_ | P56: QuickMove.WorldRaid
H57: 3 | I57: Record.Mission.Routine.50.1 | J57: Record.Mission.Routine.50.1 | K57: Equal | L57: StagePlay | M57: ContentsType : WorldRaid | N57: 9 | O57: StarRecordGroupExp(Regular, 3)_x000D_ | P57: QuickMove.WorldRaid
H58: 4 | I58: Record.Mission.Routine.50.1 | J58: Record.Mission.Routine.50.1 | K58: Equal | L58: StagePlay | M58: ContentsType : WorldRaid | N58: 12 | O58: StarRecordGroupExp(Regular, 3)_x000D_
A59: 2107000000013 | C59: 2200000000014 | D59: StarRecord(3040200001) | E59: TRUE
H60: 1 | I60: Record.Mission.Routine.60.1 | J60: Record.Mission.Routine.60.1 | K60: Equal | L60: StagePlay | M60: ContentsType : Raid | N60: 5 | O60: StarRecordGroupExp(Regular, 3)_x000D_ | P60: QuickMove.Raid
H61: 2 | I61: Record.Mission.Routine.60.1 | J61: Record.Mission.Routine.60.1 | K61: Equal | L61: StagePlay | M61: ContentsType : Raid | N61: 10 | O61: StarRecordGroupExp(Regular, 3)_x000D_ | P61: QuickMove.Raid
H62: 3 | I62: Record.Mission.Routine.60.1 | J62: Record.Mission.Routine.60.1 | K62: Equal | L62: StagePlay | M62: ContentsType : Raid | N62: 15 | O62: StarRecordGroupExp(Regular, 3)_x000D_ | P62: QuickMove.Raid
H63: 4 | I63: Record.Mission.Routine.60.1 | J63: Record.Mission.Routine.60.1 | K63: Equal | L63: StagePlay | M63: ContentsType : Raid | N63: 20 | O63: StarRecordGroupExp(Regular, 3)_x000D_ | P63: QuickMove.Raid
A64: 2107000000014 | C64: 2200000000014 | D64: StarRecord(3040200001) | E64: TRUE
H65: 1 | I65: Record.Mission.Routine.70.1 | J65: Record.Mission.Routine.70.1 | K65: Equal | L65: TryGacha | M65: GachaGroup : Character | N65: 5 | O65: StarRecordGroupExp(Regular, 3)_x000D_ | P65: QuickMove.Gacha.Character
H66: 2 | I66: Record.Mission.Routine.70.1 | J66: Record.Mission.Routine.70.1 | K66: Equal | L66: TryGacha | M66: GachaGroup : Character | N66: 10 | O66: StarRecordGroupExp(Regular, 3)_x000D_ | P66: QuickMove.Gacha.Character
H67: 3 | I67: Record.Mission.Routine.70.1 | J67: Record.Mission.Routine.70.1 | K67: Equal | L67: TryGacha | M67: GachaGroup : Character | N67: 15 | O67: StarRecordGroupExp(Regular, 3)_x000D_ | P67: QuickMove.Gacha.Character
H68: 4 | I68: Record.Mission.Routine.70.1 | J68: Record.Mission.Routine.70.1 | K68: Equal | L68: TryGacha | M68: GachaGroup : Character | N68: 20 | O68: StarRecordGroupExp(Regular, 3)_x000D_ | P68: QuickMove.Gacha.Character
A69: 2107000000015 | C69: 2200000000014 | D69: StarRecord(3040200001) | E69: TRUE
H70: 1 | I70: Record.Mission.Routine.80.1 | J70: Record.Mission.Routine.80.1 | K70: Equal | L70: TryGacha | M70: GachaGroup : Plugin | N70: 5 | O70: StarRecordGroupExp(Regular, 3)_x000D_ | P70: QuickMove.Gacha
H71: 2 | I71: Record.Mission.Routine.80.1 | J71: Record.Mission.Routine.80.1 | K71: Equal | L71: TryGacha | M71: GachaGroup : Plugin | N71: 10 | O71: StarRecordGroupExp(Regular, 3)_x000D_ | P71: QuickMove.Gacha
H72: 3 | I72: Record.Mission.Routine.80.1 | J72: Record.Mission.Routine.80.1 | K72: Equal | L72: TryGacha | M72: GachaGroup : Plugin | N72: 15 | O72: StarRecordGroupExp(Regular, 3)_x000D_ | P72: QuickMove.Gacha
H73: 4 | I73: Record.Mission.Routine.80.1 | J73: Record.Mission.Routine.80.1 | K73: Equal | L73: TryGacha | M73: GachaGroup : Plugin | N73: 20 | O73: StarRecordGroupExp(Regular, 3)_x000D_ | P73: QuickMove.Gacha
A74: 2107000000016 | C74: 2200000000014 | D74: StarRecord(3040200001) | E74: TRUE
H75: 1 | I75: Record.Mission.Routine.90.1 | J75: Record.Mission.Routine.90.1 | K75: Equal | L75: OverCharacterGradeUp | M75: Grade : MR | N75: 1 | O75: StarRecordGroupExp(Regular, 6)_x000D_ | P75: QuickMove0660
A76: 2107000000017 | C76: 2200000000014 | D76: StarRecord(3040200001) | E76: TRUE
H77: 1 | I77: Record.Mission.Routine.90.2 | J77: Record.Mission.Routine.90.2 | K77: Equal | L77: OverCharacterGradeUp | M77: Grade : MR1 | N77: 1 | O77: StarRecordGroupExp(Regular, 9)_x000D_ | P77: QuickMove0660
A78: 2107000000018 | C78: 2200000000014 | D78: StarRecord(3040200001) | E78: TRUE
H79: 1 | I79: Record.Mission.Routine.90.3 | J79: Record.Mission.Routine.90.3 | K79: Equal | L79: OverCharacterGradeUp | M79: Grade : LR | N79: 1 | O79: StarRecordGroupExp(Regular, 12)_x000D_ | P79: QuickMove0660
A80: 2107000000019 | C80: 2200000000014 | D80: StarRecord(3040200001) | E80: TRUE
H81: 1 | I81: Record.Mission.Routine.90.3 | J81: Record.Mission.Routine.90.3 | K81: Equal | L81: OverCharacterGradeUp | M81: Grade : LR1 | N81: 2 | O81: StarRecordGroupExp(Regular, 15)_x000D_ | P81: QuickMove0660
A83: 2107000001007 | C83: 2200000000029 | D83: StarRecord(3040300001) | E83: TRUE
H84: 1 | I84: Record.Mission.Routine.12.1 | J84: Record.Mission.Routine.12.1 | K84: Equal | L84: Login | N84: 1 | O84: StarRecordExp(3040300001, 1)_x000D_
H85: 2 | I85: Record.Mission.Routine.12.1 | J85: Record.Mission.Routine.12.1 | K85: Equal | L85: Login | N85: 2 | O85: StarRecordExp(3040300001, 1)_x000D_
H86: 3 | I86: Record.Mission.Routine.12.1 | J86: Record.Mission.Routine.12.1 | K86: Equal | L86: Login | N86: 3 | O86: StarRecordExp(3040300001, 1)_x000D_
H87: 4 | I87: Record.Mission.Routine.12.1 | J87: Record.Mission.Routine.12.1 | K87: Equal | L87: Login | N87: 4 | O87: StarRecordExp(3040300001, 1)_x000D_
H88: 5 | I88: Record.Mission.Routine.12.1 | J88: Record.Mission.Routine.12.1 | K88: Equal | L88: Login | N88: 5 | O88: StarRecordExp(3040300001, 1)_x000D_
H89: 6 | I89: Record.Mission.Routine.12.1 | J89: Record.Mission.Routine.12.1 | K89: Equal | L89: Login | N89: 6 | O89: StarRecordExp(3040300001, 1)_x000D_
H90: 7 | I90: Record.Mission.Routine.12.1 | J90: Record.Mission.Routine.12.1 | K90: Equal | L90: Login | N90: 7 | O90: StarRecordExp(3040300001, 1)_x000D_
H91: 8 | I91: Record.Mission.Routine.12.1 | J91: Record.Mission.Routine.12.1 | K91: Equal | L91: Login | N91: 8 | O91: StarRecordExp(3040300001, 1)_x000D_
H92: 9 | I92: Record.Mission.Routine.12.1 | J92: Record.Mission.Routine.12.1 | K92: Equal | L92: Login | N92: 9 | O92: StarRecordExp(3040300001, 1)_x000D_
H93: 10 | I93: Record.Mission.Routine.12.1 | J93: Record.Mission.Routine.12.1 | K93: Equal | L93: Login | N93: 10 | O93: StarRecordExp(3040300001, 1)_x000D_
H94: 11 | I94: Record.Mission.Routine.12.1 | J94: Record.Mission.Routine.12.1 | K94: Equal | L94: Login | N94: 11 | O94: StarRecordExp(3040300001, 1)_x000D_
H95: 12 | I95: Record.Mission.Routine.12.1 | J95: Record.Mission.Routine.12.1 | K95: Equal | L95: Login | N95: 12 | O95: StarRecordExp(3040300001, 1)_x000D_
... H111: 28 | I111: Record.Mission.Routine.12.1 | J111: Record.Mission.Routine.12.1 | K111: Equal | L111: Login | N111: 28 | O111: StarRecordExp(3040300001, 1)_x000D_
A112: 2107000001008 | C112: 2200000000029 | D112: StarRecord(3040300001) | E112: TRUE
H113: 1 | I113: Record.Mission.Routine.11.1 | J113: Record.Mission.Routine.11.1 | K113: Equal | L113: MissionAllClear | M113: MissionCategory : 2200000000001 | N113: 1 | O113: StarRecordExp(3040300001, 1)_x000D_ | P113: QuickMove.DailyMission
H114: 2 | I114: Record.Mission.Routine.11.1 | J114: Record.Mission.Routine.11.1 | K114: Equal | L114: MissionAllClear | M114: MissionCategory : 2200000000001 | N114: 2 | O114: StarRecordExp(3040300001, 1)_x000D_ | P114: QuickMove.DailyMission
H115: 3 | I115: Record.Mission.Routine.11.1 | J115: Record.Mission.Routine.11.1 | K115: Equal | L115: MissionAllClear | M115: MissionCategory : 2200000000001 | N115: 3 | O115: StarRecordExp(3040300001, 1)_x000D_ | P115: QuickMove.DailyMission
H116: 4 | I116: Record.Mission.Routine.11.1 | J116: Record.Mission.Routine.11.1 | K116: Equal | L116: MissionAllClear | M116: MissionCategory : 2200000000001 | N116: 4 | O116: StarRecordExp(3040300001, 1)_x000D_ | P116: QuickMove.DailyMission
H117: 5 | I117: Record.Mission.Routine.11.1 | J117: Record.Mission.Routine.11.1 | K117: Equal | L117: MissionAllClear | M117: MissionCategory : 2200000000001 | N117: 5 | O117: StarRecordExp(3040300001, 1)_x000D_ | P117: QuickMove.DailyMission
...

Sheet MissionCase.Purchase
A1: Group | B1: #주석 | C1: Category | D1: NoticeProgress | E1: NoticeComplete | F1: Condition | G1: Ignore | H1: Step | I1: Name | J1: Desc | K1: Continuous | L1: MissionGoal | M1: GoalTarget | N1: GoalCount | O1: Reward | P1: QuickMove
A2: *long | B2: # | C2: $MissionCategory | D2: [dsl] | E2: bool | F2: [dsl] | G2: bool? | H2: int | I2: $Text | J2: $Text | K2: MissionChainingType | L2: StatisticsType | M2: {MissionGoalTargetType : string} | N2: int | O2: [dsl] | P2: $QuickMove?
A3: common | B3: # | C3: common | D3: server | E3: client | F3: common | G3: common | H3: common | I3: client | J3: client | K3: common | L3: common | M3: common | N3: common | O3: common | P3: client
A4: #2110000000000 | C4: 2200000000045 | D4: Never() | E4: FALSE
H5: 1 | I5: Mission.Name.BuyPoint01 | J5: Mission.Desc.BuyPoint | K5: Equal | L5: BuyPoint | N5: 500 | O5: Item(1040102001, 150)
A6: #2110000000001 | C6: 2200000000045 | D6: Never() | E6: FALSE
H7: 1 | I7: Mission.Name.BuyPoint02 | J7: Mission.Desc.BuyPoint | K7: Equal | L7: BuyPoint | N7: 2000 | O7: Item(1040102001, 450)
A8: #2110000000002 | C8: 2200000000045 | D8: Never() | E8: FALSE
H9: 1 | I9: Mission.Name.BuyPoint03 | J9: Mission.Desc.BuyPoint | K9: Equal | L9: BuyPoint | N9: 6000 | O9: Item(1040102001, 1500)
A10: #2110000000003 | C10: 2200000000045 | D10: Never() | E10: FALSE
H11: 1 | I11: Mission.Name.BuyPoint04 | J11: Mission.Desc.BuyPoint | K11: Equal | L11: BuyPoint | N11: 15000 | O11: Item(1040102001, 5200)
A12: 2110000000004 | C12: 2200000000049 | D12: Never() | E12: FALSE
H13: 1 | I13: Mission.Name.BuyPoint | J13: Mission.Desc.BuyPoint | K13: Equal | L13: InAppPurchase | N13: 1 | O13: Item(1040102001, 200) Item(1040413038, 50) | P13: QuickMove.CashShop
A14: #2110000000005 | C14: 2200000000045 | D14: Never() | E14: FALSE
H15: 1 | I15: Mission.Name.BuyPoint05 | J15: Mission.Desc.BuyPoint | K15: Equal | L15: BuyPoint | N15: 30000 | O15: Item(1040102001, 12000)

Sheet MissionCase.EventStory
A1: Group | B1: #주석 | C1: Category | D1: NoticeProgress | E1: NoticeComplete | F1: Condition | G1: Ignore | H1: Step | I1: Name | J1: Desc | K1: Continuous | L1: MissionGoal | M1: GoalTarget | N1: GoalCount | O1: Reward | P1: QuickMove
A2: *long | B2: # | C2: $MissionCategory | D2: [dsl] | E2: bool | F2: [dsl] | G2: bool? | H2: int | I2: $Text | J2: $Text | K2: MissionChainingType | L2: StatisticsType | M2: {MissionGoalTargetType : string} | N2: int | O2: [dsl] | P2: $QuickMove?
A3: common | B3: # | C3: common | D3: server | E3: client | F3: common | G3: common | H3: common | I3: client | J3: client | K3: common | L3: common | M3: common | N3: common | O3: common | P3: client
A4: 2107000000031 | C4: 2200000000046 | D4: StarRecord(3040400001) | E4: TRUE
H5: 1 | I5: Mission.Name.NormalEventClass.SS | J5: Mission.Desc.NormalEventClass.SS | K5: Equal | L5: EventStoryScoreReached | M5: ChapterId: EventStory.iD.01 Mode : Normal_x000D_ Rank : SS | N5: 1 | O5: StarRecordExp(3040400001 , 2) | P5: QuickMove.EventStoryBattle.Id.01
H6: 2 | I6: Mission.Name.NormalEventClass.SS | J6: Mission.Desc.NormalEventClass.SS | K6: Equal | L6: EventStoryScoreReached | M6: ChapterId: EventStory.iD.01 Mode : Normal_x000D_ Rank : SS | N6: 3 | O6: StarRecordExp(3040400001 , 2) | P6: QuickMove.EventStoryBattle.Id.01
H7: 3 | I7: Mission.Name.NormalEventClass.SS | J7: Mission.Desc.NormalEventClass.SS | K7: Equal | L7: EventStoryScoreReached | M7: ChapterId: EventStory.iD.01 Mode : Normal_x000D_ Rank : SS | N7: 8 | O7: StarRecordExp(3040400001 , 2) | P7: QuickMove.EventStoryBattle.Id.01
H8: 4 | I8: Mission.Name.NormalEventClass.SS | J8: Mission.Desc.NormalEventClass.SS | K8: Equal | L8: EventStoryScoreReached | M8: ChapterId: EventStory.iD.01 Mode : Normal_x000D_ Rank : SS | N8: 12 | O8: StarRecordExp(3040400001 , 6) | P8: QuickMove.EventStoryBattle.Id.01
A9: 2107000000032 | C9: 2200000000046 | D9: StarRecord(3040400001) | E9: TRUE
H10: 1 | I10: Mission.Name.HardEventClass.SS | J10: Mission.Desc.HardEventClass.SS | K10: Equal | L10: EventStoryScoreReached | M10: ChapterId: EventStory.iD.01 Mode : Hard_x000D_ Rank : SS | N10: 1 | O10: StarRecordExp(3040400001 , 4) | P10: QuickMove.EventStoryBattle.Id.01
H11: 2 | I11: Mission.Name.HardEventClass.SS | J11: Mission.Desc.HardEventClass.SS | K11: Equal | L11: EventStoryScoreReached | M11: ChapterId: EventStory.iD.01 Mode : Hard_x000D_ Rank : SS | N11: 3 | O11: StarRecordExp(3040400001 , 4) | P11: QuickMove.EventStoryBattle.Id.01
H12: 3 | I12: Mission.Name.HardEventClass.SS | J12: Mission.Desc.HardEventClass.SS | K12: Equal | L12: EventStoryScoreReached | M12: ChapterId: EventStory.iD.01 Mode : Hard_x000D_ Rank : SS | N12: 8 | O12: StarRecordExp(3040400001 , 4) | P12: QuickMove.EventStoryBattle.Id.01
H13: 4 | I13: Mission.Name.HardEventClass.SS | J13: Mission.Desc.HardEventClass.SS | K13: Equal | L13: EventStoryScoreReached | M13: ChapterId: EventStory.iD.01 Mode : Hard_x000D_ Rank : SS | N13: 12 | O13: StarRecordExp(3040400001 , 8) | P13: QuickMove.EventStoryBattle.Id.01
A14: 2107000000033 | C14: 2200000000046 | D14: StarRecord(3040400001) | E14: TRUE
H15: 1 | I15: Mission.Name.StageClear.NormalEventBattle | J15: Mission.Desc.StageClear.NormalEventBattle | K15: Equal | L15: StageClear | M15: ChapterId: EventStory.iD.01 ContentsType:EventStory_x000D_ Mode : Normal | N15: 1 | O15: StarRecordExp(3040400001 , 2) | P15: QuickMove.EventStoryBattle.Id.01
H16: 2 | I16: Mission.Name.StageClear.NormalEventBattle | J16: Mission.Desc.StageClear.NormalEventBattle | K16: Equal | L16: StageClear | M16: ChapterId: EventStory.iD.01 ContentsType:EventStory_x000D_ Mode : Normal | N16: 3 | O16: StarRecordExp(3040400001 , 2) | P16: QuickMove.EventStoryBattle.Id.01
H17: 3 | I17: Mission.Name.StageClear.NormalEventBattle | J17: Mission.Desc.StageClear.NormalEventBattle | K17: Equal | L17: StageClear | M17: ChapterId: EventStory.iD.01 ContentsType:EventStory_x000D_ Mode : Normal | N17: 5 | O17: StarRecordExp(3040400001 , 2) | P17: QuickMove.EventStoryBattle.Id.01
H18: 4 | I18: Mission.Name.StageClear.NormalEventBattle | J18: Mission.Desc.StageClear.NormalEventBattle | K18: Equal | L18: StageClear | M18: ChapterId: EventStory.iD.01 ContentsType:EventStory_x000D_ Mode : Normal | N18: 8 | O18: StarRecordExp(3040400001 , 2) | P18: QuickMove.EventStoryBattle.Id.01
H19: 5 | I19: Mission.Name.StageClear.NormalEventBattle | J19: Mission.Desc.StageClear.NormalEventBattle | K19: Equal | L19: StageClear | M19: ChapterId: EventStory.iD.01 ContentsType:EventStory_x000D_ Mode : Normal | N19: 12 | O19: StarRecordExp(3040400001 , 4) | P19: QuickMove.EventStoryBattle.Id.01
H20: 6 | I20: Mission.Name.StageClear.NormalEventBattle | J20: Mission.Desc.StageClear.NormalEventBattle | K20: Equal | L20: StageClear | M20: ChapterId: EventStory.iD.01 ContentsType:EventStory_x000D_ Mode : Normal | N20: 15 | O20: StarRecordExp(3040400001 , 6) | P20: QuickMove.EventStoryBattle.Id.01
A21: 2107000000034 | C21: 2200000000046 | D21: StarRecord(3040400001) | E21: TRUE
H22: 1 | I22: Mission.Name.StageClear.LastNormalEventBattle | J22: Mission.Desc.StageClear.LastNormalEventBattle | K22: Equal | L22: StageClear | M22: ChapterId: EventStory.iD.01 ContentsType:EventStory_x000D_ Level : 15 | N22: 1 | O22: StarRecordExp(3040400001 , 10) | P22: QuickMove.EventStoryBattle.Id.01
A23: 2107000000035 | C23: 2200000000046 | D23: StarRecord(3040400001) | E23: TRUE
H24: 1 | I24: Mission.Name.StageClear.HardEventBattle | J24: Mission.Desc.StageClear.HardEventBattle | K24: Equal | L24: StageClear | M24: ChapterId: EventStory.iD.01 ContentsType:EventStory_x000D_ Mode : Hard | N24: 1 | O24: StarRecordExp(3040400001 , 4) | P24: QuickMove.EventStoryBattle.Id.01
H25: 2 | I25: Mission.Name.StageClear.HardEventBattle | J25: Mission.Desc.StageClear.HardEventBattle | K25: Equal | L25: StageClear | M25: ChapterId: EventStory.iD.01 ContentsType:EventStory_x000D_ Mode : Hard | N25: 3 | O25: StarRecordExp(3040400001 , 4) | P25: QuickMove.EventStoryBattle.Id.01
H26: 3 | I26: Mission.Name.StageClear.HardEventBattle | J26: Mission.Desc.StageClear.HardEventBattle | K26: Equal | L26: StageClear | M26: ChapterId: EventStory.iD.01 ContentsType:EventStory_x000D_ Mode : Hard | N26: 5 | O26: StarRecordExp(3040400001 , 4) | P26: QuickMove.EventStoryBattle.Id.01
H27: 4 | I27: Mission.Name.StageClear.HardEventBattle | J27: Mission.Desc.StageClear.HardEventBattle | K27: Equal | L27: StageClear | M27: ChapterId: EventStory.iD.01 ContentsType:EventStory_x000D_ Mode : Hard | N27: 8 | O27: StarRecordExp(3040400001 , 4) | P27: QuickMove.EventStoryBattle.Id.01
H28: 5 | I28: Mission.Name.StageClear.HardEventBattle | J28: Mission.Desc.StageClear.HardEventBattle | K28: Equal | L28: StageClear | M28: ChapterId: EventStory.iD.01 ContentsType:EventStory_x000D_ Mode : Hard | N28: 12 | O28: StarRecordExp(3040400001 , 6) | P28: QuickMove.EventStoryBattle.Id.01
H29: 6 | I29: Mission.Name.StageClear.HardEventBattle | J29: Mission.Desc.StageClear.HardEventBattle | K29: Equal | L29: StageClear | M29: ChapterId: EventStory.iD.01 ContentsType:EventStory_x000D_ Mode : Hard | N29: 15 | O29: StarRecordExp(3040400001 , 8) | P29: QuickMove.EventStoryBattle.Id.01
A30: 2107000000036 | C30: 2200000000046 | D30: StarRecord(3040400001) | E30: TRUE
H31: 1 | I31: Mission.Name.StageClear.LastHardEventBattle | J31: Mission.Desc.StageClear.LastHardEventBattle | K31: Equal | L31: StageClear | M31: ChapterId: EventStory.iD.01 ContentsType:EventStory_x000D_ Level : 30 | N31: 1 | O31: StarRecordExp(3040400001 , 12) | P31: QuickMove.EventStoryBattle.Id.01
A32: 2107000000037 | C32: 2200000000046 | D32: StarRecord(3040400001) | E32: TRUE
H33: 1 | I33: Mission.Name.UseCurrency.Event | J33: Mission.Desc.UseCurrency.Event | K33: Equal | L33: ConsumeCurrency | M33: ItemId : 1040420001 | N33: 200 | O33: StarRecordExp(3040400001 , 4) | P33: QuickMove.EventStoryShop.Id.01
H34: 2 | I34: Mission.Name.UseCurrency.Event | J34: Mission.Desc.UseCurrency.Event | K34: Equal | L34: ConsumeCurrency | M34: ItemId : 1040420001 | N34: 400 | O34: StarRecordExp(3040400001 , 8) | P34: QuickMove.EventStoryShop.Id.01
H35: 3 | I35: Mission.Name.UseCurrency.Event | J35: Mission.Desc.UseCurrency.Event | K35: Equal | L35: ConsumeCurrency | M35: ItemId : 1040420001 | N35: 600 | O35: StarRecordExp(3040400001 , 12) | P35: QuickMove.EventStoryShop.Id.01
A37: 2107000000062 | C37: 2200000000050 | D37: StarRecord(3040400002) | E37: TRUE
H38: 1 | I38: Mission.Name.NormalEventClass.SS | J38: Mission.Desc.NormalEventClass.SS | K38: Equal | L38: EventStoryScoreReached | M38: ChapterId: EventStory.Anne.01 Mode : Normal_x000D_ Rank : SS | N38: 1 | O38: StarRecordExp(3040400002 , 2) | P38: QuickMove.EventStoryBattle.Anne.01
H39: 2 | I39: Mission.Name.NormalEventClass.SS | J39: Mission.Desc.NormalEventClass.SS | K39: Equal | L39: EventStoryScoreReached | M39: ChapterId: EventStory.Anne.01 Mode : Normal_x000D_ Rank : SS | N39: 3 | O39: StarRecordExp(3040400002 , 2) | P39: QuickMove.EventStoryBattle.Anne.01
H40: 3 | I40: Mission.Name.NormalEventClass.SS | J40: Mission.Desc.NormalEventClass.SS | K40: Equal | L40: EventStoryScoreReached | M40: ChapterId: EventStory.Anne.01 Mode : Normal_x000D_ Rank : SS | N40: 8 | O40: StarRecordExp(3040400002 , 2) | P40: QuickMove.EventStoryBattle.Anne.01
H41: 4 | I41: Mission.Name.NormalEventClass.SS | J41: Mission.Desc.NormalEventClass.SS | K41: Equal | L41: EventStoryScoreReached | M41: ChapterId: EventStory.Anne.01 Mode : Normal_x000D_ Rank : SS | N41: 12 | O41: StarRecordExp(3040400002 , 6) | P41: QuickMove.EventStoryBattle.Anne.01
A42: 2107000000063 | C42: 2200000000050 | D42: StarRecord(3040400002) | E42: TRUE
H43: 1 | I43: Mission.Name.HardEventClass.SS | J43: Mission.Desc.HardEventClass.SS | K43: Equal | L43: EventStoryScoreReached | M43: ChapterId: EventStory.Anne.01 Mode : Hard_x000D_ Rank : SS | N43: 1 | O43: StarRecordExp(3040400002 , 4) | P43: QuickMove.EventStoryBattle.Anne.01
H44: 2 | I44: Mission.Name.HardEventClass.SS | J44: Mission.Desc.HardEventClass.SS | K44: Equal | L44: EventStoryScoreReached | M44: ChapterId: EventStory.Anne.01 Mode : Hard_x000D_ Rank : SS | N44: 3 | O44: StarRecordExp(3040400002 , 4) | P44: QuickMove.EventStoryBattle.Anne.01
H45: 3 | I45: Mission.Name.HardEventClass.SS | J45: Mission.Desc.HardEventClass.SS | K45: Equal | L45: EventStoryScoreReached | M45: ChapterId: EventStory.Anne.01 Mode : Hard_x000D_ Rank : SS | N45: 8 | O45: StarRecordExp(3040400002 , 4) | P45: QuickMove.EventStoryBattle.Anne.01
H46: 4 | I46: Mission.Name.HardEventClass.SS | J46: Mission.Desc.HardEventClass.SS | K46: Equal | L46: EventStoryScoreReached | M46: ChapterId: EventStory.Anne.01 Mode : Hard_x000D_ Rank : SS | N46: 12 | O46: StarRecordExp(3040400002 , 8) | P46: QuickMove.EventStoryBattle.Anne.01
A47: 2107000000064 | C47: 2200000000050 | D47: StarRecord(3040400002) | E47: TRUE
H48: 1 | I48: Mission.Name.StageClear.NormalEventBattle | J48: Mission.Desc.StageClear.NormalEventBattle | K48: Equal | L48: StageClear | M48: ChapterId: EventStory.Anne.01 ContentsType:EventStory_x000D_ Mode : Normal | N48: 1 | O48: StarRecordExp(3040400002 , 2) | P48: QuickMove.EventStoryBattle.Anne.01
H49: 2 | I49: Mission.Name.StageClear.NormalEventBattle | J49: Mission.Desc.StageClear.NormalEventBattle | K49: Equal | L49: StageClear | M49: ChapterId: EventStory.Anne.01 ContentsType:EventStory_x000D_ Mode : Normal | N49: 3 | O49: StarRecordExp(3040400002 , 2) | P49: QuickMove.EventStoryBattle.Anne.01
H50: 3 | I50: Mission.Name.StageClear.NormalEventBattle | J50: Mission.Desc.StageClear.NormalEventBattle | K50: Equal | L50: StageClear | M50: ChapterId: EventStory.Anne.01 ContentsType:EventStory_x000D_ Mode : Normal | N50: 5 | O50: StarRecordExp(3040400002 , 2) | P50: QuickMove.EventStoryBattle.Anne.01
H51: 4 | I51: Mission.Name.StageClear.NormalEventBattle | J51: Mission.Desc.StageClear.NormalEventBattle | K51: Equal | L51: StageClear | M51: ChapterId: EventStory.Anne.01 ContentsType:EventStory_x000D_ Mode : Normal | N51: 8 | O51: StarRecordExp(3040400002 , 2) | P51: QuickMove.EventStoryBattle.Anne.01
H52: 5 | I52: Mission.Name.StageClear.NormalEventBattle | J52: Mission.Desc.StageClear.NormalEventBattle | K52: Equal | L52: StageClear | M52: ChapterId: EventStory.Anne.01 ContentsType:EventStory_x000D_ Mode : Normal | N52: 12 | O52: StarRecordExp(3040400002 , 4) | P52: QuickMove.EventStoryBattle.Anne.01
H53: 6 | I53: Mission.Name.StageClear.NormalEventBattle | J53: Mission.Desc.StageClear.NormalEventBattle | K53: Equal | L53: StageClear | M53: ChapterId: EventStory.Anne.01 ContentsType:EventStory_x000D_ Mode : Normal | N53: 15 | O53: StarRecordExp(3040400002 , 6) | P53: QuickMove.EventStoryBattle.Anne.01
A54: 2107000000065 | C54: 2200000000050 | D54: StarRecord(3040400002) | E54: TRUE
H55: 1 | I55: Mission.Name.StageClear.LastNormalEventBattle | J55: Mission.Desc.StageClear.LastNormalEventBattle | K55: Equal | L55: StageClear | M55: ChapterId: EventStory.Anne.01 ContentsType:EventStory_x000D_ Level : 15 | N55: 1 | O55: StarRecordExp(3040400002 , 10) | P55: QuickMove.EventStoryBattle.Anne.01
A56: 2107000000066 | C56: 2200000000050 | D56: StarRecord(3040400002) | E56: TRUE
H57: 1 | I57: Mission.Name.StageClear.HardEventBattle | J57: Mission.Desc.StageClear.HardEventBattle | K57: Equal | L57: StageClear | M57: ChapterId: EventStory.Anne.01 ContentsType:EventStory_x000D_ Mode : Hard | N57: 1 | O57: StarRecordExp(3040400002 , 4) | P57: QuickMove.EventStoryBattle.Anne.01
H58: 2 | I58: Mission.Name.StageClear.HardEventBattle | J58: Mission.Desc.StageClear.HardEventBattle | K58: Equal | L58: StageClear | M58: ChapterId: EventStory.Anne.01 ContentsType:EventStory_x000D_ Mode : Hard | N58: 3 | O58: StarRecordExp(3040400002 , 4) | P58: QuickMove.EventStoryBattle.Anne.01
H59: 3 | I59: Mission.Name.StageClear.HardEventBattle | J59: Mission.Desc.StageClear.HardEventBattle | K59: Equal | L59: StageClear | M59: ChapterId: EventStory.Anne.01 ContentsType:EventStory_x000D_ Mode : Hard | N59: 5 | O59: StarRecordExp(3040400002 , 4) | P59: QuickMove.EventStoryBattle.Anne.01
H60: 4 | I60: Mission.Name.StageClear.HardEventBattle | J60: Mission.Desc.StageClear.HardEventBattle | K60: Equal | L60: StageClear | M60: ChapterId: EventStory.Anne.01 ContentsType:EventStory_x000D_ Mode : Hard | N60: 8 | O60: StarRecordExp(3040400002 , 4) | P60: QuickMove.EventStoryBattle.Anne.01
H61: 5 | I61: Mission.Name.StageClear.HardEventBattle | J61: Mission.Desc.StageClear.HardEventBattle | K61: Equal | L61: StageClear | M61: ChapterId: EventStory.Anne.01 ContentsType:EventStory_x000D_ Mode : Hard | N61: 12 | O61: StarRecordExp(3040400002 , 6) | P61: QuickMove.EventStoryBattle.Anne.01
H62: 6 | I62: Mission.Name.StageClear.HardEventBattle | J62: Mission.Desc.StageClear.HardEventBattle | K62: Equal | L62: StageClear | M62: ChapterId: EventStory.Anne.01 ContentsType:EventStory_x000D_ Mode : Hard | N62: 15 | O62: StarRecordExp(3040400002 , 8) | P62: QuickMove.EventStoryBattle.Anne.01
A63: 2107000000067 | C63: 2200000000050 | D63: StarRecord(3040400002) | E63: TRUE
H64: 1 | I64: Mission.Name.StageClear.LastHardEventBattle | J64: Mission.Desc.StageClear.LastHardEventBattle | K64: Equal | L64: StageClear | M64: ChapterId: EventStory.Anne.01 ContentsType:EventStory_x000D_ Level : 30 | N64: 1 | O64: StarRecordExp(3040400002 , 12) | P64: QuickMove.EventStoryBattle.Anne.01
A65: 2107000000068 | C65: 2200000000050 | D65: StarRecord(3040400002) | E65: TRUE
H66: 1 | I66: Mission.Name.UseCurrency.Event.Anne | J66: Mission.Desc.UseCurrency.Event | K66: Equal | L66: ConsumeCurrency | M66: ItemId : 1040420002 | N66: 200 | O66: StarRecordExp(3040400002 , 4) | P66: QuickMove.EventStoryShop.Anne.01
H67: 2 | I67: Mission.Name.UseCurrency.Event.Anne | J67: Mission.Desc.UseCurrency.Event | K67: Equal | L67: ConsumeCurrency | M67: ItemId : 1040420002 | N67: 400 | O67: StarRecordExp(3040400002 , 8) | P67: QuickMove.EventStoryShop.Anne.01
H68: 3 | I68: Mission.Name.UseCurrency.Event.Anne | J68: Mission.Desc.UseCurrency.Event | K68: Equal | L68: ConsumeCurrency | M68: ItemId : 1040420002 | N68: 600 | O68: StarRecordExp(3040400002 , 12) | P68: QuickMove.EventStoryShop.Anne.01
A70: 2107000000069 | C70: 2200000000053 | D70: StarRecord(3040400003) | E70: TRUE
