Workbook

Sheet Monster
A1: Id | B1: #기획 | C1: #기획 | D1: Name | E1: Type | F1: FactionGroudId | G1: Attackable | H1: Boss | I1: UseHpSlice | J1: Radius | K1: MoveValue | L1: NormalSkill1 | M1: NormalSkill2 | N1: NormalSkill3 | O1: Skill1 | P1: Skill2 | Q1: Skill3 | R1: Skill4 | S1: Skill5 | T1: UltimateSkill | U1: UltimateExSkill | V1: Left | W1: PrefabBattle | X1: PrefabSpine | Y1: Icon | Z1: UltimateTimeline | AA1: VictoryTimeline | AB1: DieSound | AC1: Scale | AD1: CriticalEffect | AE1: StartTimeline | AF1: EndTimeline | AG1: Attribute
A2: *long | B2: # | C2: # | D2: string | E2: ClassType | F2: $FactionGroup? | G2: bool | H2: bool | I2: bool | J2: int | K2: int | L2: $SkillGroup? | M2: $SkillGroup? | N2: $SkillGroup? | O2: $SkillGroup? | P2: $SkillGroup? | Q2: $SkillGroup? | R2: $SkillGroup? | S2: $SkillGroup? | T2: $SkillGroup? | U2: $SkillGroup? | V2: bool | W2: string | X2: string | Y2: string | Z2: string | AA2: string | AB2: string | AC2: float | AD2: string | AE2: string | AF2: string | AG2: AttributeType
A3: common | B3: #사용처 | C3: #리소스명 | D3: client | E3: common | F3: common | G3: common | H3: common | I3: client | J3: common | K3: common | L3: common | M3: common | N3: common | O3: common | P3: common | Q3: common | R3: common | S3: common | T3: common | U3: common | V3: client | W3: client | X3: client | Y3: client | Z3: client | AA3: client | AB3: client | AC3: client | AD3: client | AE3: common | AF3: common | AG3: common
A4: 1110201101 | B4: Sector01 | C4: 솔리드메카mk1 | D4: ="Monster.Name."&VLOOKUP($C4,'#Data'!$B$2:$J$344,2,FALSE) -> Monster.Name.solid_turretmk1_1 | E4: Attacker | F4: Fac_nul_ind | G4: TRUE | H4: =IF(OR(VLOOKUP($C4,'#Data'!$B$2:$J$344,4,FALSE)="보스",VLOOKUP($C4,'#Data'!$B$2:$J$344,4,FALSE)="중간"),TRUE,FALSE) -> FALSE | I4: =IF(OR(VLOOKUP($C4,'#Data'!$B$2:$J$344,4,FALSE)="보스",VLOOKUP($C4,'#Data'!$B$2:$J$344,4,FALSE)="중간"),TRUE,FALSE) -> FALSE | J4: 10 | K4: =VLOOKUP($A4,쿼리1[[ID]:[열1]],3,FALSE) -> 10 | L4: =$B4&"."&VLOOKUP($C4,'#Data'!$B$2:$J$344,2,FALSE)&".attack0"&RIGHT(L$1,1) -> Sector01.solid_turretmk1_1.attack01 | O4: Sector01.solid_turretmk1_1.skill01 | V4: FALSE | W4: ="Character/Prefabs/"&VLOOKUP($C4,'#Data'!$B$3:$I$344,8,FALSE) -> Character/Prefabs/m_s_attacker_solid_turretmk1_1 | Y4: =VLOOKUP($C4,'#Data'!$B$3:$I$344,8,FALSE) -> m_s_attacker_solid_turretmk1_1 | AC4: 0.7 | AG4: AttributeNone
A5: 1110201102 | B5: Sector01 | C5: 터렛프로토 | D5: ="Monster.Name."&VLOOKUP($C5,'#Data'!$B$2:$J$344,2,FALSE) -> Monster.Name.spider_turret_prototype_1 | E5: Ranger | F5: Fac_nul_ind | G5: TRUE | H5: =IF(OR(VLOOKUP($C5,'#Data'!$B$2:$J$344,4,FALSE)="보스",VLOOKUP($C5,'#Data'!$B$2:$J$344,4,FALSE)="중간"),TRUE,FALSE) -> FALSE | I5: =IF(OR(VLOOKUP($C5,'#Data'!$B$2:$J$344,4,FALSE)="보스",VLOOKUP($C5,'#Data'!$B$2:$J$344,4,FALSE)="중간"),TRUE,FALSE) -> FALSE | J5: 10 | K5: =VLOOKUP($A5,쿼리1[[ID]:[열1]],3,FALSE) -> 30 | L5: =$B5&"."&VLOOKUP($C5,'#Data'!$B$2:$J$344,2,FALSE)&".attack0"&RIGHT(L$1,1) -> Sector01.spider_turret_prototype_1.attack01 | O5: Sector01.spider_turret_prototype_1.skill01 | V5: FALSE | W5: ="Character/Prefabs/"&VLOOKUP($C5,'#Data'!$B$3:$I$344,8,FALSE) -> Character/Prefabs/m_s_ranger_spider_turret_prototype_1 | Y5: =VLOOKUP($C5,'#Data'!$B$3:$I$344,8,FALSE) -> m_s_ranger_spider_turret_prototype_1 | AC5: 0.6 | AG5: AttributeNone
A6: 1110201103 | B6: Sector01 | C6: 일렉트릭드론 | D6: ="Monster.Name."&VLOOKUP($C6,'#Data'!$B$2:$J$344,2,FALSE) -> Monster.Name.electric_drone_1 | E6: Attacker | F6: Fac_nul_ind | G6: TRUE | H6: =IF(OR(VLOOKUP($C6,'#Data'!$B$2:$J$344,4,FALSE)="보스",VLOOKUP($C6,'#Data'!$B$2:$J$344,4,FALSE)="중간"),TRUE,FALSE) -> FALSE | I6: =IF(OR(VLOOKUP($C6,'#Data'!$B$2:$J$344,4,FALSE)="보스",VLOOKUP($C6,'#Data'!$B$2:$J$344,4,FALSE)="중간"),TRUE,FALSE) -> FALSE | J6: 10 | K6: =VLOOKUP($A6,쿼리1[[ID]:[열1]],3,FALSE) -> 10 | L6: =$B6&"."&VLOOKUP($C6,'#Data'!$B$2:$J$344,2,FALSE)&".attack0"&RIGHT(L$1,1) -> Sector01.electric_drone_1.attack01 | O6: Sector01.electric_drone_1.skill01 | V6: FALSE | W6: ="Character/Prefabs/"&VLOOKUP($C6,'#Data'!$B$3:$I$344,8,FALSE) -> Character/Prefabs/m_s_attacker_electric_drone_1 | Y6: =VLOOKUP($C6,'#Data'!$B$3:$I$344,8,FALSE) -> m_s_attacker_electric_drone_1 | AC6: 0.7 | AG6: AttributeNone
A7: 1110201104 | B7: Sector01 | C7: 재밍드론 | D7: ="Monster.Name."&VLOOKUP($C7,'#Data'!$B$2:$J$344,2,FALSE) -> Monster.Name.jamming_drone_1 | E7: Ranger | F7: Fac_nul_ind | G7: TRUE | H7: =IF(OR(VLOOKUP($C7,'#Data'!$B$2:$J$344,4,FALSE)="보스",VLOOKUP($C7,'#Data'!$B$2:$J$344,4,FALSE)="중간"),TRUE,FALSE) -> FALSE | I7: =IF(OR(VLOOKUP($C7,'#Data'!$B$2:$J$344,4,FALSE)="보스",VLOOKUP($C7,'#Data'!$B$2:$J$344,4,FALSE)="중간"),TRUE,FALSE) -> FALSE | J7: 10 | K7: =VLOOKUP($A7,쿼리1[[ID]:[열1]],3,FALSE) -> 10 | L7: =$B7&"."&VLOOKUP($C7,'#Data'!$B$2:$J$344,2,FALSE)&".attack0"&RIGHT(L$1,1) -> Sector01.jamming_drone_1.attack01 | O7: Sector01.jamming_drone_1.skill01 | V7: FALSE | W7: ="Character/Prefabs/"&VLOOKUP($C7,'#Data'!$B$3:$I$344,8,FALSE) -> Character/Prefabs/m_s_ranger_jamming_drone_1 | Y7: =VLOOKUP($C7,'#Data'!$B$3:$I$344,8,FALSE) -> m_s_ranger_jamming_drone_1 | AC7: 0.6 | AG7: AttributeNone
A8: 1110201105 | B8: Sector01 | C8: 트루퍼라이플 | D8: ="Monster.Name."&VLOOKUP($C8,'#Data'!$B$2:$J$344,2,FALSE) -> Monster.Name.trooper_sniper_1 | E8: Ranger | F8: Fac_nul_ind | G8: TRUE | H8: =IF(OR(VLOOKUP($C8,'#Data'!$B$2:$J$344,4,FALSE)="보스",VLOOKUP($C8,'#Data'!$B$2:$J$344,4,FALSE)="중간"),TRUE,FALSE) -> FALSE | I8: =IF(OR(VLOOKUP($C8,'#Data'!$B$2:$J$344,4,FALSE)="보스",VLOOKUP($C8,'#Data'!$B$2:$J$344,4,FALSE)="중간"),TRUE,FALSE) -> FALSE | J8: 10 | K8: =VLOOKUP($A8,쿼리1[[ID]:[열1]],3,FALSE) -> 10 | L8: =$B8&"."&VLOOKUP($C8,'#Data'!$B$2:$J$344,2,FALSE)&".attack0"&RIGHT(L$1,1) -> Sector01.trooper_sniper_1.attack01 | O8: =$B8&"."&VLOOKUP($C8,'#Data'!$B$2:$J$344,2,FALSE)&".skill0"&RIGHT(O$1,1) -> Sector01.trooper_sniper_1.skill01 | P8: Sector01.trooper_sniper_1.skill02 | V8: FALSE | W8: ="Character/Prefabs/"&VLOOKUP($C8,'#Data'!$B$3:$I$344,8,FALSE) -> Character/Prefabs/m_m_ranger_trooper_sniper_1 | Y8: =VLOOKUP($C8,'#Data'!$B$3:$I$344,8,FALSE) -> m_m_ranger_trooper_sniper_1 | AC8: 0.8 | AG8: AttributeNone
A9: 1110201106 | B9: Sector01 | C9: 트루퍼쉴드 | D9: ="Monster.Name."&VLOOKUP($C9,'#Data'!$B$2:$J$344,2,FALSE) -> Monster.Name.trooper_guard_1 | E9: Tanker | F9: Fac_nul_ind | G9: TRUE | H9: =IF(OR(VLOOKUP($C9,'#Data'!$B$2:$J$344,4,FALSE)="보스",VLOOKUP($C9,'#Data'!$B$2:$J$344,4,FALSE)="중간"),TRUE,FALSE) -> FALSE | I9: =IF(OR(VLOOKUP($C9,'#Data'!$B$2:$J$344,4,FALSE)="보스",VLOOKUP($C9,'#Data'!$B$2:$J$344,4,FALSE)="중간"),TRUE,FALSE) -> FALSE | J9: 10 | K9: =VLOOKUP($A9,쿼리1[[ID]:[열1]],3,FALSE) -> 10 | L9: =$B9&"."&VLOOKUP($C9,'#Data'!$B$2:$J$344,2,FALSE)&".attack0"&RIGHT(L$1,1) -> Sector01.trooper_guard_1.attack01 | O9: =$B9&"."&VLOOKUP($C9,'#Data'!$B$2:$J$344,2,FALSE)&".skill0"&RIGHT(O$1,1) -> Sector01.trooper_guard_1.skill01 | P9: Sector01.trooper_guard_1.skill02 | V9: FALSE | W9: ="Character/Prefabs/"&VLOOKUP($C9,'#Data'!$B$3:$I$344,8,FALSE) -> Character/Prefabs/m_m_tanker_trooper_guard_1 | Y9: =VLOOKUP($C9,'#Data'!$B$3:$I$344,8,FALSE) -> m_m_tanker_trooper_guard_1 | AC9: 0.8 | AG9: AttributeNone
A10: 1110201107 | B10: Sector01 | C10: 트루퍼건틀릿 | D10: ="Monster.Name."&VLOOKUP($C10,'#Data'!$B$2:$J$344,2,FALSE) -> Monster.Name.trooper_champion_1 | E10: Attacker | F10: Fac_nul_ind | G10: TRUE | H10: =IF(OR(VLOOKUP($C10,'#Data'!$B$2:$J$344,4,FALSE)="보스",VLOOKUP($C10,'#Data'!$B$2:$J$344,4,FALSE)="중간"),TRUE,FALSE) -> FALSE | I10: =IF(OR(VLOOKUP($C10,'#Data'!$B$2:$J$344,4,FALSE)="보스",VLOOKUP($C10,'#Data'!$B$2:$J$344,4,FALSE)="중간"),TRUE,FALSE) -> FALSE | J10: 10 | K10: =VLOOKUP($A10,쿼리1[[ID]:[열1]],3,FALSE) -> 10 | L10: =$B10&"."&VLOOKUP($C10,'#Data'!$B$2:$J$344,2,FALSE)&".attack0"&RIGHT(L$1,1) -> Sector01.trooper_champion_1.attack01 | O10: =$B10&"."&VLOOKUP($C10,'#Data'!$B$2:$J$344,2,FALSE)&".skill0"&RIGHT(O$1,1) -> Sector01.trooper_champion_1.skill01 | P10: Sector01.trooper_champion_1.skill02 | V10: FALSE | W10: ="Character/Prefabs/"&VLOOKUP($C10,'#Data'!$B$3:$I$344,8,FALSE) -> Character/Prefabs/m_m_attacker_trooper_champion_1 | Y10: =VLOOKUP($C10,'#Data'!$B$3:$I$344,8,FALSE) -> m_m_attacker_trooper_champion_1 | AC10: 0.8 | AG10: AttributeNone
A11: 1110201108 | B11: Sector01 | C11: 트루퍼런처 | D11: ="Monster.Name."&VLOOKUP($C11,'#Data'!$B$2:$J$344,2,FALSE) -> Monster.Name.trooper_demolisher_1 | E11: Ranger | F11: Fac_nul_ind | G11: TRUE | H11: =IF(OR(VLOOKUP($C11,'#Data'!$B$2:$J$344,4,FALSE)="보스",VLOOKUP($C11,'#Data'!$B$2:$J$344,4,FALSE)="중간"),TRUE,FALSE) -> FALSE | I11: =IF(OR(VLOOKUP($C11,'#Data'!$B$2:$J$344,4,FALSE)="보스",VLOOKUP($C11,'#Data'!$B$2:$J$344,4,FALSE)="중간"),TRUE,FALSE) -> FALSE | J11: 10 | K11: =VLOOKUP($A11,쿼리1[[ID]:[열1]],3,FALSE) -> 10 | L11: =$B11&"."&VLOOKUP($C11,'#Data'!$B$2:$J$344,2,FALSE)&".attack0"&RIGHT(L$1,1) -> Sector01.trooper_demolisher_1.attack01 | O11: =$B11&"."&VLOOKUP($C11,'#Data'!$B$2:$J$344,2,FALSE)&".skill0"&RIGHT(O$1,1) -> Sector01.trooper_demolisher_1.skill01 | P11: Sector01.trooper_demolisher_1.skill02 | V11: FALSE | W11: ="Character/Prefabs/"&VLOOKUP($C11,'#Data'!$B$3:$I$344,8,FALSE) -> Character/Prefabs/m_m_ranger_trooper_demolisher_1 | Y11: =VLOOKUP($C11,'#Data'!$B$3:$I$344,8,FALSE) -> m_m_ranger_trooper_demolisher_1 | AC11: 0.8 | AG11: AttributeNone
A12: 1110201109 | B12: Sector01 | C12: 트루퍼플레임 | D12: ="Monster.Name."&VLOOKUP($C12,'#Data'!$B$2:$J$344,2,FALSE) -> Monster.Name.trooper_inferno_1 | E12: Attacker | F12: Fac_nul_ind | G12: TRUE | H12: =IF(OR(VLOOKUP($C12,'#Data'!$B$2:$J$344,4,FALSE)="보스",VLOOKUP($C12,'#Data'!$B$2:$J$344,4,FALSE)="중간"),TRUE,FALSE) -> FALSE | I12: =IF(OR(VLOOKUP($C12,'#Data'!$B$2:$J$344,4,FALSE)="보스",VLOOKUP($C12,'#Data'!$B$2:$J$344,4,FALSE)="중간"),TRUE,FALSE) -> FALSE | J12: 10 | K12: =VLOOKUP($A12,쿼리1[[ID]:[열1]],3,FALSE) -> 10 | L12: =$B12&"."&VLOOKUP($C12,'#Data'!$B$2:$J$344,2,FALSE)&".attack0"&RIGHT(L$1,1) -> Sector01.trooper_inferno_1.attack01 | O12: =$B12&"."&VLOOKUP($C12,'#Data'!$B$2:$J$344,2,FALSE)&".skill0"&RIGHT(O$1,1) -> Sector01.trooper_inferno_1.skill01 | P12: Sector01.trooper_inferno_1.skill02 | V12: FALSE | W12: ="Character/Prefabs/"&VLOOKUP($C12,'#Data'!$B$3:$I$344,8,FALSE) -> Character/Prefabs/m_m_attacker_trooper_inferno_1 | Y12: =VLOOKUP($C12,'#Data'!$B$3:$I$344,8,FALSE) -> m_m_attacker_trooper_inferno_1 | AC12: 0.8 | AG12: AttributeNone
A13: 1110201110 | B13: Sector01 | C13: 솔리드메카mk1베리 | D13: ="Monster.Name."&VLOOKUP($C13,'#Data'!$B$2:$J$344,2,FALSE) -> Monster.Name.solid_turretmk1_2 | E13: Attacker | F13: Fac_nul_ind | G13: TRUE | H13: =IF(OR(VLOOKUP($C13,'#Data'!$B$2:$J$344,4,FALSE)="보스",VLOOKUP($C13,'#Data'!$B$2:$J$344,4,FALSE)="중간"),TRUE,FALSE) -> FALSE | I13: =IF(OR(VLOOKUP($C13,'#Data'!$B$2:$J$344,4,FALSE)="보스",VLOOKUP($C13,'#Data'!$B$2:$J$344,4,FALSE)="중간"),TRUE,FALSE) -> FALSE | J13: 10 | K13: =VLOOKUP($A13,쿼리1[[ID]:[열1]],3,FALSE) -> 10 | L13: Sector01.solid_turretmk1_1.attack01 | O13: Sector01.solid_turretmk1_1.skill01 | V13: FALSE | W13: ="Character/Prefabs/"&VLOOKUP($C13,'#Data'!$B$3:$I$344,8,FALSE) -> Character/Prefabs/m_s_attacker_solid_turretmk1_2 | Y13: =VLOOKUP($C13,'#Data'!$B$3:$I$344,8,FALSE) -> m_s_attacker_solid_turretmk1_2 | AC13: 0.7 | AG13: AttributeNone
A14: 1110201111 | B14: Sector01 | C14: 터렛프로토베리 | D14: ="Monster.Name."&VLOOKUP($C14,'#Data'!$B$2:$J$344,2,FALSE) -> Monster.Name.spider_turret_prototype_2 | E14: Ranger | F14: Fac_nul_ind | G14: TRUE | H14: =IF(OR(VLOOKUP($C14,'#Data'!$B$2:$J$344,4,FALSE)="보스",VLOOKUP($C14,'#Data'!$B$2:$J$344,4,FALSE)="중간"),TRUE,FALSE) -> FALSE | I14: =IF(OR(VLOOKUP($C14,'#Data'!$B$2:$J$344,4,FALSE)="보스",VLOOKUP($C14,'#Data'!$B$2:$J$344,4,FALSE)="중간"),TRUE,FALSE) -> FALSE | J14: 10 | K14: =VLOOKUP($A14,쿼리1[[ID]:[열1]],3,FALSE) -> 30 | L14: Sector01.spider_turret_prototype_1.attack01 | O14: Sector01.spider_turret_prototype_1.skill01 | V14: FALSE | W14: ="Character/Prefabs/"&VLOOKUP($C14,'#Data'!$B$3:$I$344,8,FALSE) -> Character/Prefabs/m_s_ranger_spider_turret_prototype_2 | Y14: =VLOOKUP($C14,'#Data'!$B$3:$I$344,8,FALSE) -> m_s_ranger_spider_turret_prototype_2 | AC14: 0.6 | AG14: AttributeNone
A15: 1110201112 | B15: Sector01 | C15: 일렉트릭드론베리 | D15: ="Monster.Name."&VLOOKUP($C15,'#Data'!$B$2:$J$344,2,FALSE) -> Monster.Name.electric_drone_2 | E15: Attacker | F15: Fac_nul_ind | G15: TRUE | H15: =IF(OR(VLOOKUP($C15,'#Data'!$B$2:$J$344,4,FALSE)="보스",VLOOKUP($C15,'#Data'!$B$2:$J$344,4,FALSE)="중간"),TRUE,FALSE) -> FALSE | I15: =IF(OR(VLOOKUP($C15,'#Data'!$B$2:$J$344,4,FALSE)="보스",VLOOKUP($C15,'#Data'!$B$2:$J$344,4,FALSE)="중간"),TRUE,FALSE) -> FALSE | J15: 10 | K15: =VLOOKUP($A15,쿼리1[[ID]:[열1]],3,FALSE) -> 10 | L15: Sector01.electric_drone_1.attack01 | O15: Sector01.electric_drone_1.skill01 | V15: FALSE | W15: Character/Prefabs/m_s_attacker_electric_drone_5 | Y15: m_s_attacker_electric_drone_5 | AC15: 0.7 | AG15: AttributeNone
A16: 1110201113 | B16: Sector01 | C16: 재밍드론베리 | D16: ="Monster.Name."&VLOOKUP($C16,'#Data'!$B$2:$J$344,2,FALSE) -> Monster.Name.jamming_drone_2 | E16: Ranger | F16: Fac_nul_ind | G16: TRUE | H16: =IF(OR(VLOOKUP($C16,'#Data'!$B$2:$J$344,4,FALSE)="보스",VLOOKUP($C16,'#Data'!$B$2:$J$344,4,FALSE)="중간"),TRUE,FALSE) -> FALSE | I16: =IF(OR(VLOOKUP($C16,'#Data'!$B$2:$J$344,4,FALSE)="보스",VLOOKUP($C16,'#Data'!$B$2:$J$344,4,FALSE)="중간"),TRUE,FALSE) -> FALSE | J16: 10 | K16: =VLOOKUP($A16,쿼리1[[ID]:[열1]],3,FALSE) -> 10 | L16: Sector01.jamming_drone_1.attack01 | O16: Sector01.jamming_drone_1.skill01 | V16: FALSE | W16: Character/Prefabs/m_s_ranger_jamming_drone_4 | Y16: m_s_ranger_jamming_drone_4 | AC16: 0.6 | AG16: AttributeNone
A17: 1110201114 | B17: Sector01 | C17: 트루퍼라이플베리 | D17: ="Monster.Name."&VLOOKUP($C17,'#Data'!$B$2:$J$344,2,FALSE) -> Monster.Name.trooper_sniper_2 | E17: Ranger | F17: Fac_nul_ind | G17: TRUE | H17: =IF(OR(VLOOKUP($C17,'#Data'!$B$2:$J$344,4,FALSE)="보스",VLOOKUP($C17,'#Data'!$B$2:$J$344,4,FALSE)="중간"),TRUE,FALSE) -> FALSE | I17: =IF(OR(VLOOKUP($C17,'#Data'!$B$2:$J$344,4,FALSE)="보스",VLOOKUP($C17,'#Data'!$B$2:$J$344,4,FALSE)="중간"),TRUE,FALSE) -> FALSE | J17: 10 | K17: =VLOOKUP($A17,쿼리1[[ID]:[열1]],3,FALSE) -> 10 | L17: Sector01.trooper_sniper_1.attack01 | O17: Sector01.trooper_sniper_1.skill01 | P17: Sector01.trooper_sniper_1.skill02 | V17: FALSE | W17: ="Character/Prefabs/"&VLOOKUP($C17,'#Data'!$B$3:$I$344,8,FALSE) -> Character/Prefabs/m_m_ranger_trooper_sniper_2 | Y17: =VLOOKUP($C17,'#Data'!$B$3:$I$344,8,FALSE) -> m_m_ranger_trooper_sniper_2 | AC17: 0.8 | AG17: AttributeNone
A18: 1110201115 | B18: Sector01 | C18: 트루퍼쉴드베리 | D18: ="Monster.Name."&VLOOKUP($C18,'#Data'!$B$2:$J$344,2,FALSE) -> Monster.Name.trooper_guard_2 | E18: Tanker | F18: Fac_nul_ind | G18: TRUE | H18: =IF(OR(VLOOKUP($C18,'#Data'!$B$2:$J$344,4,FALSE)="보스",VLOOKUP($C18,'#Data'!$B$2:$J$344,4,FALSE)="중간"),TRUE,FALSE) -> FALSE | I18: =IF(OR(VLOOKUP($C18,'#Data'!$B$2:$J$344,4,FALSE)="보스",VLOOKUP($C18,'#Data'!$B$2:$J$344,4,FALSE)="중간"),TRUE,FALSE) -> FALSE | J18: 10 | K18: =VLOOKUP($A18,쿼리1[[ID]:[열1]],3,FALSE) -> 10 | L18: Sector01.trooper_guard_1.attack01 | O18: Sector01.trooper_guard_1.skill01 | P18: Sector01.trooper_guard_1.skill02 | V18: FALSE | W18: ="Character/Prefabs/"&VLOOKUP($C18,'#Data'!$B$3:$I$344,8,FALSE) -> Character/Prefabs/m_m_tanker_trooper_guard_2 | Y18: =VLOOKUP($C18,'#Data'!$B$3:$I$344,8,FALSE) -> m_m_tanker_trooper_guard_2 | AC18: 0.8 | AG18: AttributeNone
A19: 1110201116 | B19: Sector01 | C19: 트루퍼건틀릿베리 | D19: ="Monster.Name."&VLOOKUP($C19,'#Data'!$B$2:$J$344,2,FALSE) -> Monster.Name.trooper_champion_2 | E19: Attacker | F19: Fac_nul_ind | G19: TRUE | H19: =IF(OR(VLOOKUP($C19,'#Data'!$B$2:$J$344,4,FALSE)="보스",VLOOKUP($C19,'#Data'!$B$2:$J$344,4,FALSE)="중간"),TRUE,FALSE) -> FALSE | I19: =IF(OR(VLOOKUP($C19,'#Data'!$B$2:$J$344,4,FALSE)="보스",VLOOKUP($C19,'#Data'!$B$2:$J$344,4,FALSE)="중간"),TRUE,FALSE) -> FALSE | J19: 10 | K19: =VLOOKUP($A19,쿼리1[[ID]:[열1]],3,FALSE) -> 10 | L19: Sector01.trooper_champion_1.attack01 | O19: Sector01.trooper_champion_1.skill01 | P19: Sector01.trooper_champion_1.skill02 | V19: FALSE | W19: ="Character/Prefabs/"&VLOOKUP($C19,'#Data'!$B$3:$I$344,8,FALSE) -> Character/Prefabs/m_m_attacker_trooper_champion_2 | Y19: =VLOOKUP($C19,'#Data'!$B$3:$I$344,8,FALSE) -> m_m_attacker_trooper_champion_2 | AC19: 0.8 | AG19: AttributeNone
A20: 1110201117 | B20: Sector01 | C20: 트루퍼런처베리 | D20: ="Monster.Name."&VLOOKUP($C20,'#Data'!$B$2:$J$344,2,FALSE) -> Monster.Name.trooper_demolisher_2 | E20: Ranger | F20: Fac_nul_ind | G20: TRUE | H20: =IF(OR(VLOOKUP($C20,'#Data'!$B$2:$J$344,4,FALSE)="보스",VLOOKUP($C20,'#Data'!$B$2:$J$344,4,FALSE)="중간"),TRUE,FALSE) -> FALSE | I20: =IF(OR(VLOOKUP($C20,'#Data'!$B$2:$J$344,4,FALSE)="보스",VLOOKUP($C20,'#Data'!$B$2:$J$344,4,FALSE)="중간"),TRUE,FALSE) -> FALSE | J20: 10 | K20: =VLOOKUP($A20,쿼리1[[ID]:[열1]],3,FALSE) -> 10 | L20: Sector01.trooper_demolisher_1.attack01 | O20: Sector01.trooper_demolisher_1.skill01 | P20: Sector01.trooper_demolisher_1.skill02 | V20: FALSE | W20: ="Character/Prefabs/"&VLOOKUP($C20,'#Data'!$B$3:$I$344,8,FALSE) -> Character/Prefabs/m_m_ranger_trooper_demolisher_2 | Y20: =VLOOKUP($C20,'#Data'!$B$3:$I$344,8,FALSE) -> m_m_ranger_trooper_demolisher_2 | AC20: 0.8 | AG20: AttributeNone
A21: 1110201118 | B21: Sector01 | C21: 트루퍼플레임베리 | D21: ="Monster.Name."&VLOOKUP($C21,'#Data'!$B$2:$J$344,2,FALSE) -> Monster.Name.trooper_inferno_2 | E21: Attacker | F21: Fac_nul_ind | G21: TRUE | H21: =IF(OR(VLOOKUP($C21,'#Data'!$B$2:$J$344,4,FALSE)="보스",VLOOKUP($C21,'#Data'!$B$2:$J$344,4,FALSE)="중간"),TRUE,FALSE) -> FALSE | I21: =IF(OR(VLOOKUP($C21,'#Data'!$B$2:$J$344,4,FALSE)="보스",VLOOKUP($C21,'#Data'!$B$2:$J$344,4,FALSE)="중간"),TRUE,FALSE) -> FALSE | J21: 10 | K21: =VLOOKUP($A21,쿼리1[[ID]:[열1]],3,FALSE) -> 10 | L21: Sector01.trooper_inferno_1.attack01 | O21: Sector01.trooper_inferno_1.skill01 | P21: Sector01.trooper_inferno_1.skill02 | V21: FALSE | W21: ="Character/Prefabs/"&VLOOKUP($C21,'#Data'!$B$3:$I$344,8,FALSE) -> Character/Prefabs/m_m_attacker_trooper_inferno_2 | Y21: =VLOOKUP($C21,'#Data'!$B$3:$I$344,8,FALSE) -> m_m_attacker_trooper_inferno_2 | AC21: 0.8 | AG21: AttributeNone
A22: 1110201201 | B22: Sector01 | C22: 엑시큐서너베타 | D22: ="Monster.Name."&VLOOKUP($C22,'#Data'!$B$2:$J$344,2,FALSE) -> Monster.Name.labmecha_launcher_1 | E22: Ranger | F22: Fac_nul_ind | G22: TRUE | H22: =IF(OR(VLOOKUP($C22,'#Data'!$B$2:$J$344,4,FALSE)="보스",VLOOKUP($C22,'#Data'!$B$2:$J$344,4,FALSE)="중간"),TRUE,FALSE) -> TRUE | I22: =IF(OR(VLOOKUP($C22,'#Data'!$B$2:$J$344,4,FALSE)="보스",VLOOKUP($C22,'#Data'!$B$2:$J$344,4,FALSE)="중간"),TRUE,FALSE) -> TRUE | J22: 10 | K22: =VLOOKUP($A22,쿼리1[[ID]:[열1]],3,FALSE) -> 10 | L22: =$B22&"."&VLOOKUP($C22,'#Data'!$B$2:$J$344,2,FALSE)&".attack0"&RIGHT(L$1,1) -> Sector01.labmecha_launcher_1.attack01 | O22: =$B22&"."&VLOOKUP($C22,'#Data'!$B$2:$J$344,2,FALSE)&".skill0"&RIGHT(O$1,1) -> Sector01.labmecha_launcher_1.skill01 | P22: =$B22&"."&VLOOKUP($C22,'#Data'!$B$2:$J$344,2,FALSE)&".skill0"&RIGHT(P$1,1) -> Sector01.labmecha_launcher_1.skill02 | S22: Mid.Boss.Immun.orange | V22: FALSE | W22: ="Character/Prefabs/"&VLOOKUP($C22,'#Data'!$B$3:$I$344,8,FALSE) -> Character/Prefabs/m_m_ranger_labmecha_launcher_1 | Y22: =VLOOKUP($C22,'#Data'!$B$3:$I$344,8,FALSE) -> m_m_ranger_labmecha_launcher_1 | AC22: 0.7 | AG22: AttributeNone
A23: 1110201202 | B23: Sector01 | C23: 엑시큐서너알파 | D23: ="Monster.Name."&VLOOKUP($C23,'#Data'!$B$2:$J$344,2,FALSE) -> Monster.Name.harbor_crab_1 | E23: Tanker | F23: Fac_nul_ind | G23: TRUE | H23: =IF(OR(VLOOKUP($C23,'#Data'!$B$2:$J$344,4,FALSE)="보스",VLOOKUP($C23,'#Data'!$B$2:$J$344,4,FALSE)="중간"),TRUE,FALSE) -> TRUE | I23: =IF(OR(VLOOKUP($C23,'#Data'!$B$2:$J$344,4,FALSE)="보스",VLOOKUP($C23,'#Data'!$B$2:$J$344,4,FALSE)="중간"),TRUE,FALSE) -> TRUE | J23: 20 | K23: =VLOOKUP($A23,쿼리1[[ID]:[열1]],3,FALSE) -> 10 | L23: =$B23&"."&VLOOKUP($C23,'#Data'!$B$2:$J$344,2,FALSE)&".attack0"&RIGHT(L$1,1) -> Sector01.harbor_crab_1.attack01 | O23: =$B23&"."&VLOOKUP($C23,'#Data'!$B$2:$J$344,2,FALSE)&".skill0"&RIGHT(O$1,1) -> Sector01.harbor_crab_1.skill01 | P23: =$B23&"."&VLOOKUP($C23,'#Data'!$B$2:$J$344,2,FALSE)&".skill0"&RIGHT(P$1,1) -> Sector01.harbor_crab_1.skill02 | Q23: Sector01.harbor_crab_1.passive01 | S23: Mid.Boss.Immun.orange | V23: FALSE | W23: ="Character/Prefabs/"&VLOOKUP($C23,'#Data'!$B$3:$I$344,8,FALSE) -> Character/Prefabs/m_l_attacker_harbor_crab_1 | Y23: =VLOOKUP($C23,'#Data'!$B$3:$I$344,8,FALSE) -> m_l_attacker_harbor_crab_1 | AC23: 1 | AG23: AttributeNone
A24: 1110201203 | B24: Sector01 | C24: 엑시큐서너감마 | D24: ="Monster.Name."&VLOOKUP($C24,'#Data'!$B$2:$J$344,2,FALSE) -> Monster.Name.harbor_punch_1 | E24: Tanker | F24: Fac_nul_ind | G24: TRUE | H24: =IF(OR(VLOOKUP($C24,'#Data'!$B$2:$J$344,4,FALSE)="보스",VLOOKUP($C24,'#Data'!$B$2:$J$344,4,FALSE)="중간"),TRUE,FALSE) -> TRUE | I24: =IF(OR(VLOOKUP($C24,'#Data'!$B$2:$J$344,4,FALSE)="보스",VLOOKUP($C24,'#Data'!$B$2:$J$344,4,FALSE)="중간"),TRUE,FALSE) -> TRUE | J24: 20 | K24: =VLOOKUP($A24,쿼리1[[ID]:[열1]],3,FALSE) -> 10 | L24: =$B24&"."&VLOOKUP($C24,'#Data'!$B$2:$J$344,2,FALSE)&".attack0"&RIGHT(L$1,1) -> Sector01.harbor_punch_1.attack01 | O24: =$B24&"."&VLOOKUP($C24,'#Data'!$B$2:$J$344,2,FALSE)&".skill0"&RIGHT(O$1,1) -> Sector01.harbor_punch_1.skill01 | P24: =$B24&"."&VLOOKUP($C24,'#Data'!$B$2:$J$344,2,FALSE)&".skill0"&RIGHT(P$1,1) -> Sector01.harbor_punch_1.skill02 | S24: Mid.Boss.Immun.orange | V24: FALSE | W24: ="Character/Prefabs/"&VLOOKUP($C24,'#Data'!$B$3:$I$344,8,FALSE) -> Character/Prefabs/m_l_tanker_harbor_punch_1 | Y24: =VLOOKUP($C24,'#Data'!$B$3:$I$344,8,FALSE) -> m_l_tanker_harbor_punch_1 | AC24: 1 | AG24: AttributeNone
A25: 1110201301 | B25: Sector02 | C25: 카산드라 | D25: ="Monster.Name."&VLOOKUP($C25,'#Data'!$B$2:$J$344,2,FALSE) -> Monster.Name.cassandra_1 | E25: None | F25: Fac_nul_ind | G25: TRUE | H25: =IF(OR(VLOOKUP($C25,'#Data'!$B$2:$J$344,4,FALSE)="보스",VLOOKUP($C25,'#Data'!$B$2:$J$344,4,FALSE)="중간"),TRUE,FALSE) -> TRUE | I25: TRUE | J25: 30 | K25: =VLOOKUP($A25,쿼리1[[ID]:[열1]],3,FALSE) -> 10 | L25: =$B25&"."&VLOOKUP($C25,'#Data'!$B$2:$J$344,2,FALSE)&".attack0"&RIGHT(L$1,1) -> Sector02.cassandra_1.attack01 | O25: =$B25&"."&VLOOKUP($C25,'#Data'!$B$2:$J$344,2,FALSE)&".skill0"&RIGHT(O$1,1) -> Sector02.cassandra_1.skill01 | P25: =$B25&"."&VLOOKUP($C25,'#Data'!$B$2:$J$344,2,FALSE)&".skill0"&RIGHT(P$1,1) -> Sector02.cassandra_1.skill02 | Q25: Sector02.cassandra_1.passive01 | S25: Boss.Common.Immun | V25: FALSE | W25: ="Character/Prefabs/"&VLOOKUP($C25,'#Data'!$B$3:$I$344,8,FALSE) -> Character/Prefabs/m_boss_ranger_cassandra_1 | Y25: =VLOOKUP($C25,'#Data'!$B$3:$I$344,8,FALSE) -> m_boss_ranger_cassandra_1 | AC25: 0.9 | AE25: Character/Timeline/02_MON/cassandra/appearance | AF25: Character/Timeline/02_MON/cassandra/die | AG25: AttributeNone
A26: 1110201302 | B26: Sector02 | C26: 강화카산드라 | D26: ="Monster.Name."&VLOOKUP($C26,'#Data'!$B$2:$J$344,2,FALSE) -> Monster.Name.cassandra_2 | E26: None | F26: Fac_nul_ind | G26: TRUE | H26: =IF(OR(VLOOKUP($C26,'#Data'!$B$2:$J$344,4,FALSE)="보스",VLOOKUP($C26,'#Data'!$B$2:$J$344,4,FALSE)="중간"),TRUE,FALSE) -> TRUE | I26: TRUE | J26: 30 | K26: =VLOOKUP($A26,쿼리1[[ID]:[열1]],3,FALSE) -> 10 | L26: =$B26&"."&VLOOKUP($C26,'#Data'!$B$2:$J$344,2,FALSE)&".attack0"&RIGHT(L$1,1) -> Sector02.cassandra_2.attack01 | O26: =$B26&"."&VLOOKUP($C26,'#Data'!$B$2:$J$344,2,FALSE)&".skill0"&RIGHT(O$1,1) -> Sector02.cassandra_2.skill01 | P26: =$B26&"."&VLOOKUP($C26,'#Data'!$B$2:$J$344,2,FALSE)&".skill0"&RIGHT(P$1,1) -> Sector02.cassandra_2.skill02 | Q26: =$B26&"."&VLOOKUP($C26,'#Data'!$B$2:$J$344,2,FALSE)&".skill0"&RIGHT(Q$1,1) -> Sector02.cassandra_2.skill03 | R26: Sector02.cassandra_2.passive01 | S26: Boss.Common.Immun | V26: FALSE | W26: ="Character/Prefabs/"&VLOOKUP($C26,'#Data'!$B$3:$I$344,8,FALSE) -> Character/Prefabs/m_boss_ranger_cassandra_2 | Y26: =VLOOKUP($C26,'#Data'!$B$3:$I$344,8,FALSE) -> m_boss_ranger_cassandra_2 | AC26: 0.9 | AE26: Character/Timeline/02_MON/cassandra/appearance2 | AF26: Character/Timeline/02_MON/cassandra/die2 | AG26: AttributeNone
A27: 1110202101 | B27: Sector02 | C27: 터틀메카mk3 | D27: ="Monster.Name."&VLOOKUP($C27,'#Data'!$B$2:$J$344,2,FALSE) -> Monster.Name.turtle_mechamk3_3 | E27: Attacker | F27: Fac_nul_ind | G27: TRUE | H27: =IF(OR(VLOOKUP($C27,'#Data'!$B$2:$J$344,4,FALSE)="보스",VLOOKUP($C27,'#Data'!$B$2:$J$344,4,FALSE)="중간"),TRUE,FALSE) -> FALSE | I27: =IF(OR(VLOOKUP($C27,'#Data'!$B$2:$J$344,4,FALSE)="보스",VLOOKUP($C27,'#Data'!$B$2:$J$344,4,FALSE)="중간"),TRUE,FALSE) -> FALSE | J27: 10 | K27: =VLOOKUP($A27,쿼리1[[ID]:[열1]],3,FALSE) -> 10 | L27: =$B27&"."&VLOOKUP($C27,'#Data'!$B$2:$J$344,2,FALSE)&".attack0"&RIGHT(L$1,1) -> Sector02.turtle_mechamk3_3.attack01 | O27: Sector02.turtle_mechamk3_3.skill01 | V27: FALSE | W27: ="Character/Prefabs/"&VLOOKUP($C27,'#Data'!$B$3:$I$344,8,FALSE) -> Character/Prefabs/m_s_attacker_turtle_mechamk3_3 | Y27: =VLOOKUP($C27,'#Data'!$B$3:$I$344,8,FALSE) -> m_s_attacker_turtle_mechamk3_3 | AC27: 0.7 | AG27: AttributeNone
A28: 1110202102 | B28: Sector02 | C28: 스콜피온터렛mk2 | D28: ="Monster.Name."&VLOOKUP($C28,'#Data'!$B$2:$J$344,2,FALSE) -> Monster.Name.scorpion_turretmk2_3 | E28: Ranger | F28: Fac_nul_ind | G28: TRUE | H28: =IF(OR(VLOOKUP($C28,'#Data'!$B$2:$J$344,4,FALSE)="보스",VLOOKUP($C28,'#Data'!$B$2:$J$344,4,FALSE)="중간"),TRUE,FALSE) -> FALSE | I28: =IF(OR(VLOOKUP($C28,'#Data'!$B$2:$J$344,4,FALSE)="보스",VLOOKUP($C28,'#Data'!$B$2:$J$344,4,FALSE)="중간"),TRUE,FALSE) -> FALSE | J28: 10 | K28: =VLOOKUP($A28,쿼리1[[ID]:[열1]],3,FALSE) -> 10 | L28: =$B28&"."&VLOOKUP($C28,'#Data'!$B$2:$J$344,2,FALSE)&".attack0"&RIGHT(L$1,1) -> Sector02.scorpion_turretmk2_3.attack01 | O28: Sector02.scorpion_turretmk2_3.skill01 | V28: FALSE | W28: ="Character/Prefabs/"&VLOOKUP($C28,'#Data'!$B$3:$I$344,8,FALSE) -> Character/Prefabs/m_s_ranger_scorpion_turretmk2_3 | Y28: =VLOOKUP($C28,'#Data'!$B$3:$I$344,8,FALSE) -> m_s_ranger_scorpion_turretmk2_3 | AC28: 0.7 | AG28: AttributeNone
A29: 1110202103 | B29: Sector02 | C29: 라이노메카mk3 | D29: ="Monster.Name."&VLOOKUP($C29,'#Data'!$B$2:$J$344,2,FALSE) -> Monster.Name.rhino_mechamk3_3 | E29: Attacker | F29: Fac_nul_ind | G29: TRUE | H29: =IF(OR(VLOOKUP($C29,'#Data'!$B$2:$J$344,4,FALSE)="보스",VLOOKUP($C29,'#Data'!$B$2:$J$344,4,FALSE)="중간"),TRUE,FALSE) -> FALSE | I29: =IF(OR(VLOOKUP($C29,'#Data'!$B$2:$J$344,4,FALSE)="보스",VLOOKUP($C29,'#Data'!$B$2:$J$344,4,FALSE)="중간"),TRUE,FALSE) -> FALSE | J29: 10 | K29: =VLOOKUP($A29,쿼리1[[ID]:[열1]],3,FALSE) -> 10 | L29: =$B29&"."&VLOOKUP($C29,'#Data'!$B$2:$J$344,2,FALSE)&".attack0"&RIGHT(L$1,1) -> Sector02.rhino_mechamk3_3.attack01 | O29: Sector02.rhino_mechamk3_3.skill01 | V29: FALSE | W29: ="Character/Prefabs/"&VLOOKUP($C29,'#Data'!$B$3:$I$344,8,FALSE) -> Character/Prefabs/m_s_attacker_rhino_mechamk3_3 | Y29: =VLOOKUP($C29,'#Data'!$B$3:$I$344,8,FALSE) -> m_s_attacker_rhino_mechamk3_3 | AC29: 0.7 | AG29: AttributeNone
A30: 1110202104 | B30: Sector02 | C30: 스파이더터렛mk2 | D30: ="Monster.Name."&VLOOKUP($C30,'#Data'!$B$2:$J$344,2,FALSE) -> Monster.Name.spider_turretmk2_3 | E30: Ranger | F30: Fac_nul_ind | G30: TRUE | H30: =IF(OR(VLOOKUP($C30,'#Data'!$B$2:$J$344,4,FALSE)="보스",VLOOKUP($C30,'#Data'!$B$2:$J$344,4,FALSE)="중간"),TRUE,FALSE) -> FALSE | I30: =IF(OR(VLOOKUP($C30,'#Data'!$B$2:$J$344,4,FALSE)="보스",VLOOKUP($C30,'#Data'!$B$2:$J$344,4,FALSE)="중간"),TRUE,FALSE) -> FALSE | J30: 10 | K30: =VLOOKUP($A30,쿼리1[[ID]:[열1]],3,FALSE) -> 10 | L30: =$B30&"."&VLOOKUP($C30,'#Data'!$B$2:$J$344,2,FALSE)&".attack0"&RIGHT(L$1,1) -> Sector02.spider_turretmk2_3.attack01 | O30: Sector02.spider_turretmk2_3.skill01 | V30: FALSE | W30: ="Character/Prefabs/"&VLOOKUP($C30,'#Data'!$B$3:$I$344,8,FALSE) -> Character/Prefabs/m_s_ranger_spider_turretmk2_3 | Y30: =VLOOKUP($C30,'#Data'!$B$3:$I$344,8,FALSE) -> m_s_ranger_spider_turretmk2_3 | AC30: 0.7 | AG30: AttributeNone
A31: 1110202105 | B31: Sector02 | C31: 헬파이어드론 | D31: ="Monster.Name."&VLOOKUP($C31,'#Data'!$B$2:$J$344,2,FALSE) -> Monster.Name.hellfire_drone_3 | E31: Ranger | F31: Fac_nul_ind | G31: TRUE | H31: =IF(OR(VLOOKUP($C31,'#Data'!$B$2:$J$344,4,FALSE)="보스",VLOOKUP($C31,'#Data'!$B$2:$J$344,4,FALSE)="중간"),TRUE,FALSE) -> FALSE | I31: =IF(OR(VLOOKUP($C31,'#Data'!$B$2:$J$344,4,FALSE)="보스",VLOOKUP($C31,'#Data'!$B$2:$J$344,4,FALSE)="중간"),TRUE,FALSE) -> FALSE | J31: 10 | K31: =VLOOKUP($A31,쿼리1[[ID]:[열1]],3,FALSE) -> 10 | L31: =$B31&"."&VLOOKUP($C31,'#Data'!$B$2:$J$344,2,FALSE)&".attack0"&RIGHT(L$1,1) -> Sector02.hellfire_drone_3.attack01 | O31: =$B31&"."&VLOOKUP($C31,'#Data'!$B$2:$J$344,2,FALSE)&".skill0"&RIGHT(O$1,1) -> Sector02.hellfire_drone_3.skill01 | P31: Sector02.hellfire_drone_3.skill02 | V31: FALSE | W31: ="Character/Prefabs/"&VLOOKUP($C31,'#Data'!$B$3:$I$344,8,FALSE) -> Character/Prefabs/m_s_ranger_hellfire_drone_3 | Y31: =VLOOKUP($C31,'#Data'!$B$3:$I$344,8,FALSE) -> m_s_ranger_hellfire_drone_3 | AC31: 0.6 | AG31: AttributeNone
A32: 1110202106 | B32: Sector02 | C32: 실루엣건틀릿 | D32: ="Monster.Name."&VLOOKUP($C32,'#Data'!$B$2:$J$344,2,FALSE) -> Monster.Name.silhouette_champion_3 | E32: Attacker | F32: Fac_nul_ind | G32: TRUE | H32: =IF(OR(VLOOKUP($C32,'#Data'!$B$2:$J$344,4,FALSE)="보스",VLOOKUP($C32,'#Data'!$B$2:$J$344,4,FALSE)="중간"),TRUE,FALSE) -> FALSE | I32: =IF(OR(VLOOKUP($C32,'#Data'!$B$2:$J$344,4,FALSE)="보스",VLOOKUP($C32,'#Data'!$B$2:$J$344,4,FALSE)="중간"),TRUE,FALSE) -> FALSE | J32: 10 | K32: =VLOOKUP($A32,쿼리1[[ID]:[열1]],3,FALSE) -> 10 | L32: =$B32&"."&VLOOKUP($C32,'#Data'!$B$2:$J$344,2,FALSE)&".attack0"&RIGHT(L$1,1) -> Sector02.silhouette_champion_3.attack01 | O32: =$B32&"."&VLOOKUP($C32,'#Data'!$B$2:$J$344,2,FALSE)&".skill0"&RIGHT(O$1,1) -> Sector02.silhouette_champion_3.skill01 | P32: Sector02.silhouette_champion_3.skill02 | V32: FALSE | W32: ="Character/Prefabs/"&VLOOKUP($C32,'#Data'!$B$3:$I$344,8,FALSE) -> Character/Prefabs/m_m_attacker_silhouette_champion_3 | Y32: =VLOOKUP($C32,'#Data'!$B$3:$I$344,8,FALSE) -> m_m_attacker_silhouette_champion_3 | AC32: 0.8 | AG32: AttributeNone
A33: 1110202107 | B33: Sector02 | C33: 실루엣런처 | D33: ="Monster.Name."&VLOOKUP($C33,'#Data'!$B$2:$J$344,2,FALSE) -> Monster.Name.silhouette_demolisher_3 | E33: Ranger | F33: Fac_nul_ind | G33: TRUE | H33: =IF(OR(VLOOKUP($C33,'#Data'!$B$2:$J$344,4,FALSE)="보스",VLOOKUP($C33,'#Data'!$B$2:$J$344,4,FALSE)="중간"),TRUE,FALSE) -> FALSE | I33: =IF(OR(VLOOKUP($C33,'#Data'!$B$2:$J$344,4,FALSE)="보스",VLOOKUP($C33,'#Data'!$B$2:$J$344,4,FALSE)="중간"),TRUE,FALSE) -> FALSE | J33: 10 | K33: =VLOOKUP($A33,쿼리1[[ID]:[열1]],3,FALSE) -> 10 | L33: =$B33&"."&VLOOKUP($C33,'#Data'!$B$2:$J$344,2,FALSE)&".attack0"&RIGHT(L$1,1) -> Sector02.silhouette_demolisher_3.attack01 | O33: =$B33&"."&VLOOKUP($C33,'#Data'!$B$2:$J$344,2,FALSE)&".skill0"&RIGHT(O$1,1) -> Sector02.silhouette_demolisher_3.skill01 | P33: Sector02.silhouette_demolisher_3.skill02 | V33: FALSE | W33: ="Character/Prefabs/"&VLOOKUP($C33,'#Data'!$B$3:$I$344,8,FALSE) -> Character/Prefabs/m_m_ranger_silhouette_demolisher_3 | Y33: =VLOOKUP($C33,'#Data'!$B$3:$I$344,8,FALSE) -> m_m_ranger_silhouette_demolisher_3 | AC33: 0.8 | AG33: AttributeNone
A34: 1110202108 | B34: Sector02 | C34: 실루엣쉴드 | D34: ="Monster.Name."&VLOOKUP($C34,'#Data'!$B$2:$J$344,2,FALSE) -> Monster.Name.silhouette_guard_3 | E34: Tanker | F34: Fac_nul_ind | G34: TRUE | H34: =IF(OR(VLOOKUP($C34,'#Data'!$B$2:$J$344,4,FALSE)="보스",VLOOKUP($C34,'#Data'!$B$2:$J$344,4,FALSE)="중간"),TRUE,FALSE) -> FALSE | I34: =IF(OR(VLOOKUP($C34,'#Data'!$B$2:$J$344,4,FALSE)="보스",VLOOKUP($C34,'#Data'!$B$2:$J$344,4,FALSE)="중간"),TRUE,FALSE) -> FALSE | J34: 10 | K34: =VLOOKUP($A34,쿼리1[[ID]:[열1]],3,FALSE) -> 10 | L34: =$B34&"."&VLOOKUP($C34,'#Data'!$B$2:$J$344,2,FALSE)&".attack0"&RIGHT(L$1,1) -> Sector02.silhouette_guard_3.attack01 | O34: =$B34&"."&VLOOKUP($C34,'#Data'!$B$2:$J$344,2,FALSE)&".skill0"&RIGHT(O$1,1) -> Sector02.silhouette_guard_3.skill01 | P34: Sector02.silhouette_guard_3.skill02 | V34: FALSE | W34: ="Character/Prefabs/"&VLOOKUP($C34,'#Data'!$B$3:$I$344,8,FALSE) -> Character/Prefabs/m_m_tanker_silhouette_guard_3 | Y34: =VLOOKUP($C34,'#Data'!$B$3:$I$344,8,FALSE) -> m_m_tanker_silhouette_guard_3 | AC34: 0.8 | AG34: AttributeNone
A35: 1110202109 | B35: Sector02 | C35: 실루엣플레임 | D35: ="Monster.Name."&VLOOKUP($C35,'#Data'!$B$2:$J$344,2,FALSE) -> Monster.Name.silhouette_inferno_3 | E35: Attacker | F35: Fac_nul_ind | G35: TRUE | H35: =IF(OR(VLOOKUP($C35,'#Data'!$B$2:$J$344,4,FALSE)="보스",VLOOKUP($C35,'#Data'!$B$2:$J$344,4,FALSE)="중간"),TRUE,FALSE) -> FALSE | I35: =IF(OR(VLOOKUP($C35,'#Data'!$B$2:$J$344,4,FALSE)="보스",VLOOKUP($C35,'#Data'!$B$2:$J$344,4,FALSE)="중간"),TRUE,FALSE) -> FALSE | J35: 10 | K35: =VLOOKUP($A35,쿼리1[[ID]:[열1]],3,FALSE) -> 10 | L35: =$B35&"."&VLOOKUP($C35,'#Data'!$B$2:$J$344,2,FALSE)&".attack0"&RIGHT(L$1,1) -> Sector02.silhouette_inferno_3.attack01 | O35: =$B35&"."&VLOOKUP($C35,'#Data'!$B$2:$J$344,2,FALSE)&".skill0"&RIGHT(O$1,1) -> Sector02.silhouette_inferno_3.skill01 | P35: Sector02.silhouette_inferno_3.skill02 | V35: FALSE | W35: ="Character/Prefabs/"&VLOOKUP($C35,'#Data'!$B$3:$I$344,8,FALSE) -> Character/Prefabs/m_m_attacker_silhouette_inferno_3 | Y35: =VLOOKUP($C35,'#Data'!$B$3:$I$344,8,FALSE) -> m_m_attacker_silhouette_inferno_3 | AC35: 0.8 | AG35: AttributeNone
A36: 1110202110 | B36: Sector02 | C36: 터틀메카mk3베리 | D36: ="Monster.Name."&VLOOKUP($C36,'#Data'!$B$2:$J$344,2,FALSE) -> Monster.Name.turtle_mechamk3_4 | E36: Attacker | F36: Fac_nul_ind | G36: TRUE | H36: =IF(OR(VLOOKUP($C36,'#Data'!$B$2:$J$344,4,FALSE)="보스",VLOOKUP($C36,'#Data'!$B$2:$J$344,4,FALSE)="중간"),TRUE,FALSE) -> FALSE | I36: =IF(OR(VLOOKUP($C36,'#Data'!$B$2:$J$344,4,FALSE)="보스",VLOOKUP($C36,'#Data'!$B$2:$J$344,4,FALSE)="중간"),TRUE,FALSE) -> FALSE | J36: 10 | K36: =VLOOKUP($A36,쿼리1[[ID]:[열1]],3,FALSE) -> 10 | L36: Sector02.turtle_mechamk3_3.attack01 | O36: Sector02.turtle_mechamk3_3.skill01 | V36: FALSE | W36: ="Character/Prefabs/"&VLOOKUP($C36,'#Data'!$B$3:$I$344,8,FALSE) -> Character/Prefabs/m_s_attacker_turtle_mechamk3_4 | Y36: =VLOOKUP($C36,'#Data'!$B$3:$I$344,8,FALSE) -> m_s_attacker_turtle_mechamk3_4 | AC36: 0.7 | AG36: AttributeNone
A37: 1110202111 | B37: Sector02 | C37: 스콜피온터렛mk2베리 | D37: ="Monster.Name."&VLOOKUP($C37,'#Data'!$B$2:$J$344,2,FALSE) -> Monster.Name.scorpion_turretmk2_4 | E37: Ranger | F37: Fac_nul_ind | G37: TRUE | H37: =IF(OR(VLOOKUP($C37,'#Data'!$B$2:$J$344,4,FALSE)="보스",VLOOKUP($C37,'#Data'!$B$2:$J$344,4,FALSE)="중간"),TRUE,FALSE) -> FALSE | I37: FALSE | J37: 10 | K37: =VLOOKUP($A37,쿼리1[[ID]:[열1]],3,FALSE) -> 10 | L37: Sector02.scorpion_turretmk2_3.attack01 | O37: Sector02.scorpion_turretmk2_3.skill01 | V37: FALSE | W37: ="Character/Prefabs/"&VLOOKUP($C37,'#Data'!$B$3:$I$344,8,FALSE) -> Character/Prefabs/m_s_ranger_scorpion_turretmk2_4 | Y37: =VLOOKUP($C37,'#Data'!$B$3:$I$344,8,FALSE) -> m_s_ranger_scorpion_turretmk2_4 | AC37: 0.7 | AG37: AttributeNone
A38: 1110202112 | B38: Sector02 | C38: 라이노메카mk3베리 | D38: ="Monster.Name."&VLOOKUP($C38,'#Data'!$B$2:$J$344,2,FALSE) -> Monster.Name.rhino_mechamk3_4 | E38: Attacker | F38: Fac_nul_ind | G38: TRUE | H38: =IF(OR(VLOOKUP($C38,'#Data'!$B$2:$J$344,4,FALSE)="보스",VLOOKUP($C38,'#Data'!$B$2:$J$344,4,FALSE)="중간"),TRUE,FALSE) -> FALSE | I38: FALSE | J38: 10 | K38: =VLOOKUP($A38,쿼리1[[ID]:[열1]],3,FALSE) -> 10 | L38: Sector02.rhino_mechamk3_3.attack01 | O38: Sector02.rhino_mechamk3_3.skill01 | V38: FALSE | W38: ="Character/Prefabs/"&VLOOKUP($C38,'#Data'!$B$3:$I$344,8,FALSE) -> Character/Prefabs/m_s_attacker_rhino_mechamk3_4 | Y38: =VLOOKUP($C38,'#Data'!$B$3:$I$344,8,FALSE) -> m_s_attacker_rhino_mechamk3_4 | AC38: 0.7 | AG38: AttributeNone
A39: 1110202113 | B39: Sector02 | C39: 스파이더터렛mk2베리 | D39: ="Monster.Name."&VLOOKUP($C39,'#Data'!$B$2:$J$344,2,FALSE) -> Monster.Name.spider_turretmk2_4 | E39: Ranger | F39: Fac_nul_ind | G39: TRUE | H39: =IF(OR(VLOOKUP($C39,'#Data'!$B$2:$J$344,4,FALSE)="보스",VLOOKUP($C39,'#Data'!$B$2:$J$344,4,FALSE)="중간"),TRUE,FALSE) -> FALSE | I39: FALSE | J39: 10 | K39: =VLOOKUP($A39,쿼리1[[ID]:[열1]],3,FALSE) -> 10 | L39: Sector02.spider_turretmk2_3.attack01 | O39: Sector02.spider_turretmk2_3.skill01 | V39: FALSE | W39: ="Character/Prefabs/"&VLOOKUP($C39,'#Data'!$B$3:$I$344,8,FALSE) -> Character/Prefabs/m_s_ranger_spider_turretmk2_4 | Y39: =VLOOKUP($C39,'#Data'!$B$3:$I$344,8,FALSE) -> m_s_ranger_spider_turretmk2_4 | AC39: 0.7 | AG39: AttributeNone
A40: 1110202114 | B40: Sector02 | C40: 헬파이어드론베리 | D40: ="Monster.Name."&VLOOKUP($C40,'#Data'!$B$2:$J$344,2,FALSE) -> Monster.Name.hellfire_drone_4 | E40: Ranger | F40: Fac_nul_ind | G40: TRUE | H40: =IF(OR(VLOOKUP($C40,'#Data'!$B$2:$J$344,4,FALSE)="보스",VLOOKUP($C40,'#Data'!$B$2:$J$344,4,FALSE)="중간"),TRUE,FALSE) -> FALSE | I40: FALSE | J40: 10 | K40: =VLOOKUP($A40,쿼리1[[ID]:[열1]],3,FALSE) -> 10 | L40: Sector02.hellfire_drone_3.attack01 | O40: Sector02.hellfire_drone_3.skill01 | P40: Sector02.hellfire_drone_3.skill02 | V40: FALSE | W40: ="Character/Prefabs/"&VLOOKUP($C40,'#Data'!$B$3:$I$344,8,FALSE) -> Character/Prefabs/m_s_ranger_hellfire_drone_4 | Y40: =VLOOKUP($C40,'#Data'!$B$3:$I$344,8,FALSE) -> m_s_ranger_hellfire_drone_4 | AC40: 0.6 | AG40: AttributeNone
A41: 1110202115 | B41: Sector02 | C41: 실루엣건틀릿베리 | D41: ="Monster.Name."&VLOOKUP($C41,'#Data'!$B$2:$J$344,2,FALSE) -> Monster.Name.trooper_silhouette_champion_4 | E41: Attacker | F41: Fac_nul_ind | G41: TRUE | H41: =IF(OR(VLOOKUP($C41,'#Data'!$B$2:$J$344,4,FALSE)="보스",VLOOKUP($C41,'#Data'!$B$2:$J$344,4,FALSE)="중간"),TRUE,FALSE) -> FALSE | I41: FALSE | J41: 10 | K41: =VLOOKUP($A41,쿼리1[[ID]:[열1]],3,FALSE) -> 10 | L41: Sector02.silhouette_champion_3.attack01 | O41: Sector02.silhouette_champion_3.skill01 | P41: Sector02.silhouette_champion_3.skill02 | V41: FALSE | W41: ="Character/Prefabs/"&VLOOKUP($C41,'#Data'!$B$3:$I$344,8,FALSE) -> Character/Prefabs/m_m_attacker_trooper_silhouette_champion_4 | Y41: =VLOOKUP($C41,'#Data'!$B$3:$I$344,8,FALSE) -> m_m_attacker_trooper_silhouette_champion_4 | AC41: 0.8 | AG41: AttributeNone
A42: 1110202116 | B42: Sector02 | C42: 실루엣런처베리 | D42: ="Monster.Name."&VLOOKUP($C42,'#Data'!$B$2:$J$344,2,FALSE) -> Monster.Name.trooper_silhouette_demolisher_4 | E42: Ranger | F42: Fac_nul_ind | G42: TRUE | H42: =IF(OR(VLOOKUP($C42,'#Data'!$B$2:$J$344,4,FALSE)="보스",VLOOKUP($C42,'#Data'!$B$2:$J$344,4,FALSE)="중간"),TRUE,FALSE) -> FALSE | I42: FALSE | J42: 10 | K42: =VLOOKUP($A42,쿼리1[[ID]:[열1]],3,FALSE) -> 10 | L42: Sector02.silhouette_demolisher_3.attack01 | O42: Sector02.silhouette_demolisher_3.skill01 | P42: Sector02.silhouette_demolisher_3.skill02 | V42: FALSE | W42: ="Character/Prefabs/"&VLOOKUP($C42,'#Data'!$B$3:$I$344,8,FALSE) -> Character/Prefabs/m_m_ranger_trooper_silhouette_demolisher_4 | Y42: =VLOOKUP($C42,'#Data'!$B$3:$I$344,8,FALSE) -> m_m_ranger_trooper_silhouette_demolisher_4 | AC42: 0.8 | AG42: AttributeNone
A43: 1110202117 | B43: Sector02 | C43: 실루엣쉴드베리 | D43: ="Monster.Name."&VLOOKUP($C43,'#Data'!$B$2:$J$344,2,FALSE) -> Monster.Name.trooper_silhouette_guard_4 | E43: Tanker | F43: Fac_nul_ind | G43: TRUE | H43: =IF(OR(VLOOKUP($C43,'#Data'!$B$2:$J$344,4,FALSE)="보스",VLOOKUP($C43,'#Data'!$B$2:$J$344,4,FALSE)="중간"),TRUE,FALSE) -> FALSE | I43: FALSE | J43: 10 | K43: =VLOOKUP($A43,쿼리1[[ID]:[열1]],3,FALSE) -> 10 | L43: Sector02.silhouette_guard_3.attack01 | O43: Sector02.silhouette_guard_3.skill01 | P43: Sector02.silhouette_guard_3.skill02 | V43: FALSE | W43: ="Character/Prefabs/"&VLOOKUP($C43,'#Data'!$B$3:$I$344,8,FALSE) -> Character/Prefabs/m_m_tanker_trooper_silhouette_guard_4 | Y43: =VLOOKUP($C43,'#Data'!$B$3:$I$344,8,FALSE) -> m_m_tanker_trooper_silhouette_guard_4 | AC43: 0.8 | AG43: AttributeNone
A44: 1110202118 | B44: Sector02 | C44: 실루엣플레임베리 | D44: ="Monster.Name."&VLOOKUP($C44,'#Data'!$B$2:$J$344,2,FALSE) -> Monster.Name.trooper_silhouette_inferno_4 | E44: Attacker | F44: Fac_nul_ind | G44: TRUE | H44: =IF(OR(VLOOKUP($C44,'#Data'!$B$2:$J$344,4,FALSE)="보스",VLOOKUP($C44,'#Data'!$B$2:$J$344,4,FALSE)="중간"),TRUE,FALSE) -> FALSE | I44: FALSE | J44: 10 | K44: =VLOOKUP($A44,쿼리1[[ID]:[열1]],3,FALSE) -> 10 | L44: Sector02.silhouette_inferno_3.attack01 | O44: Sector02.silhouette_inferno_3.skill01 | P44: Sector02.silhouette_inferno_3.skill02 | V44: FALSE | W44: ="Character/Prefabs/"&VLOOKUP($C44,'#Data'!$B$3:$I$344,8,FALSE) -> Character/Prefabs/m_m_attacker_trooper_silhouette_inferno_4 | Y44: =VLOOKUP($C44,'#Data'!$B$3:$I$344,8,FALSE) -> m_m_attacker_trooper_silhouette_inferno_4 | AC44: 0.8 | AG44: AttributeNone
A45: 1110202201 | B45: Sector02 | C45: 쉘터청소부r1 | D45: ="Monster.Name."&VLOOKUP($C45,'#Data'!$B$2:$J$344,2,FALSE) -> Monster.Name.shelter_sweeper_r_1 | E45: Attacker | F45: Fac_nul_ind | G45: TRUE | H45: =IF(OR(VLOOKUP($C45,'#Data'!$B$2:$J$344,4,FALSE)="보스",VLOOKUP($C45,'#Data'!$B$2:$J$344,4,FALSE)="중간"),TRUE,FALSE) -> TRUE | I45: TRUE | J45: 20 | K45: =VLOOKUP($A45,쿼리1[[ID]:[열1]],3,FALSE) -> 10 | L45: =$B45&"."&VLOOKUP($C45,'#Data'!$B$2:$J$344,2,FALSE)&".attack0"&RIGHT(L$1,1) -> Sector02.shelter_sweeper_r_1.attack01 | O45: =$B45&"."&VLOOKUP($C45,'#Data'!$B$2:$J$344,2,FALSE)&".skill0"&RIGHT(O$1,1) -> Sector02.shelter_sweeper_r_1.skill01 | P45: =$B45&"."&VLOOKUP($C45,'#Data'!$B$2:$J$344,2,FALSE)&".skill0"&RIGHT(P$1,1) -> Sector02.shelter_sweeper_r_1.skill02 | S45: Mid.Boss.Immun.red | V45: FALSE | W45: ="Character/Prefabs/"&VLOOKUP($C45,'#Data'!$B$3:$I$344,8,FALSE) -> Character/Prefabs/m_m_attacker_shelter_sweeper_r_1 | Y45: =VLOOKUP($C45,'#Data'!$B$3:$I$344,8,FALSE) -> m_m_attacker_shelter_sweeper_r_1 | AC45: 0.9 | AG45: AttributeNone
A46: 1110202202 | B46: Sector02 | C46: 쉘터청소부v1 | D46: ="Monster.Name."&VLOOKUP($C46,'#Data'!$B$2:$J$344,2,FALSE) -> Monster.Name.shelter_sweeper_v_1 | E46: Ranger | F46: Fac_nul_ind | G46: TRUE | H46: =IF(OR(VLOOKUP($C46,'#Data'!$B$2:$J$344,4,FALSE)="보스",VLOOKUP($C46,'#Data'!$B$2:$J$344,4,FALSE)="중간"),TRUE,FALSE) -> TRUE | I46: TRUE | J46: 20 | K46: =VLOOKUP($A46,쿼리1[[ID]:[열1]],3,FALSE) -> 10 | L46: =$B46&"."&VLOOKUP($C46,'#Data'!$B$2:$J$344,2,FALSE)&".attack0"&RIGHT(L$1,1) -> Sector02.shelter_sweeper_v_1.attack01 | O46: =$B46&"."&VLOOKUP($C46,'#Data'!$B$2:$J$344,2,FALSE)&".skill0"&RIGHT(O$1,1) -> Sector02.shelter_sweeper_v_1.skill01 | P46: =$B46&"."&VLOOKUP($C46,'#Data'!$B$2:$J$344,2,FALSE)&".skill0"&RIGHT(P$1,1) -> Sector02.shelter_sweeper_v_1.skill02 | S46: Mid.Boss.Immun.red | V46: FALSE | W46: ="Character/Prefabs/"&VLOOKUP($C46,'#Data'!$B$3:$I$344,8,FALSE) -> Character/Prefabs/m_m_ranger_shelter_sweeper_v_1 | Y46: =VLOOKUP($C46,'#Data'!$B$3:$I$344,8,FALSE) -> m_m_ranger_shelter_sweeper_v_1 | AC46: 0.9 | AG46: AttributeNone
A47: 1110202203 | B47: Sector02 | C47: 쉘터청소부g1 | D47: ="Monster.Name."&VLOOKUP($C47,'#Data'!$B$2:$J$344,2,FALSE) -> Monster.Name.shelter_sweeper_g_1 | E47: Tanker | F47: Fac_nul_ind | G47: TRUE | H47: =IF(OR(VLOOKUP($C47,'#Data'!$B$2:$J$344,4,FALSE)="보스",VLOOKUP($C47,'#Data'!$B$2:$J$344,4,FALSE)="중간"),TRUE,FALSE) -> TRUE | I47: TRUE | J47: 20 | K47: =VLOOKUP($A47,쿼리1[[ID]:[열1]],3,FALSE) -> 10 | L47: =$B47&"."&VLOOKUP($C47,'#Data'!$B$2:$J$344,2,FALSE)&".attack0"&RIGHT(L$1,1) -> Sector02.shelter_sweeper_g_1.attack01 | O47: =$B47&"."&VLOOKUP($C47,'#Data'!$B$2:$J$344,2,FALSE)&".skill0"&RIGHT(O$1,1) -> Sector02.shelter_sweeper_g_1.skill01 | P47: =$B47&"."&VLOOKUP($C47,'#Data'!$B$2:$J$344,2,FALSE)&".skill0"&RIGHT(P$1,1) -> Sector02.shelter_sweeper_g_1.skill02 | S47: Mid.Boss.Immun.red | V47: FALSE | W47: ="Character/Prefabs/"&VLOOKUP($C47,'#Data'!$B$3:$I$344,8,FALSE) -> Character/Prefabs/m_m_tanker_shelter_sweeper_g_1 | Y47: =VLOOKUP($C47,'#Data'!$B$3:$I$344,8,FALSE) -> m_m_tanker_shelter_sweeper_g_1 | AC47: 0.9 | AG47: AttributeNone
A48: 1110202301 | B48: Sector01 | C48: 갤리어스 | D48: ="Monster.Name."&VLOOKUP($C48,'#Data'!$B$2:$J$344,2,FALSE) -> Monster.Name.gallius_1 | E48: Tanker | F48: Fac_nul_ind | G48: TRUE | H48: =IF(OR(VLOOKUP($C48,'#Data'!$B$2:$J$344,4,FALSE)="보스",VLOOKUP($C48,'#Data'!$B$2:$J$344,4,FALSE)="중간"),TRUE,FALSE) -> TRUE | I48: =IF(OR(VLOOKUP($C48,'#Data'!$B$2:$J$344,4,FALSE)="보스",VLOOKUP($C48,'#Data'!$B$2:$J$344,4,FALSE)="중간"),TRUE,FALSE) -> TRUE | J48: 20 | K48: =VLOOKUP($A48,쿼리1[[ID]:[열1]],3,FALSE) -> 10 | L48: =$B48&"."&VLOOKUP($C48,'#Data'!$B$2:$J$344,2,FALSE)&".attack0"&RIGHT(L$1,1) -> Sector01.gallius_1.attack01 | O48: =$B48&"."&VLOOKUP($C48,'#Data'!$B$2:$J$344,2,FALSE)&".skill0"&RIGHT(O$1,1) -> Sector01.gallius_1.skill01 | P48: =$B48&"."&VLOOKUP($C48,'#Data'!$B$2:$J$344,2,FALSE)&".skill0"&RIGHT(P$1,1) -> Sector01.gallius_1.skill02 | Q48: Sector01.gallius_1.passive01 | S48: Boss.Common.Immun | V48: FALSE | W48: ="Character/Prefabs/"&VLOOKUP($C48,'#Data'!$B$3:$I$344,8,FALSE) -> Character/Prefabs/m_boss_tanker_gallius_1 | Y48: =VLOOKUP($C48,'#Data'!$B$3:$I$344,8,FALSE) -> m_boss_tanker_gallius_1 | AC48: 1.1 | AE48: Character/Timeline/02_MON/trooper_boss/appearance | AF48: Character/Timeline/02_MON/trooper_boss/die | AG48: AttributeNone
A49: 1110202302 | B49: Sector01 | C49: 강화갤리어스 | D49: ="Monster.Name."&VLOOKUP($C49,'#Data'!$B$2:$J$344,2,FALSE) -> Monster.Name.gallius_2 | E49: Tanker | F49: Fac_nul_ind | G49: TRUE | H49: =IF(OR(VLOOKUP($C49,'#Data'!$B$2:$J$344,4,FALSE)="보스",VLOOKUP($C49,'#Data'!$B$2:$J$344,4,FALSE)="중간"),TRUE,FALSE) -> TRUE | I49: =IF(OR(VLOOKUP($C49,'#Data'!$B$2:$J$344,4,FALSE)="보스",VLOOKUP($C49,'#Data'!$B$2:$J$344,4,FALSE)="중간"),TRUE,FALSE) -> TRUE | J49: 20 | K49: =VLOOKUP($A49,쿼리1[[ID]:[열1]],3,FALSE) -> 10 | L49: =$B49&"."&VLOOKUP($C49,'#Data'!$B$2:$J$344,2,FALSE)&".attack0"&RIGHT(L$1,1) -> Sector01.gallius_2.attack01 | O49: =$B49&"."&VLOOKUP($C49,'#Data'!$B$2:$J$344,2,FALSE)&".skill0"&RIGHT(O$1,1) -> Sector01.gallius_2.skill01 | P49: =$B49&"."&VLOOKUP($C49,'#Data'!$B$2:$J$344,2,FALSE)&".skill0"&RIGHT(P$1,1) -> Sector01.gallius_2.skill02 | Q49: =$B49&"."&VLOOKUP($C49,'#Data'!$B$2:$J$344,2,FALSE)&".skill0"&RIGHT(Q$1,1) -> Sector01.gallius_2.skill03 | R49: Sector01.gallius_2.passive01 | S49: Boss.Common.Immun | V49: FALSE | W49: ="Character/Prefabs/"&VLOOKUP($C49,'#Data'!$B$3:$I$344,8,FALSE) -> Character/Prefabs/m_boss_tanker_gallius_2 | Y49: =VLOOKUP($C49,'#Data'!$B$3:$I$344,8,FALSE) -> m_boss_tanker_gallius_2 | AC49: 1.1 | AE49: Character/Timeline/02_MON/gallius_2/trooper_boss_appearance_2 | AF49: Character/Timeline/02_MON/gallius_2/trooper_boss_die_2 | AG49: AttributeNone
A50: 1110203101 | B50: Sector03 | C50: 브레인헌터 | D50: ="Monster.Name."&VLOOKUP($C50,'#Data'!$B$2:$J$344,2,FALSE) -> Monster.Name.brain_hunter_1 | E50: Attacker | F50: Fac_nul_ind | G50: TRUE | H50: =IF(OR(VLOOKUP($C50,'#Data'!$B$2:$J$344,4,FALSE)="보스",VLOOKUP($C50,'#Data'!$B$2:$J$344,4,FALSE)="중간"),TRUE,FALSE) -> FALSE | I50: FALSE | J50: 10 | K50: =VLOOKUP($A50,쿼리1[[ID]:[열1]],3,FALSE) -> 10 | L50: =$B50&"."&VLOOKUP($C50,'#Data'!$B$2:$J$344,2,FALSE)&".attack0"&RIGHT(L$1,1) -> Sector03.brain_hunter_1.attack01 | O50: =$B50&"."&VLOOKUP($C50,'#Data'!$B$2:$J$344,2,FALSE)&".skill0"&RIGHT(O$1,1) -> Sector03.brain_hunter_1.skill01 | V50: FALSE | W50: ="Character/Prefabs/"&VLOOKUP($C50,'#Data'!$B$3:$I$344,8,FALSE) -> Character/Prefabs/m_s_attacker_brain_hunter_1 | Y50: =VLOOKUP($C50,'#Data'!$B$3:$I$344,8,FALSE) -> m_s_attacker_brain_hunter_1 | AC50: 0.9 | AG50: AttributeNone
A51: 1110203102 | B51: Sector03 | C51: 감염된터틀메카 | D51: ="Monster.Name."&VLOOKUP($C51,'#Data'!$B$2:$J$344,2,FALSE) -> Monster.Name.infmecha_2 | E51: Attacker | F51: Fac_nul_ind | G51: TRUE | H51: =IF(OR(VLOOKUP($C51,'#Data'!$B$2:$J$344,4,FALSE)="보스",VLOOKUP($C51,'#Data'!$B$2:$J$344,4,FALSE)="중간"),TRUE,FALSE) -> FALSE | I51: FALSE | J51: 10 | K51: =VLOOKUP($A51,쿼리1[[ID]:[열1]],3,FALSE) -> 10 | L51: =$B51&"."&VLOOKUP($C51,'#Data'!$B$2:$J$344,2,FALSE)&".attack0"&RIGHT(L$1,1) -> Sector03.infmecha_2.attack01 | O51: Sector03.infmecha_2.skill01 | V51: FALSE | W51: ="Character/Prefabs/"&VLOOKUP($C51,'#Data'!$B$3:$I$344,8,FALSE) -> Character/Prefabs/m_s_attacker_infmecha_2 | Y51: =VLOOKUP($C51,'#Data'!$B$3:$I$344,8,FALSE) -> m_s_attacker_infmecha_2 | AC51: 0.6 | AG51: AttributeNone
A52: 1110203103 | B52: Sector03 | C52: 코어헌터 | D52: ="Monster.Name."&VLOOKUP($C52,'#Data'!$B$2:$J$344,2,FALSE) -> Monster.Name.core_hunter_1 | E52: Ranger | F52: Fac_nul_ind | G52: TRUE | H52: =IF(OR(VLOOKUP($C52,'#Data'!$B$2:$J$344,4,FALSE)="보스",VLOOKUP($C52,'#Data'!$B$2:$J$344,4,FALSE)="중간"),TRUE,FALSE) -> FALSE | I52: FALSE | J52: 10 | K52: =VLOOKUP($A52,쿼리1[[ID]:[열1]],3,FALSE) -> 10 | L52: =$B52&"."&VLOOKUP($C52,'#Data'!$B$2:$J$344,2,FALSE)&".attack0"&RIGHT(L$1,1) -> Sector03.core_hunter_1.attack01 | O52: =$B52&"."&VLOOKUP($C52,'#Data'!$B$2:$J$344,2,FALSE)&".skill0"&RIGHT(O$1,1) -> Sector03.core_hunter_1.skill01 | P52: Sector03.core_hunter_1.skill02 | V52: FALSE | W52: ="Character/Prefabs/"&VLOOKUP($C52,'#Data'!$B$3:$I$344,8,FALSE) -> Character/Prefabs/m_s_ranger_core_hunter_1 | Y52: =VLOOKUP($C52,'#Data'!$B$3:$I$344,8,FALSE) -> m_s_ranger_core_hunter_1 | AC52: 0.9 | AG52: AttributeNone
A53: 1110203104 | B53: Sector03 | C53: 감염된스콜피온터렛 | D53: ="Monster.Name."&VLOOKUP($C53,'#Data'!$B$2:$J$344,2,FALSE) -> Monster.Name.infturret_2 | E53: Ranger | F53: Fac_nul_ind | G53: TRUE | H53: =IF(OR(VLOOKUP($C53,'#Data'!$B$2:$J$344,4,FALSE)="보스",VLOOKUP($C53,'#Data'!$B$2:$J$344,4,FALSE)="중간"),TRUE,FALSE) -> FALSE | I53: FALSE | J53: 10 | K53: =VLOOKUP($A53,쿼리1[[ID]:[열1]],3,FALSE) -> 10 | L53: =$B53&"."&VLOOKUP($C53,'#Data'!$B$2:$J$344,2,FALSE)&".attack0"&RIGHT(L$1,1) -> Sector03.infturret_2.attack01 | O53: Sector03.infturret_2.skill01 | V53: FALSE | W53: ="Character/Prefabs/"&VLOOKUP($C53,'#Data'!$B$3:$I$344,8,FALSE) -> Character/Prefabs/m_s_ranger_infturret_2 | Y53: =VLOOKUP($C53,'#Data'!$B$3:$I$344,8,FALSE) -> m_s_ranger_infturret_2 | AC53: 0.6 | AG53: AttributeNone
A54: 1110203105 | B54: Sector03 | C54: 감염된더스트쉴드 | D54: ="Monster.Name."&VLOOKUP($C54,'#Data'!$B$2:$J$344,2,FALSE) -> Monster.Name.infdust_shield_2 | E54: Tanker | F54: Fac_nul_ind | G54: TRUE | H54: =IF(OR(VLOOKUP($C54,'#Data'!$B$2:$J$344,4,FALSE)="보스",VLOOKUP($C54,'#Data'!$B$2:$J$344,4,FALSE)="중간"),TRUE,FALSE) -> FALSE | I54: FALSE | J54: 10 | K54: =VLOOKUP($A54,쿼리1[[ID]:[열1]],3,FALSE) -> 10 | L54: =$B54&"."&VLOOKUP($C54,'#Data'!$B$2:$J$344,2,FALSE)&".attack0"&RIGHT(L$1,1) -> Sector03.infdust_shield_2.attack01 | O54: =$B54&"."&VLOOKUP($C54,'#Data'!$B$2:$J$344,2,FALSE)&".skill0"&RIGHT(O$1,1) -> Sector03.infdust_shield_2.skill01 | P54: Sector03.infdust_shield_2.skill02 | V54: FALSE | W54: ="Character/Prefabs/"&VLOOKUP($C54,'#Data'!$B$3:$I$344,8,FALSE) -> Character/Prefabs/m_m_tanker_infdust_shield_2 | Y54: =VLOOKUP($C54,'#Data'!$B$3:$I$344,8,FALSE) -> m_m_tanker_infdust_shield_2 | AC54: 0.7 | AG54: AttributeNone
A55: 1110203106 | B55: Sector03 | C55: 감염된더스트건틀릿 | D55: ="Monster.Name."&VLOOKUP($C55,'#Data'!$B$2:$J$344,2,FALSE) -> Monster.Name.infdust_gauntlet_2 | E55: Attacker | F55: Fac_nul_ind | G55: TRUE | H55: =IF(OR(VLOOKUP($C55,'#Data'!$B$2:$J$344,4,FALSE)="보스",VLOOKUP($C55,'#Data'!$B$2:$J$344,4,FALSE)="중간"),TRUE,FALSE) -> FALSE | I55: FALSE | J55: 10 | K55: =VLOOKUP($A55,쿼리1[[ID]:[열1]],3,FALSE) -> 10 | L55: =$B55&"."&VLOOKUP($C55,'#Data'!$B$2:$J$344,2,FALSE)&".attack0"&RIGHT(L$1,1) -> Sector03.infdust_gauntlet_2.attack01 | O55: =$B55&"."&VLOOKUP($C55,'#Data'!$B$2:$J$344,2,FALSE)&".skill0"&RIGHT(O$1,1) -> Sector03.infdust_gauntlet_2.skill01 | P55: Sector03.infdust_gauntlet_2.skill02 | V55: FALSE | W55: ="Character/Prefabs/"&VLOOKUP($C55,'#Data'!$B$3:$I$344,8,FALSE) -> Character/Prefabs/m_m_attacker_infdust_gauntlet_2 | Y55: =VLOOKUP($C55,'#Data'!$B$3:$I$344,8,FALSE) -> m_m_attacker_infdust_gauntlet_2 | AC55: 0.7 | AG55: AttributeNone
A56: 1110203107 | B56: Sector03 | C56: 감염된더스트라이플 | D56: ="Monster.Name."&VLOOKUP($C56,'#Data'!$B$2:$J$344,2,FALSE) -> Monster.Name.infdust_rifle_2 | E56: Ranger | F56: Fac_nul_ind | G56: TRUE | H56: =IF(OR(VLOOKUP($C56,'#Data'!$B$2:$J$344,4,FALSE)="보스",VLOOKUP($C56,'#Data'!$B$2:$J$344,4,FALSE)="중간"),TRUE,FALSE) -> FALSE | I56: FALSE | J56: 10 | K56: =VLOOKUP($A56,쿼리1[[ID]:[열1]],3,FALSE) -> 10 | L56: =$B56&"."&VLOOKUP($C56,'#Data'!$B$2:$J$344,2,FALSE)&".attack0"&RIGHT(L$1,1) -> Sector03.infdust_rifle_2.attack01 | O56: =$B56&"."&VLOOKUP($C56,'#Data'!$B$2:$J$344,2,FALSE)&".skill0"&RIGHT(O$1,1) -> Sector03.infdust_rifle_2.skill01 | P56: Sector03.infdust_rifle_2.skill02 | V56: FALSE | W56: ="Character/Prefabs/"&VLOOKUP($C56,'#Data'!$B$3:$I$344,8,FALSE) -> Character/Prefabs/m_m_ranger_infdust_rifle_2 | Y56: =VLOOKUP($C56,'#Data'!$B$3:$I$344,8,FALSE) -> m_m_ranger_infdust_rifle_2 | AC56: 0.7 | AG56: AttributeNone
A57: 1110203108 | B57: Sector03 | C57: 감염된더스트런처 | D57: ="Monster.Name."&VLOOKUP($C57,'#Data'!$B$2:$J$344,2,FALSE) -> Monster.Name.infdust_launcher_2 | E57: Ranger | F57: Fac_nul_ind | G57: TRUE | H57: =IF(OR(VLOOKUP($C57,'#Data'!$B$2:$J$344,4,FALSE)="보스",VLOOKUP($C57,'#Data'!$B$2:$J$344,4,FALSE)="중간"),TRUE,FALSE) -> FALSE | I57: FALSE | J57: 10 | K57: =VLOOKUP($A57,쿼리1[[ID]:[열1]],3,FALSE) -> 10 | L57: =$B57&"."&VLOOKUP($C57,'#Data'!$B$2:$J$344,2,FALSE)&".attack0"&RIGHT(L$1,1) -> Sector03.infdust_launcher_2.attack01 | O57: =$B57&"."&VLOOKUP($C57,'#Data'!$B$2:$J$344,2,FALSE)&".skill0"&RIGHT(O$1,1) -> Sector03.infdust_launcher_2.skill01 | P57: Sector03.infdust_launcher_2.skill02 | V57: FALSE | W57: ="Character/Prefabs/"&VLOOKUP($C57,'#Data'!$B$3:$I$344,8,FALSE) -> Character/Prefabs/m_m_ranger_infdust_launcher_2 | Y57: =VLOOKUP($C57,'#Data'!$B$3:$I$344,8,FALSE) -> m_m_ranger_infdust_launcher_2 | AC57: 0.7 | AG57: AttributeNone
A58: 1110203109 | B58: Sector03 | C58: 헤드스내쳐 | D58: ="Monster.Name."&VLOOKUP($C58,'#Data'!$B$2:$J$344,2,FALSE) -> Monster.Name.head_snatcher_1 | E58: Attacker | F58: Fac_nul_ind | G58: TRUE | H58: =IF(OR(VLOOKUP($C58,'#Data'!$B$2:$J$344,4,FALSE)="보스",VLOOKUP($C58,'#Data'!$B$2:$J$344,4,FALSE)="중간"),TRUE,FALSE) -> FALSE | I58: FALSE | J58: 10 | K58: =VLOOKUP($A58,쿼리1[[ID]:[열1]],3,FALSE) -> 10 | L58: =$B58&"."&VLOOKUP($C58,'#Data'!$B$2:$J$344,2,FALSE)&".attack0"&RIGHT(L$1,1) -> Sector03.head_snatcher_1.attack01 | O58: =$B58&"."&VLOOKUP($C58,'#Data'!$B$2:$J$344,2,FALSE)&".skill0"&RIGHT(O$1,1) -> Sector03.head_snatcher_1.skill01 | P58: Sector03.head_snatcher_1.skill02 | V58: FALSE | W58: ="Character/Prefabs/"&VLOOKUP($C58,'#Data'!$B$3:$I$344,8,FALSE) -> Character/Prefabs/m_m_attacker_head_snatcher_1 | Y58: =VLOOKUP($C58,'#Data'!$B$3:$I$344,8,FALSE) -> m_m_attacker_head_snatcher_1 | AC58: 0.7 | AG58: AttributeNone
A59: 1110203110 | B59: Sector03 | C59: 코어스내쳐 | D59: ="Monster.Name."&VLOOKUP($C59,'#Data'!$B$2:$J$344,2,FALSE) -> Monster.Name.core_snatcher_1 | E59: Ranger | F59: Fac_nul_ind | G59: TRUE | H59: =IF(OR(VLOOKUP($C59,'#Data'!$B$2:$J$344,4,FALSE)="보스",VLOOKUP($C59,'#Data'!$B$2:$J$344,4,FALSE)="중간"),TRUE,FALSE) -> FALSE | I59: FALSE | J59: 10 | K59: =VLOOKUP($A59,쿼리1[[ID]:[열1]],3,FALSE) -> 10 | L59: =$B59&"."&VLOOKUP($C59,'#Data'!$B$2:$J$344,2,FALSE)&".attack0"&RIGHT(L$1,1) -> Sector03.core_snatcher_1.attack01 | O59: =$B59&"."&VLOOKUP($C59,'#Data'!$B$2:$J$344,2,FALSE)&".skill0"&RIGHT(O$1,1) -> Sector03.core_snatcher_1.skill01 | P59: Sector03.core_snatcher_1.skill02 | V59: FALSE | W59: ="Character/Prefabs/"&VLOOKUP($C59,'#Data'!$B$3:$I$344,8,FALSE) -> Character/Prefabs/m_m_ranger_core_snatcher_1 | Y59: =VLOOKUP($C59,'#Data'!$B$3:$I$344,8,FALSE) -> m_m_ranger_core_snatcher_1 | AC59: 0.7 | AG59: AttributeNone
A60: 1110203111 | B60: Sector03 | C60: 브레인헌터베리 | D60: ="Monster.Name."&VLOOKUP($C60,'#Data'!$B$2:$J$344,2,FALSE) -> Monster.Name.brain_hunter_2 | E60: Attacker | F60: Fac_nul_ind | G60: TRUE | H60: =IF(OR(VLOOKUP($C60,'#Data'!$B$2:$J$344,4,FALSE)="보스",VLOOKUP($C60,'#Data'!$B$2:$J$344,4,FALSE)="중간"),TRUE,FALSE) -> FALSE | I60: FALSE | J60: 10 | K60: =VLOOKUP($A60,쿼리1[[ID]:[열1]],3,FALSE) -> 10 | L60: Sector03.brain_hunter_1.attack01 | V60: FALSE | W60: ="Character/Prefabs/"&VLOOKUP($C60,'#Data'!$B$3:$I$344,8,FALSE) -> Character/Prefabs/m_s_attacker_brain_hunter_2 | Y60: =VLOOKUP($C60,'#Data'!$B$3:$I$344,8,FALSE) -> m_s_attacker_brain_hunter_2 | AC60: 0.9 | AG60: AttributeNone
A61: 1110203112 | B61: Sector03 | C61: 감염된터틀메카베리 | D61: ="Monster.Name."&VLOOKUP($C61,'#Data'!$B$2:$J$344,2,FALSE) -> Monster.Name.infmecha_3 | E61: Attacker | F61: Fac_nul_ind | G61: TRUE | H61: =IF(OR(VLOOKUP($C61,'#Data'!$B$2:$J$344,4,FALSE)="보스",VLOOKUP($C61,'#Data'!$B$2:$J$344,4,FALSE)="중간"),TRUE,FALSE) -> FALSE | I61: FALSE | J61: 10 | K61: =VLOOKUP($A61,쿼리1[[ID]:[열1]],3,FALSE) -> 10 | L61: Sector03.infmecha_2.attack01 | O61: Sector03.infmecha_2.skill01 | V61: FALSE | W61: ="Character/Prefabs/"&VLOOKUP($C61,'#Data'!$B$3:$I$344,8,FALSE) -> Character/Prefabs/m_s_attacker_infmecha_3 | Y61: =VLOOKUP($C61,'#Data'!$B$3:$I$344,8,FALSE) -> m_s_attacker_infmecha_3 | AC61: 0.6 | AG61: AttributeNone
A62: 1110203113 | B62: Sector03 | C62: 코어헌터베리 | D62: ="Monster.Name."&VLOOKUP($C62,'#Data'!$B$2:$J$344,2,FALSE) -> Monster.Name.core_hunter_2 | E62: Ranger | F62: Fac_nul_ind | G62: TRUE | H62: =IF(OR(VLOOKUP($C62,'#Data'!$B$2:$J$344,4,FALSE)="보스",VLOOKUP($C62,'#Data'!$B$2:$J$344,4,FALSE)="중간"),TRUE,FALSE) -> FALSE | I62: FALSE | J62: 10 | K62: =VLOOKUP($A62,쿼리1[[ID]:[열1]],3,FALSE) -> 10 | L62: Sector03.core_hunter_1.attack01 | O62: Sector03.core_hunter_1.skill02 | V62: FALSE | W62: ="Character/Prefabs/"&VLOOKUP($C62,'#Data'!$B$3:$I$344,8,FALSE) -> Character/Prefabs/m_s_ranger_core_hunter_2 | Y62: =VLOOKUP($C62,'#Data'!$B$3:$I$344,8,FALSE) -> m_s_ranger_core_hunter_2 | AC62: 0.9 | AG62: AttributeNone
A63: 1110203114 | B63: Sector03 | C63: 감염된스콜피온터렛베리 | D63: ="Monster.Name."&VLOOKUP($C63,'#Data'!$B$2:$J$344,2,FALSE) -> Monster.Name.infturret_3 | E63: Ranger | F63: Fac_nul_ind | G63: TRUE | H63: =IF(OR(VLOOKUP($C63,'#Data'!$B$2:$J$344,4,FALSE)="보스",VLOOKUP($C63,'#Data'!$B$2:$J$344,4,FALSE)="중간"),TRUE,FALSE) -> FALSE | I63: FALSE | J63: 10 | K63: =VLOOKUP($A63,쿼리1[[ID]:[열1]],3,FALSE) -> 10 | L63: Sector03.infturret_2.attack01 | O63: Sector03.infturret_2.skill01 | V63: FALSE | W63: ="Character/Prefabs/"&VLOOKUP($C63,'#Data'!$B$3:$I$344,8,FALSE) -> Character/Prefabs/m_s_ranger_infturret_3 | Y63: =VLOOKUP($C63,'#Data'!$B$3:$I$344,8,FALSE) -> m_s_ranger_infturret_3 | AC63: 0.6 | AG63: AttributeNone
A64: 1110203115 | B64: Sector03 | C64: 감염된더스트쉴드베리 | D64: ="Monster.Name."&VLOOKUP($C64,'#Data'!$B$2:$J$344,2,FALSE) -> Monster.Name.infdust_shield_3 | E64: Tanker | F64: Fac_nul_ind | G64: TRUE | H64: =IF(OR(VLOOKUP($C64,'#Data'!$B$2:$J$344,4,FALSE)="보스",VLOOKUP($C64,'#Data'!$B$2:$J$344,4,FALSE)="중간"),TRUE,FALSE) -> FALSE | I64: FALSE | J64: 10 | K64: =VLOOKUP($A64,쿼리1[[ID]:[열1]],3,FALSE) -> 10 | L64: Sector03.infdust_shield_2.attack01 | O64: Sector03.infdust_shield_2.skill01 | P64: Sector03.infdust_shield_2.skill02 | V64: FALSE | W64: ="Character/Prefabs/"&VLOOKUP($C64,'#Data'!$B$3:$I$344,8,FALSE) -> Character/Prefabs/m_m_tanker_infdust_shield_3 | Y64: =VLOOKUP($C64,'#Data'!$B$3:$I$344,8,FALSE) -> m_m_tanker_infdust_shield_3 | AC64: 0.7 | AG64: AttributeNone
A65: 1110203116 | B65: Sector03 | C65: 감염된더스트건틀릿베리 | D65: ="Monster.Name."&VLOOKUP($C65,'#Data'!$B$2:$J$344,2,FALSE) -> Monster.Name.infdust_gauntlet_3 | E65: Attacker | F65: Fac_nul_ind | G65: TRUE | H65: =IF(OR(VLOOKUP($C65,'#Data'!$B$2:$J$344,4,FALSE)="보스",VLOOKUP($C65,'#Data'!$B$2:$J$344,4,FALSE)="중간"),TRUE,FALSE) -> FALSE | I65: FALSE | J65: 10 | K65: =VLOOKUP($A65,쿼리1[[ID]:[열1]],3,FALSE) -> 10 | L65: Sector03.infdust_gauntlet_2.attack01 | O65: Sector03.infdust_gauntlet_2.skill01 | P65: Sector03.infdust_gauntlet_2.skill02 | V65: FALSE | W65: ="Character/Prefabs/"&VLOOKUP($C65,'#Data'!$B$3:$I$344,8,FALSE) -> Character/Prefabs/m_m_attacker_infdust_gauntlet_3 | Y65: =VLOOKUP($C65,'#Data'!$B$3:$I$344,8,FALSE) -> m_m_attacker_infdust_gauntlet_3 | AC65: 0.7 | AG65: AttributeNone
A66: 1110203117 | B66: Sector03 | C66: 감염된더스트라이플베리 | D66: ="Monster.Name."&VLOOKUP($C66,'#Data'!$B$2:$J$344,2,FALSE) -> Monster.Name.infdust_rifle_3 | E66: Ranger | F66: Fac_nul_ind | G66: TRUE | H66: =IF(OR(VLOOKUP($C66,'#Data'!$B$2:$J$344,4,FALSE)="보스",VLOOKUP($C66,'#Data'!$B$2:$J$344,4,FALSE)="중간"),TRUE,FALSE) -> FALSE | I66: FALSE | J66: 10 | K66: =VLOOKUP($A66,쿼리1[[ID]:[열1]],3,FALSE) -> 10 | L66: Sector03.infdust_rifle_2.attack01 | O66: Sector03.infdust_rifle_2.skill01 | P66: Sector03.infdust_rifle_2.skill02 | V66: FALSE | W66: ="Character/Prefabs/"&VLOOKUP($C66,'#Data'!$B$3:$I$344,8,FALSE) -> Character/Prefabs/m_m_ranger_infdust_rifle_3 | Y66: =VLOOKUP($C66,'#Data'!$B$3:$I$344,8,FALSE) -> m_m_ranger_infdust_rifle_3 | AC66: 0.7 | AG66: AttributeNone
A67: 1110203118 | B67: Sector03 | C67: 감염된더스트런처베리 | D67: ="Monster.Name."&VLOOKUP($C67,'#Data'!$B$2:$J$344,2,FALSE) -> Monster.Name.infdust_launcher_3 | E67: Ranger | F67: Fac_nul_ind | G67: TRUE | H67: =IF(OR(VLOOKUP($C67,'#Data'!$B$2:$J$344,4,FALSE)="보스",VLOOKUP($C67,'#Data'!$B$2:$J$344,4,FALSE)="중간"),TRUE,FALSE) -> FALSE | I67: FALSE | J67: 10 | K67: =VLOOKUP($A67,쿼리1[[ID]:[열1]],3,FALSE) -> 10 | L67: Sector03.infdust_launcher_2.attack01 | O67: Sector03.infdust_launcher_2.skill01 | P67: Sector03.infdust_launcher_2.skill02 | V67: FALSE | W67: ="Character/Prefabs/"&VLOOKUP($C67,'#Data'!$B$3:$I$344,8,FALSE) -> Character/Prefabs/m_m_ranger_infdust_launcher_3 | Y67: =VLOOKUP($C67,'#Data'!$B$3:$I$344,8,FALSE) -> m_m_ranger_infdust_launcher_3 | AC67: 0.7 | AG67: AttributeNone
A68: 1110203119 | B68: Sector03 | C68: 헤드스내쳐베리 | D68: ="Monster.Name."&VLOOKUP($C68,'#Data'!$B$2:$J$344,2,FALSE) -> Monster.Name.head_snatcher_2 | E68: Attacker | F68: Fac_nul_ind | G68: TRUE | H68: =IF(OR(VLOOKUP($C68,'#Data'!$B$2:$J$344,4,FALSE)="보스",VLOOKUP($C68,'#Data'!$B$2:$J$344,4,FALSE)="중간"),TRUE,FALSE) -> FALSE | I68: FALSE | J68: 10 | K68: =VLOOKUP($A68,쿼리1[[ID]:[열1]],3,FALSE) -> 10 | L68: Sector03.head_snatcher_1.attack01 | O68: Sector03.head_snatcher_1.skill01 | P68: Sector03.head_snatcher_1.skill02 | V68: FALSE | W68: ="Character/Prefabs/"&VLOOKUP($C68,'#Data'!$B$3:$I$344,8,FALSE) -> Character/Prefabs/m_m_attacker_head_snatcher_2 | Y68: =VLOOKUP($C68,'#Data'!$B$3:$I$344,8,FALSE) -> m_m_attacker_head_snatcher_2 | AC68: 0.7 | AG68: AttributeNone
A69: 1110203120 | B69: Sector03 | C69: 코어스내쳐베리 | D69: ="Monster.Name."&VLOOKUP($C69,'#Data'!$B$2:$J$344,2,FALSE) -> Monster.Name.core_snatcher_2 | E69: Ranger | F69: Fac_nul_ind | G69: TRUE | H69: =IF(OR(VLOOKUP($C69,'#Data'!$B$2:$J$344,4,FALSE)="보스",VLOOKUP($C69,'#Data'!$B$2:$J$344,4,FALSE)="중간"),TRUE,FALSE) -> FALSE | I69: FALSE | J69: 10 | K69: =VLOOKUP($A69,쿼리1[[ID]:[열1]],3,FALSE) -> 10 | L69: Sector03.core_snatcher_1.attack01 | O69: Sector03.core_snatcher_1.skill01 | P69: Sector03.core_snatcher_1.skill02 | V69: FALSE | W69: ="Character/Prefabs/"&VLOOKUP($C69,'#Data'!$B$3:$I$344,8,FALSE) -> Character/Prefabs/m_m_ranger_core_snatcher_2 | Y69: =VLOOKUP($C69,'#Data'!$B$3:$I$344,8,FALSE) -> m_m_ranger_core_snatcher_2 | AC69: 0.7 | AG69: AttributeNone
A70: 1110203201 | B70: Sector03 | C70: 그리마알파 | D70: ="Monster.Name."&VLOOKUP($C70,'#Data'!$B$2:$J$344,2,FALSE) -> Monster.Name.grima_alpha_1 | E70: Attacker | F70: Fac_nul_ind | G70: TRUE | H70: =IF(OR(VLOOKUP($C70,'#Data'!$B$2:$J$344,4,FALSE)="보스",VLOOKUP($C70,'#Data'!$B$2:$J$344,4,FALSE)="중간"),TRUE,FALSE) -> TRUE | I70: TRUE | J70: 20 | K70: =VLOOKUP($A70,쿼리1[[ID]:[열1]],3,FALSE) -> 10 | L70: =$B70&"."&VLOOKUP($C70,'#Data'!$B$2:$J$344,2,FALSE)&".attack0"&RIGHT(L$1,1) -> Sector03.grima_alpha_1.attack01 | O70: =$B70&"."&VLOOKUP($C70,'#Data'!$B$2:$J$344,2,FALSE)&".skill0"&RIGHT(O$1,1) -> Sector03.grima_alpha_1.skill01 | P70: =$B70&"."&VLOOKUP($C70,'#Data'!$B$2:$J$344,2,FALSE)&".skill0"&RIGHT(P$1,1) -> Sector03.grima_alpha_1.skill02 | Q70: =$B70&"."&VLOOKUP($C70,'#Data'!$B$2:$J$344,2,FALSE)&".skill0"&RIGHT(Q$1,1) -> Sector03.grima_alpha_1.skill03 | S70: Mid.Boss.Immun.red | V70: FALSE | W70: ="Character/Prefabs/"&VLOOKUP($C70,'#Data'!$B$3:$I$344,8,FALSE) -> Character/Prefabs/m_l_attacker_grima_alpha_1 | Y70: =VLOOKUP($C70,'#Data'!$B$3:$I$344,8,FALSE) -> m_l_attacker_grima_alpha_1 | AC70: 0.9 | AG70: AttributeNone
A71: 1110203202 | B71: Sector03 | C71: 드레인데미스 | D71: ="Monster.Name."&VLOOKUP($C71,'#Data'!$B$2:$J$344,2,FALSE) -> Monster.Name.draindermis_1 | E71: Ranger | F71: Fac_nul_ind | G71: TRUE | H71: =IF(OR(VLOOKUP($C71,'#Data'!$B$2:$J$344,4,FALSE)="보스",VLOOKUP($C71,'#Data'!$B$2:$J$344,4,FALSE)="중간"),TRUE,FALSE) -> TRUE | I71: TRUE | J71: 20 | K71: =VLOOKUP($A71,쿼리1[[ID]:[열1]],3,FALSE) -> 10 | L71: =$B71&"."&VLOOKUP($C71,'#Data'!$B$2:$J$344,2,FALSE)&".attack0"&RIGHT(L$1,1) -> Sector03.draindermis_1.attack01 | O71: =$B71&"."&VLOOKUP($C71,'#Data'!$B$2:$J$344,2,FALSE)&".skill0"&RIGHT(O$1,1) -> Sector03.draindermis_1.skill01 | P71: =$B71&"."&VLOOKUP($C71,'#Data'!$B$2:$J$344,2,FALSE)&".skill0"&RIGHT(P$1,1) -> Sector03.draindermis_1.skill02 | Q71: =$B71&"."&VLOOKUP($C71,'#Data'!$B$2:$J$344,2,FALSE)&".skill0"&RIGHT(Q$1,1) -> Sector03.draindermis_1.skill03 | S71: Mid.Boss.Immun.red | V71: FALSE | W71: ="Character/Prefabs/"&VLOOKUP($C71,'#Data'!$B$3:$I$344,8,FALSE) -> Character/Prefabs/m_l_ranger_draindermis_1 | Y71: =VLOOKUP($C71,'#Data'!$B$3:$I$344,8,FALSE) -> m_l_ranger_draindermis_1 | AC71: 0.9 | AG71: AttributeNone
A72: 1110203203 | B72: Sector03 | C72: 그리마베타 | D72: ="Monster.Name."&VLOOKUP($C72,'#Data'!$B$2:$J$344,2,FALSE) -> Monster.Name.grima_beta_1 | E72: Attacker | F72: Fac_nul_ind | G72: TRUE | H72: =IF(OR(VLOOKUP($C72,'#Data'!$B$2:$J$344,4,FALSE)="보스",VLOOKUP($C72,'#Data'!$B$2:$J$344,4,FALSE)="중간"),TRUE,FALSE) -> TRUE | I72: TRUE | J72: 20 | K72: =VLOOKUP($A72,쿼리1[[ID]:[열1]],3,FALSE) -> 10 | L72: =$B72&"."&VLOOKUP($C72,'#Data'!$B$2:$J$344,2,FALSE)&".attack0"&RIGHT(L$1,1) -> Sector03.grima_beta_1.attack01 | O72: =$B72&"."&VLOOKUP($C72,'#Data'!$B$2:$J$344,2,FALSE)&".skill0"&RIGHT(O$1,1) -> Sector03.grima_beta_1.skill01 | P72: =$B72&"."&VLOOKUP($C72,'#Data'!$B$2:$J$344,2,FALSE)&".skill0"&RIGHT(P$1,1) -> Sector03.grima_beta_1.skill02 | Q72: =$B72&"."&VLOOKUP($C72,'#Data'!$B$2:$J$344,2,FALSE)&".skill0"&RIGHT(Q$1,1) -> Sector03.grima_beta_1.skill03 | S72: Mid.Boss.Immun.red | V72: FALSE | W72: ="Character/Prefabs/"&VLOOKUP($C72,'#Data'!$B$3:$I$344,8,FALSE) -> Character/Prefabs/m_l_attacker_grima_beta_1 | Y72: =VLOOKUP($C72,'#Data'!$B$3:$I$344,8,FALSE) -> m_l_attacker_grima_beta_1 | AC72: 0.9 | AG72: AttributeNone
A73: 1110203301 | B73: Sector03 | C73: 디오메가 | D73: ="Monster.Name."&VLOOKUP($C73,'#Data'!$B$2:$J$344,2,FALSE) -> Monster.Name.theomega_1 | E73: Tanker | F73: Fac_nul_ind | G73: TRUE | H73: =IF(OR(VLOOKUP($C73,'#Data'!$B$2:$J$344,4,FALSE)="보스",VLOOKUP($C73,'#Data'!$B$2:$J$344,4,FALSE)="중간"),TRUE,FALSE) -> TRUE | I73: TRUE | J73: 30 | K73: =VLOOKUP($A73,쿼리1[[ID]:[열1]],3,FALSE) -> 10 | L73: =$B73&"."&VLOOKUP($C73,'#Data'!$B$2:$J$344,2,FALSE)&".attack0"&RIGHT(L$1,1) -> Sector03.theomega_1.attack01 | O73: =$B73&"."&VLOOKUP($C73,'#Data'!$B$2:$J$344,2,FALSE)&".skill0"&RIGHT(O$1,1) -> Sector03.theomega_1.skill01 | P73: =$B73&"."&VLOOKUP($C73,'#Data'!$B$2:$J$344,2,FALSE)&".skill0"&RIGHT(P$1,1) -> Sector03.theomega_1.skill02 | Q73: =$B73&"."&VLOOKUP($C73,'#Data'!$B$2:$J$344,2,FALSE)&".skill0"&RIGHT(Q$1,1) -> Sector03.theomega_1.skill03 | R73: Sector03.theomega_1.passive01 | S73: Boss.Common.Immun | V73: FALSE | W73: ="Character/Prefabs/"&VLOOKUP($C73,'#Data'!$B$3:$I$344,8,FALSE) -> Character/Prefabs/m_boss_attacker_theomega_1 | Y73: =VLOOKUP($C73,'#Data'!$B$3:$I$344,8,FALSE) -> m_boss_attacker_theomega_1 | AC73: 0.9 | AE73: Character/Timeline/02_MON/boss3/appearance | AF73: Character/Timeline/02_MON/boss3/die | AG73: AttributeNone
A74: 1110203302 | B74: Sector03 | C74: 강화디오메가 | D74: ="Monster.Name."&VLOOKUP($C74,'#Data'!$B$2:$J$344,2,FALSE) -> Monster.Name.theomega_3 | E74: Tanker | F74: Fac_nul_ind | G74: TRUE | H74: =IF(OR(VLOOKUP($C74,'#Data'!$B$2:$J$344,4,FALSE)="보스",VLOOKUP($C74,'#Data'!$B$2:$J$344,4,FALSE)="중간"),TRUE,FALSE) -> TRUE | I74: TRUE | J74: 30 | K74: =VLOOKUP($A74,쿼리1[[ID]:[열1]],3,FALSE) -> 10 | L74: =$B74&"."&VLOOKUP($C74,'#Data'!$B$2:$J$344,2,FALSE)&".attack0"&RIGHT(L$1,1) -> Sector03.theomega_3.attack01 | M74: =$B74&"."&VLOOKUP($C74,'#Data'!$B$2:$J$344,2,FALSE)&".attack0"&RIGHT(M$1,1) -> Sector03.theomega_3.attack02 | O74: =$B74&"."&VLOOKUP($C74,'#Data'!$B$2:$J$344,2,FALSE)&".skill0"&RIGHT(O$1,1) -> Sector03.theomega_3.skill01 | P74: =$B74&"."&VLOOKUP($C74,'#Data'!$B$2:$J$344,2,FALSE)&".skill0"&RIGHT(P$1,1) -> Sector03.theomega_3.skill02 | Q74: =$B74&"."&VLOOKUP($C74,'#Data'!$B$2:$J$344,2,FALSE)&".skill0"&RIGHT(Q$1,1) -> Sector03.theomega_3.skill03 | R74: =$B74&"."&VLOOKUP($C74,'#Data'!$B$2:$J$344,2,FALSE)&".skill0"&RIGHT(R$1,1) -> Sector03.theomega_3.skill04 | S74: Sector03.theomega_3.passive01 | V74: FALSE | W74: ="Character/Prefabs/"&VLOOKUP($C74,'#Data'!$B$3:$I$344,8,FALSE) -> Character/Prefabs/m_boss_attacker_theomega_3 | Y74: =VLOOKUP($C74,'#Data'!$B$3:$I$344,8,FALSE) -> m_boss_attacker_theomega_3 | AC74: 0.9 | AE74: Character/Timeline/02_MON/boss3/appearance_2 | AF74: Character/Timeline/02_MON/boss3/die_2 | AG74: AttributeNone
A75: 1110204101 | B75: Sector04 | C75: 친절한화이트워킹아이볼 | D75: ="Monster.Name."&VLOOKUP($C75,'#Data'!$B$2:$J$344,2,FALSE) -> Monster.Name.friendly_walking_eyeball_1 | E75: Ranger | F75: Fac_nul_ind | G75: TRUE | H75: =IF(OR(VLOOKUP($C75,'#Data'!$B$2:$J$344,4,FALSE)="보스",VLOOKUP($C75,'#Data'!$B$2:$J$344,4,FALSE)="중간"),TRUE,FALSE) -> FALSE | I75: FALSE | J75: 10 | K75: =VLOOKUP($A75,쿼리1[[ID]:[열1]],3,FALSE) -> 10 | L75: =$B75&"."&VLOOKUP($C75,'#Data'!$B$2:$J$344,2,FALSE)&".attack0"&RIGHT(L$1,1) -> Sector04.friendly_walking_eyeball_1.attack01 | O75: Sector04.friendly_walking_eyeball_1.skill01 | V75: FALSE | W75: ="Character/Prefabs/"&VLOOKUP($C75,'#Data'!$B$3:$I$344,8,FALSE) -> Character/Prefabs/m_s_ranger_friendly_walking_eyeball_1 | Y75: =VLOOKUP($C75,'#Data'!$B$3:$I$344,8,FALSE) -> m_s_ranger_friendly_walking_eyeball_1 | AC75: 1.2 | AG75: AttributeNone
A76: 1110204102 | B76: Sector04 | C76: 친절한순찰대 | D76: ="Monster.Name."&VLOOKUP($C76,'#Data'!$B$2:$J$344,2,FALSE) -> Monster.Name.friendly_patrol_1 | E76: Attacker | F76: Fac_nul_ind | G76: TRUE | H76: =IF(OR(VLOOKUP($C76,'#Data'!$B$2:$J$344,4,FALSE)="보스",VLOOKUP($C76,'#Data'!$B$2:$J$344,4,FALSE)="중간"),TRUE,FALSE) -> FALSE | I76: FALSE | J76: 10 | K76: =VLOOKUP($A76,쿼리1[[ID]:[열1]],3,FALSE) -> 10 | L76: =$B76&"."&VLOOKUP($C76,'#Data'!$B$2:$J$344,2,FALSE)&".attack0"&RIGHT(L$1,1) -> Sector04.friendly_patrol_1.attack01 | O76: Sector04.friendly_patrol_1.skill01 | V76: FALSE | W76: ="Character/Prefabs/"&VLOOKUP($C76,'#Data'!$B$3:$I$344,8,FALSE) -> Character/Prefabs/m_s_attacker_friendly_patrol_1 | Y76: =VLOOKUP($C76,'#Data'!$B$3:$I$344,8,FALSE) -> m_s_attacker_friendly_patrol_1 | AC76: 1 | AG76: AttributeNone
A77: 1110204103 | B77: Sector04 | C77: 친절한블랙워킹아이볼 | D77: ="Monster.Name."&VLOOKUP($C77,'#Data'!$B$2:$J$344,2,FALSE) -> Monster.Name.friendly_walking_eyeball_2 | E77: Ranger | F77: Fac_nul_ind | G77: TRUE | H77: =IF(OR(VLOOKUP($C77,'#Data'!$B$2:$J$344,4,FALSE)="보스",VLOOKUP($C77,'#Data'!$B$2:$J$344,4,FALSE)="중간"),TRUE,FALSE) -> FALSE | I77: FALSE | J77: 10 | K77: =VLOOKUP($A77,쿼리1[[ID]:[열1]],3,FALSE) -> 10 | L77: =$B77&"."&VLOOKUP($C77,'#Data'!$B$2:$J$344,2,FALSE)&".attack0"&RIGHT(L$1,1) -> Sector04.friendly_walking_eyeball_2.attack01 | O77: Sector04.friendly_walking_eyeball_2.skill01 | V77: FALSE | W77: ="Character/Prefabs/"&VLOOKUP($C77,'#Data'!$B$3:$I$344,8,FALSE) -> Character/Prefabs/m_s_ranger_friendly_walking_eyeball_2 | Y77: =VLOOKUP($C77,'#Data'!$B$3:$I$344,8,FALSE) -> m_s_ranger_friendly_walking_eyeball_2 | AC77: 1.2 | AG77: AttributeNone
A78: 1110204104 | B78: Sector04 | C78: 친절한야간순찰대 | D78: ="Monster.Name."&VLOOKUP($C78,'#Data'!$B$2:$J$344,2,FALSE) -> Monster.Name.friendly_patrol_2 | E78: Attacker | F78: Fac_nul_ind | G78: TRUE | H78: =IF(OR(VLOOKUP($C78,'#Data'!$B$2:$J$344,4,FALSE)="보스",VLOOKUP($C78,'#Data'!$B$2:$J$344,4,FALSE)="중간"),TRUE,FALSE) -> FALSE | I78: FALSE | J78: 10 | K78: =VLOOKUP($A78,쿼리1[[ID]:[열1]],3,FALSE) -> 10 | L78: =$B78&"."&VLOOKUP($C78,'#Data'!$B$2:$J$344,2,FALSE)&".attack0"&RIGHT(L$1,1) -> Sector04.friendly_patrol_2.attack01 | O78: Sector04.friendly_patrol_2.skill01 | V78: FALSE | W78: ="Character/Prefabs/"&VLOOKUP($C78,'#Data'!$B$3:$I$344,8,FALSE) -> Character/Prefabs/m_s_attacker_friendly_patrol_2 | Y78: =VLOOKUP($C78,'#Data'!$B$3:$I$344,8,FALSE) -> m_s_attacker_friendly_patrol_2 | AC78: 1 | AG78: AttributeNone
A79: 1110204105 | B79: Sector04 | C79: 친절한엣지아이볼 | D79: ="Monster.Name."&VLOOKUP($C79,'#Data'!$B$2:$J$344,2,FALSE) -> Monster.Name.friendly_edge_eyeball_1 | E79: Attacker | F79: Fac_nul_ind | G79: TRUE | H79: =IF(OR(VLOOKUP($C79,'#Data'!$B$2:$J$344,4,FALSE)="보스",VLOOKUP($C79,'#Data'!$B$2:$J$344,4,FALSE)="중간"),TRUE,FALSE) -> FALSE | I79: FALSE | J79: 10 | K79: =VLOOKUP($A79,쿼리1[[ID]:[열1]],3,FALSE) -> 10 | L79: =$B79&"."&VLOOKUP($C79,'#Data'!$B$2:$J$344,2,FALSE)&".attack0"&RIGHT(L$1,1) -> Sector04.friendly_edge_eyeball_1.attack01 | O79: =$B79&"."&VLOOKUP($C79,'#Data'!$B$2:$J$344,2,FALSE)&".skill0"&RIGHT(O$1,1) -> Sector04.friendly_edge_eyeball_1.skill01 | P79: Sector04.friendly_edge_eyeball_1.skill02 | V79: FALSE | W79: ="Character/Prefabs/"&VLOOKUP($C79,'#Data'!$B$3:$I$344,8,FALSE) -> Character/Prefabs/m_m_attacker_friendly_edge_eyeball_1 | Y79: =VLOOKUP($C79,'#Data'!$B$3:$I$344,8,FALSE) -> m_m_attacker_friendly_edge_eyeball_1 | AC79: 0.9 | AG79: AttributeNone
A80: 1110204106 | B80: Sector04 | C80: 친절한전기아이볼 | D80: ="Monster.Name."&VLOOKUP($C80,'#Data'!$B$2:$J$344,2,FALSE) -> Monster.Name.friendly_electric_eyeball_1 | E80: Ranger | F80: Fac_nul_ind | G80: TRUE | H80: =IF(OR(VLOOKUP($C80,'#Data'!$B$2:$J$344,4,FALSE)="보스",VLOOKUP($C80,'#Data'!$B$2:$J$344,4,FALSE)="중간"),TRUE,FALSE) -> FALSE | I80: FALSE | J80: 10 | K80: =VLOOKUP($A80,쿼리1[[ID]:[열1]],3,FALSE) -> 10 | L80: =$B80&"."&VLOOKUP($C80,'#Data'!$B$2:$J$344,2,FALSE)&".attack0"&RIGHT(L$1,1) -> Sector04.friendly_electric_eyeball_1.attack01 | O80: =$B80&"."&VLOOKUP($C80,'#Data'!$B$2:$J$344,2,FALSE)&".skill0"&RIGHT(O$1,1) -> Sector04.friendly_electric_eyeball_1.skill01 | P80: Sector04.friendly_electric_eyeball_1.skill02 | V80: FALSE | W80: ="Character/Prefabs/"&VLOOKUP($C80,'#Data'!$B$3:$I$344,8,FALSE) -> Character/Prefabs/m_m_ranger_friendly_electric_eyeball_1 | Y80: =VLOOKUP($C80,'#Data'!$B$3:$I$344,8,FALSE) -> m_m_ranger_friendly_electric_eyeball_1 | AC80: 0.9 | AG80: AttributeNone
A81: 1110204107 | B81: Sector04 | C81: 친절한톱날순찰대 | D81: ="Monster.Name."&VLOOKUP($C81,'#Data'!$B$2:$J$344,2,FALSE) -> Monster.Name.friendly_sawpatrol_1 | E81: Attacker | F81: Fac_nul_ind | G81: TRUE | H81: =IF(OR(VLOOKUP($C81,'#Data'!$B$2:$J$344,4,FALSE)="보스",VLOOKUP($C81,'#Data'!$B$2:$J$344,4,FALSE)="중간"),TRUE,FALSE) -> FALSE | I81: FALSE | J81: 10 | K81: =VLOOKUP($A81,쿼리1[[ID]:[열1]],3,FALSE) -> 10 | L81: =$B81&"."&VLOOKUP($C81,'#Data'!$B$2:$J$344,2,FALSE)&".attack0"&RIGHT(L$1,1) -> Sector04.friendly_sawpatrol_1.attack01 | O81: =$B81&"."&VLOOKUP($C81,'#Data'!$B$2:$J$344,2,FALSE)&".skill0"&RIGHT(O$1,1) -> Sector04.friendly_sawpatrol_1.skill01 | P81: Sector04.friendly_sawpatrol_1.skill02 | V81: FALSE | W81: ="Character/Prefabs/"&VLOOKUP($C81,'#Data'!$B$3:$I$344,8,FALSE) -> Character/Prefabs/m_m_attacker_friendly_sawpatrol_1 | Y81: =VLOOKUP($C81,'#Data'!$B$3:$I$344,8,FALSE) -> m_m_attacker_friendly_sawpatrol_1 | AC81: 1 | AG81: AttributeNone
A82: 1110204108 | B82: Sector04 | C82: 친절한스태프순찰대 | D82: ="Monster.Name."&VLOOKUP($C82,'#Data'!$B$2:$J$344,2,FALSE) -> Monster.Name.friendly_staffpatrol_1 | E82: Supporter | F82: Fac_nul_ind | G82: TRUE | H82: =IF(OR(VLOOKUP($C82,'#Data'!$B$2:$J$344,4,FALSE)="보스",VLOOKUP($C82,'#Data'!$B$2:$J$344,4,FALSE)="중간"),TRUE,FALSE) -> FALSE | I82: FALSE | J82: 10 | K82: =VLOOKUP($A82,쿼리1[[ID]:[열1]],3,FALSE) -> 10 | L82: =$B82&"."&VLOOKUP($C82,'#Data'!$B$2:$J$344,2,FALSE)&".attack0"&RIGHT(L$1,1) -> Sector04.friendly_staffpatrol_1.attack01 | O82: =$B82&"."&VLOOKUP($C82,'#Data'!$B$2:$J$344,2,FALSE)&".skill0"&RIGHT(O$1,1) -> Sector04.friendly_staffpatrol_1.skill01 | P82: Sector04.friendly_staffpatrol_1.skill02 | V82: FALSE | W82: ="Character/Prefabs/"&VLOOKUP($C82,'#Data'!$B$3:$I$344,8,FALSE) -> Character/Prefabs/m_m_supporter_friendly_staffpatrol_1 | Y82: =VLOOKUP($C82,'#Data'!$B$3:$I$344,8,FALSE) -> m_m_supporter_friendly_staffpatrol_1 | AC82: 1 | AG82: AttributeNone
A83: 1110204109 | B83: Sector04 | C83: 친절한카마순찰대 | D83: ="Monster.Name."&VLOOKUP($C83,'#Data'!$B$2:$J$344,2,FALSE) -> Monster.Name.friendly_sicklepatrol_1 | E83: Attacker | F83: Fac_nul_ind | G83: TRUE | H83: =IF(OR(VLOOKUP($C83,'#Data'!$B$2:$J$344,4,FALSE)="보스",VLOOKUP($C83,'#Data'!$B$2:$J$344,4,FALSE)="중간"),TRUE,FALSE) -> FALSE | I83: FALSE | J83: 10 | K83: =VLOOKUP($A83,쿼리1[[ID]:[열1]],3,FALSE) -> 10 | L83: =$B83&"."&VLOOKUP($C83,'#Data'!$B$2:$J$344,2,FALSE)&".attack0"&RIGHT(L$1,1) -> Sector04.friendly_sicklepatrol_1.attack01 | O83: =$B83&"."&VLOOKUP($C83,'#Data'!$B$2:$J$344,2,FALSE)&".skill0"&RIGHT(O$1,1) -> Sector04.friendly_sicklepatrol_1.skill01 | P83: Sector04.friendly_sicklepatrol_1.skill02 | V83: FALSE | W83: ="Character/Prefabs/"&VLOOKUP($C83,'#Data'!$B$3:$I$344,8,FALSE) -> Character/Prefabs/m_m_attacker_friendly_sicklepatrol_1 | Y83: =VLOOKUP($C83,'#Data'!$B$3:$I$344,8,FALSE) -> m_m_attacker_friendly_sicklepatrol_1 | AC83: 1 | AG83: AttributeNone
A84: 1110204110 | B84: Sector04 | C84: 친절한경비 | D84: ="Monster.Name."&VLOOKUP($C84,'#Data'!$B$2:$J$344,2,FALSE) -> Monster.Name.friendly_security_1 | E84: Attacker | F84: Fac_nul_ind | G84: TRUE | H84: =IF(OR(VLOOKUP($C84,'#Data'!$B$2:$J$344,4,FALSE)="보스",VLOOKUP($C84,'#Data'!$B$2:$J$344,4,FALSE)="중간"),TRUE,FALSE) -> FALSE | I84: FALSE | J84: 10 | K84: =VLOOKUP($A84,쿼리1[[ID]:[열1]],3,FALSE) -> 10 | L84: =$B84&"."&VLOOKUP($C84,'#Data'!$B$2:$J$344,2,FALSE)&".attack0"&RIGHT(L$1,1) -> Sector04.friendly_security_1.attack01 | O84: =$B84&"."&VLOOKUP($C84,'#Data'!$B$2:$J$344,2,FALSE)&".skill0"&RIGHT(O$1,1) -> Sector04.friendly_security_1.skill01 | P84: Sector04.friendly_security_1.skill02 | V84: FALSE | W84: ="Character/Prefabs/"&VLOOKUP($C84,'#Data'!$B$3:$I$344,8,FALSE) -> Character/Prefabs/m_m_attacker_friendly_security_1 | Y84: =VLOOKUP($C84,'#Data'!$B$3:$I$344,8,FALSE) -> m_m_attacker_friendly_security_1 | AC84: 0.9 | AG84: AttributeNone
A85: 1110204111 | B85: Sector04 | C85: 친절한캐논 | D85: ="Monster.Name."&VLOOKUP($C85,'#Data'!$B$2:$J$344,2,FALSE) -> Monster.Name.friendly_cannon_1 | E85: Ranger | F85: Fac_nul_ind | G85: TRUE | H85: =IF(OR(VLOOKUP($C85,'#Data'!$B$2:$J$344,4,FALSE)="보스",VLOOKUP($C85,'#Data'!$B$2:$J$344,4,FALSE)="중간"),TRUE,FALSE) -> FALSE | I85: FALSE | J85: 10 | K85: =VLOOKUP($A85,쿼리1[[ID]:[열1]],3,FALSE) -> 10 | L85: =$B85&"."&VLOOKUP($C85,'#Data'!$B$2:$J$344,2,FALSE)&".attack0"&RIGHT(L$1,1) -> Sector04.friendly_cannon_1.attack01 | O85: =$B85&"."&VLOOKUP($C85,'#Data'!$B$2:$J$344,2,FALSE)&".skill0"&RIGHT(O$1,1) -> Sector04.friendly_cannon_1.skill01 | P85: Sector04.friendly_cannon_1.skill02 | V85: FALSE | W85: ="Character/Prefabs/"&VLOOKUP($C85,'#Data'!$B$3:$I$344,8,FALSE) -> Character/Prefabs/m_m_ranger_friendly_cannon_1 | Y85: =VLOOKUP($C85,'#Data'!$B$3:$I$344,8,FALSE) -> m_m_ranger_friendly_cannon_1 | AC85: 0.7 | AG85: AttributeNone
A86: 1110204112 | B86: Sector04 | C86: 친절한건 | D86: ="Monster.Name."&VLOOKUP($C86,'#Data'!$B$2:$J$344,2,FALSE) -> Monster.Name.friendly_gun_1 | E86: Ranger | F86: Fac_nul_ind | G86: TRUE | H86: =IF(OR(VLOOKUP($C86,'#Data'!$B$2:$J$344,4,FALSE)="보스",VLOOKUP($C86,'#Data'!$B$2:$J$344,4,FALSE)="중간"),TRUE,FALSE) -> FALSE | I86: FALSE | J86: 10 | K86: =VLOOKUP($A86,쿼리1[[ID]:[열1]],3,FALSE) -> 10 | L86: =$B86&"."&VLOOKUP($C86,'#Data'!$B$2:$J$344,2,FALSE)&".attack0"&RIGHT(L$1,1) -> Sector04.friendly_gun_1.attack01 | O86: =$B86&"."&VLOOKUP($C86,'#Data'!$B$2:$J$344,2,FALSE)&".skill0"&RIGHT(O$1,1) -> Sector04.friendly_gun_1.skill01 | P86: Sector04.friendly_gun_1.skill02 | V86: FALSE | W86: ="Character/Prefabs/"&VLOOKUP($C86,'#Data'!$B$3:$I$344,8,FALSE) -> Character/Prefabs/m_m_ranger_friendly_gun_1 | Y86: =VLOOKUP($C86,'#Data'!$B$3:$I$344,8,FALSE) -> m_m_ranger_friendly_gun_1 | AC86: 0.7 | AG86: AttributeNone
A87: 1110204113 | B87: Sector04 | C87: 친절한화이트워킹아이볼베리 | D87: ="Monster.Name."&VLOOKUP($C87,'#Data'!$B$2:$J$344,2,FALSE) -> Monster.Name.friendly_walking_eyeball_3 | E87: Ranger | F87: Fac_nul_ind | G87: TRUE | H87: =IF(OR(VLOOKUP($C87,'#Data'!$B$2:$J$344,4,FALSE)="보스",VLOOKUP($C87,'#Data'!$B$2:$J$344,4,FALSE)="중간"),TRUE,FALSE) -> FALSE | I87: FALSE | J87: 10 | K87: =VLOOKUP($A87,쿼리1[[ID]:[열1]],3,FALSE) -> 10 | L87: Sector04.friendly_walking_eyeball_1.attack01 | O87: Sector04.friendly_walking_eyeball_1.skill01 | V87: FALSE | W87: ="Character/Prefabs/"&VLOOKUP($C87,'#Data'!$B$3:$I$344,8,FALSE) -> Character/Prefabs/m_s_ranger_friendly_walking_eyeball_3 | Y87: =VLOOKUP($C87,'#Data'!$B$3:$I$344,8,FALSE) -> m_s_ranger_friendly_walking_eyeball_3 | AC87: 1.2 | AG87: AttributeNone
A88: 1110204114 | B88: Sector04 | C88: 친절한순찰대베리 | D88: ="Monster.Name."&VLOOKUP($C88,'#Data'!$B$2:$J$344,2,FALSE) -> Monster.Name.friendly_patrol_3 | E88: Attacker | F88: Fac_nul_ind | G88: TRUE | H88: =IF(OR(VLOOKUP($C88,'#Data'!$B$2:$J$344,4,FALSE)="보스",VLOOKUP($C88,'#Data'!$B$2:$J$344,4,FALSE)="중간"),TRUE,FALSE) -> FALSE | I88: FALSE | J88: 10 | K88: =VLOOKUP($A88,쿼리1[[ID]:[열1]],3,FALSE) -> 10 | L88: Sector04.friendly_patrol_1.attack01 | O88: Sector04.friendly_patrol_1.skill01 | V88: FALSE | W88: ="Character/Prefabs/"&VLOOKUP($C88,'#Data'!$B$3:$I$344,8,FALSE) -> Character/Prefabs/m_s_attacker_friendly_patrol_3 | Y88: =VLOOKUP($C88,'#Data'!$B$3:$I$344,8,FALSE) -> m_s_attacker_friendly_patrol_3 | AC88: 1 | AG88: AttributeNone
A89: 1110204115 | B89: Sector04 | C89: 친절한엣지아이볼베리 | D89: ="Monster.Name."&VLOOKUP($C89,'#Data'!$B$2:$J$344,2,FALSE) -> Monster.Name.friendly_edge_eyeball_2 | E89: Attacker | F89: Fac_nul_ind | G89: TRUE | H89: =IF(OR(VLOOKUP($C89,'#Data'!$B$2:$J$344,4,FALSE)="보스",VLOOKUP($C89,'#Data'!$B$2:$J$344,4,FALSE)="중간"),TRUE,FALSE) -> FALSE | I89: FALSE | J89: 10 | K89: =VLOOKUP($A89,쿼리1[[ID]:[열1]],3,FALSE) -> 10 | L89: Sector04.friendly_edge_eyeball_1.attack01 | O89: Sector04.friendly_edge_eyeball_1.skill01 | P89: Sector04.friendly_edge_eyeball_1.skill02 | V89: FALSE | W89: ="Character/Prefabs/"&VLOOKUP($C89,'#Data'!$B$3:$I$344,8,FALSE) -> Character/Prefabs/m_m_attacker_friendly_edge_eyeball_2 | Y89: =VLOOKUP($C89,'#Data'!$B$3:$I$344,8,FALSE) -> m_m_attacker_friendly_edge_eyeball_2 | AC89: 0.9 | AG89: AttributeNone
A90: 1110204116 | B90: Sector04 | C90: 친절한전기아이볼베리 | D90: ="Monster.Name."&VLOOKUP($C90,'#Data'!$B$2:$J$344,2,FALSE) -> Monster.Name.friendly_electric_eyeball_2 | E90: Ranger | F90: Fac_nul_ind | G90: TRUE | H90: =IF(OR(VLOOKUP($C90,'#Data'!$B$2:$J$344,4,FALSE)="보스",VLOOKUP($C90,'#Data'!$B$2:$J$344,4,FALSE)="중간"),TRUE,FALSE) -> FALSE | I90: FALSE | J90: 10 | K90: =VLOOKUP($A90,쿼리1[[ID]:[열1]],3,FALSE) -> 10 | L90: Sector04.friendly_electric_eyeball_1.attack01 | O90: Sector04.friendly_electric_eyeball_1.skill01 | P90: Sector04.friendly_electric_eyeball_1.skill02 | V90: FALSE | W90: ="Character/Prefabs/"&VLOOKUP($C90,'#Data'!$B$3:$I$344,8,FALSE) -> Character/Prefabs/m_m_ranger_friendly_electric_eyeball_2 | Y90: =VLOOKUP($C90,'#Data'!$B$3:$I$344,8,FALSE) -> m_m_ranger_friendly_electric_eyeball_2 | AC90: 0.9 | AG90: AttributeNone
A91: 1110204117 | B91: Sector04 | C91: 친절한톱날순찰대베리 | D91: ="Monster.Name."&VLOOKUP($C91,'#Data'!$B$2:$J$344,2,FALSE) -> Monster.Name.friendly_sawpatrol_2 | E91: Attacker | F91: Fac_nul_ind | G91: TRUE | H91: =IF(OR(VLOOKUP($C91,'#Data'!$B$2:$J$344,4,FALSE)="보스",VLOOKUP($C91,'#Data'!$B$2:$J$344,4,FALSE)="중간"),TRUE,FALSE) -> FALSE | I91: FALSE | J91: 10 | K91: =VLOOKUP($A91,쿼리1[[ID]:[열1]],3,FALSE) -> 10 | L91: Sector04.friendly_sawpatrol_1.attack01 | O91: Sector04.friendly_sawpatrol_1.skill01 | P91: Sector04.friendly_sawpatrol_1.skill02 | V91: FALSE | W91: ="Character/Prefabs/"&VLOOKUP($C91,'#Data'!$B$3:$I$344,8,FALSE) -> Character/Prefabs/m_m_attacker_friendly_sawpatrol_2 | Y91: =VLOOKUP($C91,'#Data'!$B$3:$I$344,8,FALSE) -> m_m_attacker_friendly_sawpatrol_2 | AC91: 1 | AG91: AttributeNone
A92: 1110204118 | B92: Sector04 | C92: 친절한스태프순찰대베리 | D92: ="Monster.Name."&VLOOKUP($C92,'#Data'!$B$2:$J$344,2,FALSE) -> Monster.Name.friendly_staffpatrol_2 | E92: Supporter | F92: Fac_nul_ind | G92: TRUE | H92: =IF(OR(VLOOKUP($C92,'#Data'!$B$2:$J$344,4,FALSE)="보스",VLOOKUP($C92,'#Data'!$B$2:$J$344,4,FALSE)="중간"),TRUE,FALSE) -> FALSE | I92: FALSE | J92: 10 | K92: =VLOOKUP($A92,쿼리1[[ID]:[열1]],3,FALSE) -> 10 | L92: Sector04.friendly_staffpatrol_1.attack01 | O92: Sector04.friendly_staffpatrol_1.skill01 | P92: Sector04.friendly_staffpatrol_1.skill02 | V92: FALSE | W92: ="Character/Prefabs/"&VLOOKUP($C92,'#Data'!$B$3:$I$344,8,FALSE) -> Character/Prefabs/m_m_supporter_friendly_staffpatrol_2 | Y92: =VLOOKUP($C92,'#Data'!$B$3:$I$344,8,FALSE) -> m_m_supporter_friendly_staffpatrol_2 | AC92: 1 | AG92: AttributeNone
A93: 1110204119 | B93: Sector04 | C93: 친절한카마순찰대베리 | D93: ="Monster.Name."&VLOOKUP($C93,'#Data'!$B$2:$J$344,2,FALSE) -> Monster.Name.friendly_sicklepatrol_2 | E93: Attacker | F93: Fac_nul_ind | G93: TRUE | H93: =IF(OR(VLOOKUP($C93,'#Data'!$B$2:$J$344,4,FALSE)="보스",VLOOKUP($C93,'#Data'!$B$2:$J$344,4,FALSE)="중간"),TRUE,FALSE) -> FALSE | I93: FALSE | J93: 10 | K93: =VLOOKUP($A93,쿼리1[[ID]:[열1]],3,FALSE) -> 10 | L93: Sector04.friendly_sicklepatrol_1.attack01 | O93: Sector04.friendly_sicklepatrol_1.skill01 | P93: Sector04.friendly_sicklepatrol_1.skill02 | V93: FALSE | W93: ="Character/Prefabs/"&VLOOKUP($C93,'#Data'!$B$3:$I$344,8,FALSE) -> Character/Prefabs/m_m_attacker_friendly_sicklepatrol_2 | Y93: =VLOOKUP($C93,'#Data'!$B$3:$I$344,8,FALSE) -> m_m_attacker_friendly_sicklepatrol_2 | AC93: 1 | AG93: AttributeNone
A94: 1110204120 | B94: Sector04 | C94: 친절한경비베리 | D94: ="Monster.Name."&VLOOKUP($C94,'#Data'!$B$2:$J$344,2,FALSE) -> Monster.Name.friendly_security_2 | E94: Attacker | F94: Fac_nul_ind | G94: TRUE | H94: =IF(OR(VLOOKUP($C94,'#Data'!$B$2:$J$344,4,FALSE)="보스",VLOOKUP($C94,'#Data'!$B$2:$J$344,4,FALSE)="중간"),TRUE,FALSE) -> FALSE | I94: FALSE | J94: 10 | K94: =VLOOKUP($A94,쿼리1[[ID]:[열1]],3,FALSE) -> 10 | L94: Sector04.friendly_security_1.attack01 | O94: Sector04.friendly_security_1.skill01 | P94: Sector04.friendly_security_1.skill02 | V94: FALSE | W94: ="Character/Prefabs/"&VLOOKUP($C94,'#Data'!$B$3:$I$344,8,FALSE) -> Character/Prefabs/m_m_attacker_friendly_security_2 | Y94: =VLOOKUP($C94,'#Data'!$B$3:$I$344,8,FALSE) -> m_m_attacker_friendly_security_2 | AC94: 0.9 | AG94: AttributeNone
A95: 1110204121 | B95: Sector04 | C95: 친절한캐논베리 | D95: ="Monster.Name."&VLOOKUP($C95,'#Data'!$B$2:$J$344,2,FALSE) -> Monster.Name.friendly_cannon_2 | E95: Ranger | F95: Fac_nul_ind | G95: TRUE | H95: =IF(OR(VLOOKUP($C95,'#Data'!$B$2:$J$344,4,FALSE)="보스",VLOOKUP($C95,'#Data'!$B$2:$J$344,4,FALSE)="중간"),TRUE,FALSE) -> FALSE | I95: FALSE | J95: 10 | K95: =VLOOKUP($A95,쿼리1[[ID]:[열1]],3,FALSE) -> 10 | L95: Sector04.friendly_cannon_1.attack01 | O95: Sector04.friendly_cannon_1.skill01 | P95: Sector04.friendly_cannon_1.skill02 | V95: FALSE | W95: ="Character/Prefabs/"&VLOOKUP($C95,'#Data'!$B$3:$I$344,8,FALSE) -> Character/Prefabs/m_m_ranger_friendly_cannon_2 | Y95: =VLOOKUP($C95,'#Data'!$B$3:$I$344,8,FALSE) -> m_m_ranger_friendly_cannon_2 | AC95: 0.7 | AG95: AttributeNone
A96: 1110204122 | B96: Sector04 | C96: 친절한건베리 | D96: ="Monster.Name."&VLOOKUP($C96,'#Data'!$B$2:$J$344,2,FALSE) -> Monster.Name.friendly_gun_2 | E96: Ranger | F96: Fac_nul_ind | G96: TRUE | H96: =IF(OR(VLOOKUP($C96,'#Data'!$B$2:$J$344,4,FALSE)="보스",VLOOKUP($C96,'#Data'!$B$2:$J$344,4,FALSE)="중간"),TRUE,FALSE) -> FALSE | I96: FALSE | J96: 10 | K96: =VLOOKUP($A96,쿼리1[[ID]:[열1]],3,FALSE) -> 10 | L96: Sector04.friendly_gun_1.attack01 | O96: Sector04.friendly_gun_1.skill01 | P96: Sector04.friendly_gun_1.skill02 | V96: FALSE | W96: ="Character/Prefabs/"&VLOOKUP($C96,'#Data'!$B$3:$I$344,8,FALSE) -> Character/Prefabs/m_m_ranger_friendly_gun_2 | Y96: =VLOOKUP($C96,'#Data'!$B$3:$I$344,8,FALSE) -> m_m_ranger_friendly_gun_2 | AC96: 0.7 | AG96: AttributeNone
A97: 1110204201 | B97: Sector04 | C97: 친절한레일건 | D97: ="Monster.Name."&VLOOKUP($C97,'#Data'!$B$2:$J$344,2,FALSE) -> Monster.Name.friendly_railgun_1 | E97: Ranger | F97: Fac_nul_ind | G97: TRUE | H97: =IF(OR(VLOOKUP($C97,'#Data'!$B$2:$J$344,4,FALSE)="보스",VLOOKUP($C97,'#Data'!$B$2:$J$344,4,FALSE)="중간"),TRUE,FALSE) -> TRUE | I97: TRUE | J97: 10 | K97: =VLOOKUP($A97,쿼리1[[ID]:[열1]],3,FALSE) -> 10 | L97: =$B97&"."&VLOOKUP($C97,'#Data'!$B$2:$J$344,2,FALSE)&".attack0"&RIGHT(L$1,1) -> Sector04.friendly_railgun_1.attack01 | O97: =$B97&"."&VLOOKUP($C97,'#Data'!$B$2:$J$344,2,FALSE)&".skill0"&RIGHT(O$1,1) -> Sector04.friendly_railgun_1.skill01 | P97: =$B97&"."&VLOOKUP($C97,'#Data'!$B$2:$J$344,2,FALSE)&".skill0"&RIGHT(P$1,1) -> Sector04.friendly_railgun_1.skill02 | Q97: =$B97&"."&VLOOKUP($C97,'#Data'!$B$2:$J$344,2,FALSE)&".skill0"&RIGHT(Q$1,1) -> Sector04.friendly_railgun_1.skill03 | S97: Mid.Boss.Immun.red | V97: FALSE | W97: ="Character/Prefabs/"&VLOOKUP($C97,'#Data'!$B$3:$I$344,8,FALSE) -> Character/Prefabs/m_l_ranger_friendly_railgun_1 | Y97: =VLOOKUP($C97,'#Data'!$B$3:$I$344,8,FALSE) -> m_l_ranger_friendly_railgun_1 | AC97: 0.9 | AG97: AttributeNone
A98: 1110204202 | B98: Sector04 | C98: 친절한펀치 | D98: ="Monster.Name."&VLOOKUP($C98,'#Data'!$B$2:$J$344,2,FALSE) -> Monster.Name.friendly_punch_1 | E98: Tanker | F98: Fac_nul_ind | G98: TRUE | H98: =IF(OR(VLOOKUP($C98,'#Data'!$B$2:$J$344,4,FALSE)="보스",VLOOKUP($C98,'#Data'!$B$2:$J$344,4,FALSE)="중간"),TRUE,FALSE) -> TRUE | I98: TRUE | J98: 10 | K98: =VLOOKUP($A98,쿼리1[[ID]:[열1]],3,FALSE) -> 10 | L98: =$B98&"."&VLOOKUP($C98,'#Data'!$B$2:$J$344,2,FALSE)&".attack0"&RIGHT(L$1,1) -> Sector04.friendly_punch_1.attack01 | O98: =$B98&"."&VLOOKUP($C98,'#Data'!$B$2:$J$344,2,FALSE)&".skill0"&RIGHT(O$1,1) -> Sector04.friendly_punch_1.skill01 | P98: =$B98&"."&VLOOKUP($C98,'#Data'!$B$2:$J$344,2,FALSE)&".skill0"&RIGHT(P$1,1) -> Sector04.friendly_punch_1.skill02 | Q98: =$B98&"."&VLOOKUP($C98,'#Data'!$B$2:$J$344,2,FALSE)&".skill0"&RIGHT(Q$1,1) -> Sector04.friendly_punch_1.skill03 | S98: Mid.Boss.Immun.red | V98: FALSE | W98: ="Character/Prefabs/"&VLOOKUP($C98,'#Data'!$B$3:$I$344,8,FALSE) -> Character/Prefabs/m_l_tanker_friendly_punch_1 | Y98: =VLOOKUP($C98,'#Data'!$B$3:$I$344,8,FALSE) -> m_l_tanker_friendly_punch_1 | AC98: 0.9 | AG98: AttributeNone
A99: 1110204203 | B99: Sector04 | C99: 친절한핀서 | D99: ="Monster.Name."&VLOOKUP($C99,'#Data'!$B$2:$J$344,2,FALSE) -> Monster.Name.friendly_pincers_1 | E99: Attacker | F99: Fac_nul_ind | G99: TRUE | H99: =IF(OR(VLOOKUP($C99,'#Data'!$B$2:$J$344,4,FALSE)="보스",VLOOKUP($C99,'#Data'!$B$2:$J$344,4,FALSE)="중간"),TRUE,FALSE) -> TRUE | I99: TRUE | J99: 10 | K99: =VLOOKUP($A99,쿼리1[[ID]:[열1]],3,FALSE) -> 10 | L99: =$B99&"."&VLOOKUP($C99,'#Data'!$B$2:$J$344,2,FALSE)&".attack0"&RIGHT(L$1,1) -> Sector04.friendly_pincers_1.attack01 | O99: =$B99&"."&VLOOKUP($C99,'#Data'!$B$2:$J$344,2,FALSE)&".skill0"&RIGHT(O$1,1) -> Sector04.friendly_pincers_1.skill01 | P99: =$B99&"."&VLOOKUP($C99,'#Data'!$B$2:$J$344,2,FALSE)&".skill0"&RIGHT(P$1,1) -> Sector04.friendly_pincers_1.skill02 | S99: Mid.Boss.Immun.red | V99: FALSE | W99: ="Character/Prefabs/"&VLOOKUP($C99,'#Data'!$B$3:$I$344,8,FALSE) -> Character/Prefabs/m_l_attacker_friendly_pincers_1 | Y99: =VLOOKUP($C99,'#Data'!$B$3:$I$344,8,FALSE) -> m_l_attacker_friendly_pincers_1 | AC99: 0.9 | AG99: AttributeNone
A100: 1110204301 | B100: Sector04 | C100: 널엑스 | D100: ="Monster.Name."&VLOOKUP($C100,'#Data'!$B$2:$J$344,2,FALSE) -> Monster.Name.nullaxe_1 | E100: Attacker | F100: Fac_nul_ind | G100: TRUE | H100: =IF(OR(VLOOKUP($C100,'#Data'!$B$2:$J$344,4,FALSE)="보스",VLOOKUP($C100,'#Data'!$B$2:$J$344,4,FALSE)="중간"),TRUE,FALSE) -> TRUE | I100: TRUE | J100: 20 | K100: =VLOOKUP($A100,쿼리1[[ID]:[열1]],3,FALSE) -> 10 | L100: =$B100&"."&VLOOKUP($C100,'#Data'!$B$2:$J$344,2,FALSE)&".attack0"&RIGHT(L$1,1) -> Sector04.nullaxe_1.attack01 | M100: =$B100&"."&VLOOKUP($C100,'#Data'!$B$2:$J$344,2,FALSE)&".attack0"&RIGHT(M$1,1) -> Sector04.nullaxe_1.attack02 | O100: =$B100&"."&VLOOKUP($C100,'#Data'!$B$2:$J$344,2,FALSE)&".skill0"&RIGHT(O$1,1) -> Sector04.nullaxe_1.skill01 | P100: =$B100&"."&VLOOKUP($C100,'#Data'!$B$2:$J$344,2,FALSE)&".skill0"&RIGHT(P$1,1) -> Sector04.nullaxe_1.skill02 | Q100: =$B100&"."&VLOOKUP($C100,'#Data'!$B$2:$J$344,2,FALSE)&".skill0"&RIGHT(Q$1,1) -> Sector04.nullaxe_1.skill03 | R100: Sector04.nullaxe_1.passive01 | S100: Boss.Common.Immun | V100: FALSE | W100: ="Character/Prefabs/"&VLOOKUP($C100,'#Data'!$B$3:$I$344,8,FALSE) -> Character/Prefabs/m_boss_attacker_nullaxe_1 | Y100: =VLOOKUP($C100,'#Data'!$B$3:$I$344,8,FALSE) -> m_boss_attacker_nullaxe_1 | AC100: 1.6 | AE100: Character/Timeline/02_MON/nullaxe/appearance | AF100: Character/Timeline/02_MON/nullaxe/die | AG100: AttributeNone
...

Sheet Monster.Etc
A1: Id | B1: #기획 | C1: #기획 | D1: Name | E1: Type | F1: FactionGroudId | G1: Attackable | H1: Boss | I1: UseHpSlice | J1: Radius | K1: MoveValue | L1: NormalSkill1 | M1: NormalSkill2 | N1: NormalSkill3 | O1: Skill1 | P1: Skill2 | Q1: Skill3 | R1: Skill4 | S1: Skill5 | T1: UltimateSkill | U1: UltimateExSkill | V1: Left | W1: PrefabBattle | X1: PrefabSpine | Y1: Icon | Z1: UltimateTimeline | AA1: VictoryTimeline | AB1: DieSound | AC1: Scale | AD1: CriticalEffect | AE1: StartTimeline | AF1: EndTimeline | AG1: Attribute
A2: *long | B2: # | C2: # | D2: string | E2: ClassType | F2: $FactionGroup? | G2: bool | H2: bool | I2: bool | J2: int | K2: int | L2: $SkillGroup? | M2: $SkillGroup? | N2: $SkillGroup? | O2: $SkillGroup? | P2: $SkillGroup? | Q2: $SkillGroup? | R2: $SkillGroup? | S2: $SkillGroup? | T2: $SkillGroup? | U2: $SkillGroup? | V2: bool | W2: string | X2: string | Y2: string | Z2: string | AA2: string | AB2: string | AC2: float | AD2: string | AE2: string | AF2: string | AG2: AttributeType
A3: common | B3: #사용처 | C3: #리소스명 | D3: client | E3: common | F3: common | G3: common | H3: common | I3: client | J3: common | K3: common | L3: common | M3: common | N3: common | O3: common | P3: common | Q3: common | R3: common | S3: common | T3: common | U3: common | V3: client | W3: client | X3: client | Y3: client | Z3: client | AA3: client | AB3: client | AC3: client | AD3: client | AE3: common | AF3: common | AG3: common
A4: 1110101001 | B4: 튜토리얼 | C4: 마나 | D4: Name.Character.mana | E4: Ranger | F4: Fac_rim_aki | G4: TRUE | H4: FALSE | I4: FALSE | J4: 10 | K4: =VLOOKUP($A4,쿼리1[[ID]:[열1]],3,FALSE) -> 10 | L4: tuto.mana.attack1 | M4: tuto.mana.attack2 | N4: tuto.mana.attack3 | O4: mana.active1 | P4: mana.active2 | Q4: mana.passive | T4: mana.ult | V4: TRUE | W4: Character/Prefabs/c_ranger_mana_1 | X4: CharacterSpine/c_ranger_mana_1 | Y4: character_mana_01 | Z4: Character/Timeline/01_CHA/ult_c_ranger_mana_1 | AB4: Voice_renas_retire | AC4: 0.9 | AG4: AttributeGreen
A5: 1110101002 | B5: 튜토리얼 | C5: 아이렌 | D5: Name.Character.airen | E5: Attacker | F5: Fac_sta_sec | G5: TRUE | H5: FALSE | I5: FALSE | J5: 10 | K5: =VLOOKUP($A5,쿼리1[[ID]:[열1]],3,FALSE) -> 10 | L5: tuto.airen.attack1 | M5: tuto.airen.attack2 | N5: tuto.airen.attack3 | O5: airen.active1 | P5: airen.active2 | Q5: airen.passive | T5: airen.ult | U5: airen.ult.B | V5: TRUE | W5: Character/Prefabs/c_attacker_airen_1 | X5: CharacterSpine/c_attacker_airen_1 | Y5: character_airen_01 | Z5: Character/Timeline/01_CHA/ult_c_attacker_airen_1 | AB5: Voice_Ann_retire | AC5: 0.9 | AG5: AttributeBlue
A6: 1110101003 | B6: 튜토리얼 | C6: 오로라 | D6: Name.Character.aurora | E6: Ranger | F6: Fac_rim_aki | G6: TRUE | H6: FALSE | I6: FALSE | J6: 10 | K6: =VLOOKUP($A6,쿼리1[[ID]:[열1]],3,FALSE) -> 10 | L6: tuto.aurora.attack1 | M6: tuto.aurora.attack2 | N6: tuto.aurora.attack3 | O6: aurora.active1 | P6: aurora.active2 | Q6: aurora.passive | T6: aurora.ult | V6: TRUE | W6: Character/Prefabs/c_ranger_aurora_1 | X6: CharacterSpine/c_ranger_aurora_1 | Y6: character_aurora_01 | Z6: Character/Timeline/01_CHA/ult_c_ranger_aurora_1 | AB6: Voice_assault_rifle_retire_001 | AC6: 0.9 | AG6: AttributeRed
A7: 1110101004 | B7: 튜토리얼 | C7: 카산드라 | D7: MonsterName.Cassandra | E7: Ranger | F7: Fac_nul_ind | G7: TRUE | H7: TRUE | I7: TRUE | J7: 20 | K7: =VLOOKUP($A7,쿼리1[[ID]:[열1]],3,FALSE) -> 10 | L7: tuto.cassandra.attack01 | O7: tuto.cassandra.skill01 | P7: tuto.cassandra.skill02 | R7: boss.immun.knockback | V7: FALSE | W7: Character/Prefabs/m_boss_ranger_cassandra_1 | Y7: m_boss_ranger_cassandra_1 | AB7: Die_machine | AC7: 0.9 | AG7: AttributeNone
A8: 1110101005 | B8: 튜토리얼 | C8: 일렉트릭드론 | D8: Monster.Name.electric_drone_1 | E8: Attacker | F8: Fac_nul_ind | G8: TRUE | H8: FALSE | I8: FALSE | J8: 10 | K8: =VLOOKUP($A8,쿼리1[[ID]:[열1]],3,FALSE) -> 10 | L8: tuto.electric_drone_1.attack01 | V8: FALSE | W8: Character/Prefabs/m_s_attacker_electric_drone_1 | Y8: m_s_attacker_electric_drone_1 | AC8: 0.7 | AG8: AttributeNone
A9: 1110101006 | B9: 튜토리얼 | C9: 재밍드론 | D9: Monster.Name.jamming_drone_1 | E9: Ranger | F9: Fac_nul_ind | G9: TRUE | H9: FALSE | I9: FALSE | J9: 10 | K9: =VLOOKUP($A9,쿼리1[[ID]:[열1]],3,FALSE) -> 10 | L9: tuto.jamming_drone_1.attack01 | V9: FALSE | W9: Character/Prefabs/m_s_ranger_jamming_drone_1 | Y9: m_s_ranger_jamming_drone_1 | AC9: 0.6 | AG9: AttributeNone
A10: 1110101007 | B10: tuto | C10: 엑시큐서너베타 | D10: ="Monster.Name."&VLOOKUP($C10,'#Data'!$B$2:$J$344,2,FALSE) -> Monster.Name.labmecha_launcher_1 | E10: =VLOOKUP($C10,'#Data'!$B$3:$J$344,6,FALSE) -> Ranger | F10: Fac_nul_ind | G10: TRUE | H10: =IF(OR(VLOOKUP($C10,'#Data'!$B$2:$J$344,4,FALSE)="보스",VLOOKUP($C10,'#Data'!$B$2:$J$344,4,FALSE)="중간"),TRUE,FALSE) -> TRUE | I10: TRUE | J10: 10 | K10: =VLOOKUP($A10,쿼리1[[ID]:[열1]],3,FALSE) -> 10 | L10: =$B10&"."&VLOOKUP($C10,'#Data'!$B$2:$J$344,2,FALSE)&".attack0"&RIGHT(L$1,1) -> tuto.labmecha_launcher_1.attack01 | O10: =$B10&"."&VLOOKUP($C10,'#Data'!$B$2:$J$344,2,FALSE)&".skill0"&RIGHT(O$1,1) -> tuto.labmecha_launcher_1.skill01 | P10: =$B10&"."&VLOOKUP($C10,'#Data'!$B$2:$J$344,2,FALSE)&".skill0"&RIGHT(P$1,1) -> tuto.labmecha_launcher_1.skill02 | V10: FALSE | W10: ="Character/Prefabs/"&VLOOKUP($C10,'#Data'!$B$3:$I$344,8,FALSE) -> Character/Prefabs/m_m_ranger_labmecha_launcher_1 | Y10: =VLOOKUP($C10,'#Data'!$B$3:$I$344,8,FALSE) -> m_m_ranger_labmecha_launcher_1 | AC10: 0.7 | AG10: AttributeNone
A11: 1110101008 | B11: 튜토리얼 | C11: 마나 | D11: Name.Character.mana | E11: Ranger | F11: Fac_rim_aki | G11: TRUE | H11: FALSE | I11: FALSE | J11: 10 | K11: =VLOOKUP($A11,쿼리1[[ID]:[열1]],3,FALSE) -> 10 | L11: tuto.mana.attack1 | M11: tuto.mana.attack2 | N11: tuto.mana.attack3 | O11: tuto.mana.active1 | P11: tuto.mana.active2 | Q11: mana.passive | T11: mana.ult | V11: TRUE | W11: Character/Prefabs/c_ranger_mana_1 | X11: CharacterSpine/c_ranger_mana_1 | Y11: character_mana_01 | Z11: Character/Timeline/01_CHA/ult_c_ranger_mana_1 | AB11: Voice_renas_retire | AC11: 0.9 | AG11: AttributeGreen
A12: 1110101009 | B12: 튜토리얼 | C12: 아이렌 | D12: Name.Character.airen | E12: Attacker | F12: Fac_sta_sec | G12: TRUE | H12: FALSE | I12: FALSE | J12: 10 | K12: =VLOOKUP($A12,쿼리1[[ID]:[열1]],3,FALSE) -> 10 | L12: tuto.airen.attack1 | M12: tuto.airen.attack2 | N12: tuto.airen.attack3 | O12: tuto.airen.active1 | P12: tuto.airen.active2 | Q12: airen.passive | T12: airen.ult | U12: airen.ult.B | V12: TRUE | W12: Character/Prefabs/c_attacker_airen_1 | X12: CharacterSpine/c_attacker_airen_1 | Y12: character_airen_01 | Z12: Character/Timeline/01_CHA/ult_c_attacker_airen_1 | AB12: Voice_Ann_retire | AC12: 0.9 | AG12: AttributeRed
A13: 1110101010 | B13: 튜토리얼 | C13: 오로라 | D13: Name.Character.aurora | E13: Ranger | F13: Fac_rim_aki | G13: TRUE | H13: FALSE | I13: FALSE | J13: 10 | K13: =VLOOKUP($A13,쿼리1[[ID]:[열1]],3,FALSE) -> 10 | L13: tuto.aurora.attack1 | M13: tuto.aurora.attack2 | N13: tuto.aurora.attack3 | O13: tuto.aurora.active1 | P13: tuto.aurora.active2 | Q13: aurora.passive | T13: aurora.ult | V13: TRUE | W13: Character/Prefabs/c_ranger_aurora_1 | X13: CharacterSpine/c_ranger_aurora_1 | Y13: character_aurora_01 | Z13: Character/Timeline/01_CHA/ult_c_ranger_aurora_1 | AB13: Voice_assault_rifle_retire_001 | AC13: 0.9 | AG13: AttributeBlue
A14: 1110101011 | B14: 튜토리얼 | C14: 일렉트릭드론베리 | D14: Monster.Name.electric_drone_2 | E14: Attacker | F14: Fac_nul_ind | G14: TRUE | H14: FALSE | I14: FALSE | J14: 10 | K14: =VLOOKUP($A14,쿼리1[[ID]:[열1]],3,FALSE) -> 10 | L14: tuto.electric_drone_1.attack01 | V14: FALSE | W14: Character/Prefabs/m_s_attacker_electric_drone_5 | Y14: m_s_attacker_electric_drone_5 | AC14: 0.7 | AG14: AttributeNone
A15: 1110101012 | B15: 튜토리얼 | C15: 트루퍼쉴드 | D15: Monster.Name.trooper_guard_1 | E15: Tanker | F15: Fac_nul_ind | G15: TRUE | H15: FALSE | I15: FALSE | J15: 10 | K15: =VLOOKUP($A15,쿼리1[[ID]:[열1]],3,FALSE) -> 10 | L15: Sector01.trooper_guard_1.attack01 | O15: Sector01.trooper_guard_1.skill01 | V15: FALSE | W15: Character/Prefabs/m_m_tanker_trooper_guard_1 | Y15: m_m_tanker_trooper_guard_1 | AC15: 0.8 | AG15: AttributeNone
A16: 1110101013 | B16: 튜토리얼 | C16: 엑시큐서너베타 | D16: Monster.Name.labmecha_launcher_1 | E16: Ranger | F16: Fac_nul_ind | G16: TRUE | H16: TRUE | I16: TRUE | J16: 10 | K16: =VLOOKUP($A16,쿼리1[[ID]:[열1]],3,FALSE) -> 10 | L16: tuto.labmecha_launcher_1.attack01 | O16: tuto.labmecha_launcher_1.skill01 | P16: tuto.labmecha_launcher_1.skill02 | V16: FALSE | W16: Character/Prefabs/m_m_ranger_labmecha_launcher_1 | Y16: m_m_ranger_labmecha_launcher_1 | AC16: 0.7 | AG16: AttributeNone
A17: 1110001001 | B17: 미리보기 | C17: 오로라 | D17: Character.Name.aurora | E17: Ranger | F17: Fac_rim_aki | G17: TRUE | H17: FALSE | I17: FALSE | J17: 10 | K17: =VLOOKUP($A17,쿼리1[[ID]:[열1]],3,FALSE) -> 10 | L17: aurora.attack1 | M17: aurora.attack2 | N17: aurora.attack3 | V17: TRUE | W17: Character/Prefabs/c_ranger_aurora_1 | Y17: character_aurora_01 | AC17: 0.9 | AG17: AttributeRed
A18: 1110001002 | B18: 미리보기 | C18: 샤레 | D18: Character.Name.aurora | E18: Ranger | F18: Fac_rim_aki | G18: TRUE | H18: FALSE | I18: FALSE | J18: 10 | K18: =VLOOKUP($A18,쿼리1[[ID]:[열1]],3,FALSE) -> 10 | L18: shale.attack1 | M18: shale.attack2 | N18: shale.attack3 | V18: TRUE | W18: Character/Prefabs/c_supporter_shale_1 | Y18: character_aurora_01 | AC18: 0.9 | AG18: AttributeBlue
A19: 1110001003 | B19: 미리보기 | C19: 친절한순찰대 | D19: MonsterName.Turret1 | E19: Attacker | F19: Fac_nul_ind | G19: TRUE | H19: FALSE | I19: FALSE | J19: 10 | K19: =VLOOKUP($A19,쿼리1[[ID]:[열1]],3,FALSE) -> 10 | L19: Sector04.friendly_patrol_1.attack01 | S19: stage.fever | V19: FALSE | W19: Character/Prefabs/m_s_attacker_friendly_patrol_1 | Y19: m_s_attacker_friendly_patrol_1 | AB19: Die_machine | AC19: 1 | AG19: AttributeNone
A20: 1110001004 | B20: 미리보기 | C20: 친절한화이트워킹아이볼 | D20: MonsterName.Turret1 | E20: Ranger | F20: Fac_nul_ind | G20: TRUE | H20: FALSE | I20: FALSE | J20: 10 | K20: =VLOOKUP($A20,쿼리1[[ID]:[열1]],3,FALSE) -> 10 | L20: Sector04.friendly_walking_eyeball_1.attack01 | S20: stage.fever | V20: FALSE | W20: Character/Prefabs/m_s_ranger_friendly_walking_eyeball_1 | Y20: m_s_ranger_friendly_walking_eyeball_1 | AB20: Die_machine | AC20: 1 | AG20: AttributeNone
A21: 1110001005 | B21: 미리보기 | C21: 친절한블랙워킹아이볼 | D21: MonsterName.Turret1 | E21: Ranger | F21: Fac_nul_ind | G21: TRUE | H21: FALSE | I21: FALSE | J21: 10 | K21: =VLOOKUP($A21,쿼리1[[ID]:[열1]],3,FALSE) -> 10 | L21: Sector04.friendly_walking_eyeball_2.attack01 | S21: stage.fever | V21: FALSE | W21: Character/Prefabs/m_s_ranger_friendly_walking_eyeball_2 | Y21: m_s_ranger_friendly_walking_eyeball_2 | AB21: Die_machine | AC21: 1 | AG21: AttributeNone
A22: 1110701001 | B22: 다이아나 | C22: diana | D22: Name.Character.diana | E22: Tanker | F22: Fac_sti_shi | G22: TRUE | H22: FALSE | I22: FALSE | J22: 10 | K22: =VLOOKUP($A22,쿼리1[[ID]:[열1]],3,FALSE) -> 10 | L22: diana.attack1 | M22: diana.attack2 | N22: diana.attack3 | O22: m.diana.active1 | P22: m.diana.active2 | Q22: m.diana.passive | T22: m.diana.ult | V22: TRUE | W22: Character/Prefabs/m_tanker_diana_enemy_1 | Y22: character_diana_01 | AC22: 0.9 | AG22: AttributeGreen
A23: 1110701002 | B23: 아이렌 | C23: airen | D23: Name.Character.airen | E23: Attacker | F23: Fac_sta_sec | G23: TRUE | H23: FALSE | I23: FALSE | J23: 10 | K23: =VLOOKUP($A23,쿼리1[[ID]:[열1]],3,FALSE) -> 10 | L23: airen.attack1 | M23: airen.attack2 | N23: airen.attack3 | O23: airen.active1 | P23: airen.active2 | Q23: airen.passive | R23: airen.passive.Ex | T23: airen.ult | U23: airen.ult.B | V23: TRUE | W23: Character/Prefabs/m_attacker_airen_enemy_1 | Y23: character_airen_01 | AC23: 0.9 | AG23: AttributeRed
A24: 1110701003 | B24: 시즈 | C24: siege | D24: Name.Character.siege | E24: Supporter | F24: Fac_sti_alt | G24: TRUE | H24: FALSE | I24: FALSE | J24: 10 | K24: =VLOOKUP($A24,쿼리1[[ID]:[열1]],3,FALSE) -> 10 | L24: siege.attack1 | M24: siege.attack2 | N24: siege.attack3 | O24: m.siege.active1 | P24: m.siege.active2 | Q24: m.siege.passive | T24: m.siege.ult | V24: TRUE | W24: Character/Prefabs/m_supporter_siege_enemy_1 | Y24: character_siege_01 | AC24: 0.9 | AG24: AttributeRed
A25: 1110701004 | B25: 마나 | C25: mana | D25: Name.Character.mana | E25: Ranger | F25: Fac_rim_aki | G25: TRUE | H25: FALSE | I25: FALSE | J25: 10 | K25: =VLOOKUP($A25,쿼리1[[ID]:[열1]],3,FALSE) -> 10 | L25: mana.attack1 | M25: mana.attack2 | N25: mana.attack3 | O25: m.mana.active1 | P25: m.mana.active2 | Q25: m.mana.passive | T25: m.mana.ult | V25: TRUE | W25: Character/Prefabs/m_ranger_mana_enemy_1 | Y25: character_mana_01 | AC25: 0.9 | AG25: AttributeGreen
A26: 1110701005 | B26: 오로라 | C26: aurora | D26: Name.Character.aurora | E26: Ranger | F26: Fac_rim_aki | G26: TRUE | H26: FALSE | I26: FALSE | J26: 10 | K26: =VLOOKUP($A26,쿼리1[[ID]:[열1]],3,FALSE) -> 10 | L26: aurora.attack1 | M26: aurora.attack2 | N26: aurora.attack3 | O26: m.aurora.active1 | P26: m.aurora.active2 | Q26: m.aurora.passive | T26: m.aurora.ult | V26: TRUE | W26: Character/Prefabs/m_ranger_aurora_enemy_1 | Y26: character_aurora_01 | AC26: 0.9 | AG26: AttributeBlue
A27: 1110701006 | B27: 앤 | C27: anne | D27: Name.Character.anne | E27: Tanker | F27: Fac_rim_ode | G27: TRUE | H27: FALSE | I27: FALSE | J27: 10 | K27: =VLOOKUP($A27,쿼리1[[ID]:[열1]],3,FALSE) -> 10 | L27: anne.attack1 | M27: anne.attack2 | N27: anne.attack3 | O27: anne.active1 | P27: anne.active2 | Q27: anne.passive | T27: anne.ult | U27: anne.ult.B | V27: TRUE | W27: Character/Prefabs/m_tanker_anne_enemy_1 | Y27: character_anne_01 | AC27: 0.9 | AG27: AttributeGreen
A28: 1110701007 | B28: 안젤리카 | C28: angelica | D28: Name.Character.angelica | E28: Attacker | F28: Fac_art_lib | G28: TRUE | H28: FALSE | I28: FALSE | J28: 10 | K28: =VLOOKUP($A28,쿼리1[[ID]:[열1]],3,FALSE) -> 10 | L28: angelica.attack1 | M28: angelica.attack2 | N28: angelica.attack3 | O28: m.angelica.active1 | P28: m.angelica.active2 | Q28: m.angelica.passive | R28: m.angelica.passive.Ex | T28: m.angelica.ult | U28: m.angelica.ult.B | V28: TRUE | W28: Character/Prefabs/m_attacker_angelica_enemy_1 | Y28: character_angelica_01 | AC28: 0.9 | AG28: AttributeGreen
A29: 1110701008 | B29: 페렐 | C29: ferrel | D29: Name.Character.ferrel | E29: Ranger | F29: Fac_sti_shi | G29: TRUE | H29: FALSE | I29: FALSE | J29: 10 | K29: =VLOOKUP($A29,쿼리1[[ID]:[열1]],3,FALSE) -> 10 | L29: ferrel.attack1 | M29: ferrel.attack2 | N29: ferrel.attack3 | O29: ferrel.active1 | P29: ferrel.active2 | Q29: ferrel.passive | R29: ferrel.passive.Ex | T29: ferrel.ult | U29: ferrel.ult.B | V29: TRUE | W29: Character/Prefabs/m_ranger_ferrel_enemy_1 | Y29: character_ferrel_01 | AC29: 0.9 | AG29: AttributeGreen
A30: 1110701009 | B30: 크림슨 | C30: crimson | D30: Name.Character.crimson | E30: Ranger | F30: Fac_sti_swo | G30: TRUE | H30: FALSE | I30: FALSE | J30: 10 | K30: =VLOOKUP($A30,쿼리1[[ID]:[열1]],3,FALSE) -> 10 | L30: m.crimson.attack1 | M30: m.crimson.attack2 | N30: m.crimson.attack3 | O30: m.crimson.active1 | P30: m.crimson.active2 | Q30: m.crimson.passive | R30: m.crimson.passive.Ex | T30: m.crimson.ult | U30: m.crimson.ult.B | V30: TRUE | W30: Character/Prefabs/m_ranger_crimson_enemy_1 | Y30: character_crimson_01 | AC30: 0.9 | AG30: AttributeRed
A31: 1110701010 | B31: 에이코 | C31: eiko | D31: Name.Character.eiko | E31: Ranger | F31: Fac_rim_aki | G31: TRUE | H31: FALSE | I31: FALSE | J31: 10 | K31: =VLOOKUP($A31,쿼리1[[ID]:[열1]],3,FALSE) -> 10 | L31: eiko.attack1 | M31: eiko.attack2 | N31: eiko.attack3 | O31: eiko.active1 | P31: eiko.active2 | Q31: eiko.passive | R31: eiko.passive.Ex | T31: eiko.ult | U31: eiko.ult.B | V31: TRUE | W31: Character/Prefabs/m_ranger_eiko_enemy_1 | Y31: character_eiko_01 | AC31: 0.9 | AG31: AttributeBlue
A32: 1110701011 | B32: 스노프릴 | C32: snopril | D32: Name.Character.snopril | E32: Tanker | F32: Fac_aut_gla | G32: TRUE | H32: FALSE | I32: FALSE | J32: 10 | K32: =VLOOKUP($A32,쿼리1[[ID]:[열1]],3,FALSE) -> 10 | L32: snopril.attack1 | M32: snopril.attack2 | N32: snopril.attack3 | O32: snopril.active1 | P32: snopril.active2 | Q32: snopril.passive | R32: snopril.passive.Ex | T32: snopril.ult | U32: snopril.ult.B | V32: TRUE | W32: Character/Prefabs/m_tanker_snopril_enemy_1 | Y32: character_snopril_01 | AC32: 0.9 | AG32: AttributeBlue
A33: 1110701012 | B33: 발렌시아 | C33: balencia | D33: Name.Character.balencia | E33: Attacker | F33: Fac_sti_ars | G33: TRUE | H33: FALSE | I33: FALSE | J33: 10 | K33: =VLOOKUP($A33,쿼리1[[ID]:[열1]],3,FALSE) -> 10 | L33: m.balencia.attack1 | M33: m.balencia.attack2 | N33: m.balencia.attack3 | O33: m.balencia.active1 | P33: m.balencia.active2 | Q33: m.balencia.passive | R33: m.balencia.passive.Ex | T33: m.balencia.ult | U33: m.balencia.ult.B | V33: TRUE | W33: Character/Prefabs/m_attacker_balencia_enemy_1 | Y33: character_balencia_01 | AC33: 0.9 | AG33: AttributeGreen
A34: 1110701013 | B34: 헬렌 | C34: hellen | D34: Name.Character.hellen | E34: Supporter | F34: Fac_art_app | G34: TRUE | H34: FALSE | I34: FALSE | J34: 10 | K34: =VLOOKUP($A34,쿼리1[[ID]:[열1]],3,FALSE) -> 10 | L34: hellen.attack1 | M34: hellen.attack2 | N34: hellen.attack3 | O34: m.hellen.active1 | P34: m.hellen.active2 | Q34: m.hellen.passive | R34: m.hellen.passive.Ex | T34: m.hellen.ult | U34: m.hellen.ult.B | V34: TRUE | W34: Character/Prefabs/m_supporter_hellen_enemy_1 | Y34: character_hellen_01 | AC34: 0.9 | AG34: AttributeRed
A35: 1110701014 | B35: 아셀스 | C35: arcels | D35: Name.Character.arcels | E35: Attacker | F35: Fac_aut_ter | G35: TRUE | H35: FALSE | I35: FALSE | J35: 10 | K35: =VLOOKUP($A35,쿼리1[[ID]:[열1]],3,FALSE) -> 10 | L35: arcels.attack1 | M35: arcels.attack2 | N35: arcels.attack3 | O35: arcels.active1 | P35: arcels.active2 | Q35: arcels.passive | R35: arcels.passive.Ex | T35: arcels.ult | U35: arcels.ult.B | V35: TRUE | W35: Character/Prefabs/m_attacker_arcels_enemy_1 | Y35: character_arcels_01 | AC35: 0.9 | AG35: AttributeBlue
A36: 1110701015 | B36: 쉐리 | C36: shery | D36: Name.Character.shery | E36: Ranger | F36: Fac_sti_swo | G36: TRUE | H36: FALSE | I36: FALSE | J36: 10 | K36: =VLOOKUP($A36,쿼리1[[ID]:[열1]],3,FALSE) -> 10 | L36: shery.attack1 | M36: shery.attack2 | N36: shery.attack3 | O36: m.shery.active1 | P36: m.shery.active2 | Q36: m.shery.passive | T36: m.shery.ult | V36: TRUE | W36: Character/Prefabs/m_ranger_shery_enemy_1 | Y36: character_shery_01 | AC36: 0.9 | AG36: AttributeRed
A37: 1110701016 | B37: 메리샤 | C37: melissa | D37: Name.Character.melissa | E37: Tanker | F37: Fac_art_app | G37: TRUE | H37: FALSE | I37: FALSE | J37: 10 | K37: =VLOOKUP($A37,쿼리1[[ID]:[열1]],3,FALSE) -> 10 | L37: melissa.attack1 | M37: melissa.attack2 | N37: melissa.attack3 | O37: melissa.active1 | P37: melissa.active2 | Q37: melissa.passive | R37: melissa.passive.Ex | T37: melissa.ult | U37: melissa.ult.B | V37: TRUE | W37: Character/Prefabs/m_tanker_melissa_enemy_1 | Y37: character_melissa_01 | AC37: 0.9 | AG37: AttributeGreen
A38: 1110701017 | B38: 시아 | C38: sia | D38: Name.Character.sia | E38: Attacker | F38: Fac_rim_ode | G38: TRUE | H38: FALSE | I38: FALSE | J38: 10 | K38: =VLOOKUP($A38,쿼리1[[ID]:[열1]],3,FALSE) -> 10 | L38: sia.attack1 | M38: sia.attack2 | N38: sia.attack3 | O38: sia.active1 | P38: sia.active2 | Q38: sia.passive | T38: sia.ult | U38: sia.ult.B | V38: TRUE | W38: Character/Prefabs/m_attacker_sia_enemy_1 | Y38: character_sia_01 | AC38: 0.9 | AG38: AttributeGreen
A39: 1110701018 | B39: 카나타 | C39: kanata | D39: Name.Character.kanata | E39: Ranger | F39: Fac_rim_its | G39: TRUE | H39: FALSE | I39: FALSE | J39: 10 | K39: =VLOOKUP($A39,쿼리1[[ID]:[열1]],3,FALSE) -> 10 | L39: kanata.attack1 | M39: kanata.attack2 | N39: kanata.attack3 | O39: kanata.active1 | P39: kanata.active2 | Q39: kanata.passive | T39: kanata.ult | U39: kanata.ult.B | V39: TRUE | W39: Character/Prefabs/m_ranger_kanata_enemy_1 | Y39: character_kanata_01 | AC39: 0.9 | AG39: AttributeBlue
A40: 1110701019 | B40: 레이호우 | C40: rayhou | D40: Name.Character.rayhou | E40: Supporter | F40: Fac_sti_ast | G40: TRUE | H40: FALSE | I40: FALSE | J40: 10 | K40: =VLOOKUP($A40,쿼리1[[ID]:[열1]],3,FALSE) -> 10 | L40: rayhou.attack1 | M40: rayhou.attack2 | N40: rayhou.attack3 | O40: m.rayhou.active1 | P40: m.rayhou.active2 | Q40: m.rayhou.passive | R40: m.rayhou.passive.Ex | T40: m.rayhou.ult | U40: m.rayhou.ult.B | V40: TRUE | W40: Character/Prefabs/m_supporter_rayhou_enemy_1 | Y40: character_rayhou_01 | AC40: 0.9 | AG40: AttributeGold
A41: 1110701020 | B41: 아크페이지 | C41: archphase | D41: Name.Character.archphase | E41: Ranger | F41: Fac_lde_phy | G41: TRUE | H41: FALSE | I41: FALSE | J41: 10 | K41: =VLOOKUP($A41,쿼리1[[ID]:[열1]],3,FALSE) -> 10 | L41: m.archphase.attack1 | M41: m.archphase.attack2 | N41: m.archphase.attack3 | O41: m.archphase.active1 | P41: m.archphase.active2 | Q41: m.archphase.passive | R41: m.archphase.passive.Ex | T41: m.archphase.ult | U41: m.archphase.ult.B | V41: TRUE | W41: Character/Prefabs/m_ranger_archphase_enemy_1 | Y41: character_archphase_01 | AC41: 0.9 | AG41: AttributeGreen
A42: 1110701021 | B42: 릴리안 | C42: lilian | D42: Name.Character.lilian | E42: Tanker | F42: Fac_lde_phy | G42: TRUE | H42: FALSE | I42: FALSE | J42: 10 | K42: =VLOOKUP($A42,쿼리1[[ID]:[열1]],3,FALSE) -> 10 | L42: lilian.attack1 | M42: lilian.attack2 | N42: lilian.attack3 | O42: lilian.active1 | P42: lilian.active2 | Q42: lilian.passive | R42: lilian.passive.Ex | T42: lilian.ult | U42: lilian.ult.B | V42: TRUE | W42: Character/Prefabs/m_tanker_lilian_enemy_1 | Y42: character_lilian_01 | AC42: 0.9 | AG42: AttributeGreen
A43: 1110701022 | B43: 다리아 | C43: daria | D43: Name.Character.daria | E43: Tanker | F43: Fac_sti_shi | G43: TRUE | H43: FALSE | I43: FALSE | J43: 10 | K43: =VLOOKUP($A43,쿼리1[[ID]:[열1]],3,FALSE) -> 10 | L43: daria.attack1 | M43: daria.attack2 | N43: daria.attack3 | O43: daria.active1 | P43: daria.active2 | Q43: daria.passive | R43: daria.passive.Ex | T43: daria.ult | U43: daria.ult.B | V43: TRUE | W43: Character/Prefabs/m_tanker_daria_enemy_1 | Y43: character_daria_01 | AC43: 0.9 | AG43: AttributeBlue
A44: 1110701023 | B44: 타이나 | C44: taina | D44: Name.Character.taina | E44: Tanker | F44: Fac_rim_ode | G44: TRUE | H44: FALSE | I44: FALSE | J44: 10 | K44: =VLOOKUP($A44,쿼리1[[ID]:[열1]],3,FALSE) -> 10 | L44: taina.attack1 | M44: taina.attack2 | N44: taina.attack3 | O44: taina.active1 | P44: taina.active2 | Q44: taina.passive | R44: taina.passive.Ex | T44: taina.ult | U44: taina.ult.B | V44: TRUE | W44: Character/Prefabs/m_tanker_taina_enemy_1 | Y44: character_taina_01 | AC44: 0.9 | AG44: AttributeGreen
A45: 1110701024 | B45: 세라펄사 | C45: serapulsar | D45: Name.Character.serapulsar | E45: Attacker | F45: Fac_lde_phy | G45: TRUE | H45: FALSE | I45: FALSE | J45: 10 | K45: =VLOOKUP($A45,쿼리1[[ID]:[열1]],3,FALSE) -> 10 | L45: serapulsar.attack1 | M45: serapulsar.attack2 | N45: serapulsar.attack3 | O45: m.serapulsar.active1 | P45: m.serapulsar.active2 | Q45: m.serapulsar.passive | R45: m.serapulsar.passive.Ex | T45: m.serapulsar.ult | U45: m.serapulsar.ult.B | V45: TRUE | W45: Character/Prefabs/m_attacker_serapulsar_enemy_1 | Y45: character_serapulsar_01 | AC45: 0.9 | AG45: AttributeGreen
A46: 1110701025 | B46: 아이라스 | C46: iras | D46: Name.Character.iras | E46: Attacker | F46: Fac_art_app | G46: TRUE | H46: FALSE | I46: FALSE | J46: 10 | K46: =VLOOKUP($A46,쿼리1[[ID]:[열1]],3,FALSE) -> 10 | L46: iras.attack1 | M46: iras.attack2 | N46: iras.attack3 | O46: iras.active1 | P46: iras.active2 | Q46: iras.passive | R46: iras.passive.Ex | T46: iras.ult | U46: iras.ult.B | V46: TRUE | W46: Character/Prefabs/m_attacker_iras_enemy_1 | Y46: character_iras_01 | AC46: 0.9 | AG46: AttributeBlue
A47: 1110701026 | B47: 앰브로시아 | C47: ambrosia | D47: Name.Character.ambrosia | E47: Tanker | F47: Fac_sti_ars | G47: TRUE | H47: FALSE | I47: FALSE | J47: 10 | K47: =VLOOKUP($A47,쿼리1[[ID]:[열1]],3,FALSE) -> 10 | L47: ambrosia.attack1 | M47: ambrosia.attack2 | N47: ambrosia.attack3 | O47: ambrosia.active1 | P47: ambrosia.active2 | Q47: ambrosia.passive | R47: ambrosia.passive.Ex | T47: ambrosia.ult | U47: ambrosia.ult.B | V47: TRUE | W47: Character/Prefabs/m_attacker_ambrosia_enemy_1 | Y47: character_ambrosia_01 | AC47: 0.9 | AG47: AttributeRed
A48: 1110701027 | B48: 메아 | C48: mea | D48: Name.Character.mea | E48: Attacker | F48: Fac_aut_oce | G48: TRUE | H48: FALSE | I48: FALSE | J48: 10 | K48: =VLOOKUP($A48,쿼리1[[ID]:[열1]],3,FALSE) -> 10 | L48: mea.attack1 | M48: mea.attack2 | N48: mea.attack3 | O48: mea.active1 | P48: mea.active2 | Q48: mea.passive | R48: mea.passive.Ex | T48: mea.ult | U48: mea.ult.B | V48: TRUE | W48: Character/Prefabs/m_attacker_mea_enemy_1 | Y48: character_mea_01 | AC48: 0.9 | AG48: AttributePurple
A49: 1110701028 | B49: 레이첼 | C49: rachel | D49: Name.Character.rachel | E49: Attacker | F49: Fac_sti_swo | G49: TRUE | H49: FALSE | I49: FALSE | J49: 10 | K49: =VLOOKUP($A49,쿼리1[[ID]:[열1]],3,FALSE) -> 10 | L49: rachel.attack1 | M49: rachel.attack2 | N49: rachel.attack3 | O49: rachel.active1 | P49: rachel.active2 | Q49: rachel.passive | T49: rachel.ult | U49: rachel.ult.B | V49: TRUE | W49: Character/Prefabs/m_attacker_rachel_enemy_1 | Y49: character_rachel_01 | AC49: 0.9 | AG49: AttributeGreen
A50: 1110701029 | B50: 이사벨라 | C50: isabella | D50: Name.Character.isabella | E50: Attacker | F50: Fac_sti_alt | G50: TRUE | H50: FALSE | I50: FALSE | J50: 10 | K50: =VLOOKUP($A50,쿼리1[[ID]:[열1]],3,FALSE) -> 10 | L50: m.isabella.attack1 | M50: m.isabella.attack2 | N50: m.isabella.attack3 | O50: m.isabella.active1 | P50: m.isabella.active2 | Q50: m.isabella.passive | R50: m.isabella.passive.Ex | T50: m.isabella.ult | U50: m.isabella.ult.B | V50: TRUE | W50: Character/Prefabs/m_attacker_isabella_enemy_1 | Y50: character_isabella_01 | AC50: 0.9 | AG50: AttributeGreen
A51: 1110701030 | B51: 벨리타 | C51: belita | D51: Name.Character.belita | E51: Attacker | F51: Fac_art_pur | G51: TRUE | H51: FALSE | I51: FALSE | J51: 10 | K51: =VLOOKUP($A51,쿼리1[[ID]:[열1]],3,FALSE) -> 10 | L51: belita.attack1 | M51: belita.attack2 | N51: belita.attack3 | O51: belita.active1 | P51: belita.active2 | Q51: belita.passive | R51: belita.passive.Ex | T51: belita.ult | U51: belita.ult.B | V51: TRUE | W51: Character/Prefabs/m_attacker_belita_enemy_1 | Y51: character_belita_01 | AC51: 0.9 | AG51: AttributeRed
A52: 1110701031 | B52: 베르베타 | C52: belebeta | D52: Name.Character.belebeta | E52: Attacker | F52: Fac_art_pur | G52: TRUE | H52: FALSE | I52: FALSE | J52: 10 | K52: =VLOOKUP($A52,쿼리1[[ID]:[열1]],3,FALSE) -> 10 | L52: belebeta.attack1 | M52: belebeta.attack2 | N52: belebeta.attack3 | O52: belebeta.active1 | P52: belebeta.active2 | Q52: belebeta.passive | R52: belebeta.passive.Ex | T52: belebeta.ult | U52: belebeta.ult.B | V52: TRUE | W52: Character/Prefabs/m_attacker_belebeta_enemy_1 | Y52: character_belebeta_01 | AC52: 0.9 | AG52: AttributeRed
A53: 1110701032 | B53: 브륀힐데 | C53: brynhild | D53: Name.Character.brynhild | E53: Attacker | F53: Fac_sti_swo | G53: TRUE | H53: FALSE | I53: FALSE | J53: 10 | K53: =VLOOKUP($A53,쿼리1[[ID]:[열1]],3,FALSE) -> 10 | L53: brynhild.attack1 | M53: brynhild.attack2 | N53: brynhild.attack3 | O53: m.brynhild.active1 | P53: m.brynhild.active2 | Q53: m.brynhild.passive | T53: m.brynhild.ult | V53: TRUE | W53: Character/Prefabs/m_attacker_brynhild_enemy_1 | Y53: character_brynhild_01 | AC53: 0.9 | AG53: AttributeBlue
A54: 1110701033 | B54: 유나 | C54: yuna | D54: Name.Character.yuna | E54: Attacker | F54: Fac_rim_aki | G54: TRUE | H54: FALSE | I54: FALSE | J54: 10 | K54: =VLOOKUP($A54,쿼리1[[ID]:[열1]],3,FALSE) -> 10 | L54: yuna.attack1 | M54: yuna.attack2 | N54: yuna.attack3 | O54: yuna.active1 | P54: yuna.active2 | Q54: yuna.passive | R54: yuna.passive.Ex | T54: yuna.ult | U54: yuna.ult.B | V54: TRUE | W54: Character/Prefabs/m_attacker_yuna_enemy_1 | Y54: character_yuna_01 | AC54: 0.9 | AG54: AttributeRed
A55: 1110701034 | B55: 그레이 | C55: gray | D55: Name.Character.gray | E55: Attacker | F55: Fac_sti_alt | G55: TRUE | H55: FALSE | I55: FALSE | J55: 10 | K55: =VLOOKUP($A55,쿼리1[[ID]:[열1]],3,FALSE) -> 10 | L55: m.gray.attack1 | M55: m.gray.attack2 | N55: m.gray.attack3 | O55: m.gray.active1 | P55: m.gray.active2 | Q55: m.gray.passive | R55: m.gray.passive.Ex | T55: m.gray.ult | U55: m.gray.ult.B | V55: TRUE | W55: Character/Prefabs/m_attacker_gray_enemy_1 | Y55: character_gray_01 | AC55: 0.9 | AG55: AttributeBlue
A56: 1110701035 | B56: 페이 | C56: fei | D56: Name.Character.fei | E56: Attacker | F56: Fac_sti_alt | G56: TRUE | H56: FALSE | I56: FALSE | J56: 10 | K56: =VLOOKUP($A56,쿼리1[[ID]:[열1]],3,FALSE) -> 10 | L56: fei.attack1 | M56: fei.attack2 | N56: fei.attack3 | O56: fei.active1 | P56: fei.active2 | Q56: fei.passive | R56: fei.passive.Ex | T56: fei.ult | U56: fei.ult.B | V56: TRUE | W56: Character/Prefabs/m_attacker_fei_enemy_1 | Y56: character_fei_01 | AC56: 0.9 | AG56: AttributeRed
A57: 1110701036 | B57: 클레아스 | C57: klairs | D57: Name.Character.klairs | E57: Attacker | F57: Fac_sti_alt | G57: TRUE | H57: FALSE | I57: FALSE | J57: 10 | K57: =VLOOKUP($A57,쿼리1[[ID]:[열1]],3,FALSE) -> 10 | L57: m.klairs.attack1 | M57: m.klairs.attack2 | N57: m.klairs.attack3 | O57: m.klairs.active1 | P57: m.klairs.active2 | Q57: m.klairs.passive | R57: m.klairs.passive.Ex | T57: m.klairs.ult | U57: m.klairs.ult.B | V57: TRUE | W57: Character/Prefabs/m_attacker_klairs_enemy_1 | Y57: character_klairs_01 | AC57: 0.9 | AG57: AttributeRed
A58: 1110701037 | B58: 프레이야 | C58: freyja | D58: Name.Character.freyja | E58: Ranger | F58: Fac_sti_ast | G58: TRUE | H58: FALSE | I58: FALSE | J58: 10 | K58: =VLOOKUP($A58,쿼리1[[ID]:[열1]],3,FALSE) -> 10 | L58: freyja.attack1 | M58: freyja.attack2 | N58: freyja.attack3 | O58: freyja.active1 | P58: freyja.active2 | Q58: freyja.passive | T58: freyja.ult | U58: freyja.ult.B | V58: TRUE | W58: Character/Prefabs/m_ranger_freyja_enemy_1 | Y58: character_freyja_01 | AC58: 0.9 | AG58: AttributeGreen
A59: 1110701038 | B59: 에라디카 | C59: eradica | D59: Name.Character.eradica | E59: Ranger | F59: Fac_art_pur | G59: TRUE | H59: FALSE | I59: FALSE | J59: 10 | K59: =VLOOKUP($A59,쿼리1[[ID]:[열1]],3,FALSE) -> 10 | L59: eradica.attack1 | M59: eradica.attack2 | N59: eradica.attack3 | O59: eradica.active1 | P59: eradica.active2 | Q59: eradica.passive | T59: eradica.ult | U59: eradica.ult.B | V59: TRUE | W59: Character/Prefabs/m_ranger_eradica_enemy_1 | Y59: character_eradica_01 | AC59: 0.9 | AG59: AttributeGold
A60: 1110701039 | B60: 이드 | C60: id | D60: Name.Character.id | E60: Ranger | F60: Fac_art_lib | G60: TRUE | H60: FALSE | I60: FALSE | J60: 10 | K60: =VLOOKUP($A60,쿼리1[[ID]:[열1]],3,FALSE) -> 10 | L60: id.attack1 | M60: id.attack2 | N60: id.attack3 | O60: id.active1 | P60: id.active2 | Q60: id.passive | R60: id.passive.Ex | T60: id.ult | U60: id.ult.B | V60: TRUE | W60: Character/Prefabs/m_ranger_id_enemy_1 | Y60: character_id_01 | AC60: 0.9 | AG60: AttributeRed
A61: 1110701040 | B61: 페트리샤 | C61: patricia | D61: Name.Character.patricia | E61: Ranger | F61: Fac_rim_ode | G61: TRUE | H61: FALSE | I61: FALSE | J61: 10 | K61: =VLOOKUP($A61,쿼리1[[ID]:[열1]],3,FALSE) -> 10 | L61: patricia.attack1 | M61: patricia.attack2 | N61: patricia.attack3 | O61: patricia.active1 | P61: patricia.active2 | Q61: patricia.passive | R61: patricia.passive.Ex | T61: patricia.ult | U61: patricia.ult.B | V61: TRUE | W61: Character/Prefabs/m_ranger_patricia_enemy_1 | Y61: character_patricia_01 | AC61: 0.9 | AG61: AttributeBlue
A62: 1110701041 | B62: 레나스 | C62: renas | D62: Name.Character.renas | E62: Ranger | F62: Fac_aut_cae | G62: TRUE | H62: FALSE | I62: FALSE | J62: 10 | K62: =VLOOKUP($A62,쿼리1[[ID]:[열1]],3,FALSE) -> 10 | L62: renas.attack1 | M62: renas.attack2 | N62: renas.attack3 | O62: renas.active1 | P62: renas.active2 | Q62: renas.passive | R62: renas.passive.Ex | T62: renas.ult | U62: renas.ult.B | V62: TRUE | W62: Character/Prefabs/m_ranger_renas_enemy_1 | Y62: character_renas_01 | AC62: 0.9 | AG62: AttributeBlue
A63: 1110701042 | B63: 라일라 | C63: leila | D63: Name.Character.leila | E63: Ranger | F63: Fac_art_lib | G63: TRUE | H63: FALSE | I63: FALSE | J63: 10 | K63: =VLOOKUP($A63,쿼리1[[ID]:[열1]],3,FALSE) -> 10 | L63: leila.attack1 | M63: m.leila.attack2 | N63: m.leila.attack3 | O63: m.leila.active1 | P63: m.leila.active2 | Q63: m.leila.passive | R63: m.leila.passive.Ex | T63: m.leila.ult | U63: m.leila.ult.B | V63: TRUE | W63: Character/Prefabs/m_ranger_leila_enemy_1 | Y63: character_leila_01 | AC63: 0.9 | AG63: AttributeGreen
A64: 1110701043 | B64: 에리카 | C64: erica | D64: Name.Character.erica | E64: Ranger | F64: Fac_sti_ast | G64: TRUE | H64: FALSE | I64: FALSE | J64: 10 | K64: =VLOOKUP($A64,쿼리1[[ID]:[열1]],3,FALSE) -> 10 | L64: erica.attack1 | M64: erica.attack2 | N64: erica.attack3 | O64: erica.active1 | P64: erica.active2 | Q64: erica.passive | R64: erica.passive.Ex | T64: erica.ult | U64: erica.ult.B | V64: TRUE | W64: Character/Prefabs/m_ranger_erica_enemy_1 | Y64: character_erica_01 | AC64: 0.9 | AG64: AttributeBlue
A65: 1110701044 | B65: 이노 | C65: ino | D65: Name.Character.ino | E65: Ranger | F65: Fac_rim_its | G65: TRUE | H65: FALSE | I65: FALSE | J65: 10 | K65: =VLOOKUP($A65,쿼리1[[ID]:[열1]],3,FALSE) -> 10 | L65: ino.attack1 | M65: ino.attack2 | N65: ino.attack3 | O65: ino.active1 | P65: ino.active2 | Q65: ino.passive | R65: ino.passive.Ex | T65: ino.ult | U65: ino.ult.B | V65: TRUE | W65: Character/Prefabs/m_ranger_ino_enemy_1 | Y65: character_ino_01 | AC65: 0.9 | AG65: AttributeRed
A66: 1110701045 | B66: 유리지아 | C66: yurizia | D66: Name.Character.yurizia | E66: Supporter | F66: Fac_art_lib | G66: TRUE | H66: FALSE | I66: FALSE | J66: 10 | K66: =VLOOKUP($A66,쿼리1[[ID]:[열1]],3,FALSE) -> 10 | L66: yurizia.attack1 | M66: yurizia.attack2 | N66: yurizia.attack3 | O66: m.yurizia.active1 | P66: m.yurizia.active2 | Q66: m.yurizia.passive | R66: m.yurizia.passive.Ex | T66: m.yurizia.ult | U66: m.yurizia.ult.B | V66: TRUE | W66: Character/Prefabs/m_supporter_yurizia_enemy_1 | Y66: character_yurizia_01 | AC66: 0.9 | AG66: AttributeRed
A67: 1110701046 | B67: 샤레 | C67: shale | D67: Name.Character.shale | E67: Supporter | F67: Fac_art_pur | G67: TRUE | H67: FALSE | I67: FALSE | J67: 10 | K67: =VLOOKUP($A67,쿼리1[[ID]:[열1]],3,FALSE) -> 10 | L67: shale.attack1 | M67: shale.attack2 | N67: shale.attack3 | O67: m.shale.active1 | P67: m.shale.active2 | Q67: m.shale.passive | R67: m.shale.passive.Ex | T67: m.shale.ult | U67: m.shale.ult.B | V67: TRUE | W67: Character/Prefabs/m_supporter_shale_enemy_1 | Y67: character_shale_01 | AC67: 0.9 | AG67: AttributeGreen
A68: 1110701047 | B68: 할로나 | C68: hallona | D68: Name.Character.hallona | E68: Supporter | F68: Fac_sti_shi | G68: TRUE | H68: FALSE | I68: FALSE | J68: 10 | K68: =VLOOKUP($A68,쿼리1[[ID]:[열1]],3,FALSE) -> 10 | L68: hallona.attack1 | M68: hallona.attack2 | N68: hallona.attack3 | O68: hallona.active1 | P68: hallona.active2 | Q68: hallona.passive | R68: hallona.passive.Ex | T68: hallona.ult | U68: hallona.ult.B | V68: TRUE | W68: Character/Prefabs/m_supporter_hallona_enemy_1 | Y68: character_hallona_01 | AC68: 0.9 | AG68: AttributeGreen
A69: 1110701048 | B69: 루 | C69: lue | D69: Name.Character.lue | E69: Tanker | F69: Fac_sti_shi | G69: TRUE | H69: FALSE | I69: FALSE | J69: 10 | K69: 10 | L69: m.lue.attack1 | O69: m.lue.active1 | V69: TRUE | W69: Character/Prefabs/m_tanker_lue_enemy_1 | Y69: character_lue_01 | AC69: 0.9 | AG69: AttributeBlue
A70: 1110701049 | B70: 에르메일 | C70: ermeil | D70: Name.Character.ermeil | E70: Attacker | F70: Fac_sti_swo | G70: TRUE | H70: FALSE | I70: FALSE | J70: 10 | K70: 10 | L70: m.ermeil.attack1 | O70: m.ermeil.active1 | V70: TRUE | W70: Character/Prefabs/m_attacker_ermeil_enemy_1 | Y70: character_ermeil_01 | AC70: 0.9 | AG70: AttributeRed
A71: 1110701050 | B71: 이올렛 | C71: iolet | D71: Name.Character.iolet | E71: Ranger | F71: Fac_sti_ars | G71: TRUE | H71: FALSE | I71: FALSE | J71: 10 | K71: 10 | L71: m.iolet.attack1 | O71: m.iolet.active1 | V71: TRUE | W71: Character/Prefabs/m_ranger_iolet_enemy_1 | Y71: character_iolet_01 | AC71: 0.9 | AG71: AttributeRed
A72: 1110701051 | B72: 린 | C72: reen | D72: Name.Character.reen | E72: Supporter | F72: Fac_sti_alt | G72: TRUE | H72: FALSE | I72: FALSE | J72: 10 | K72: 10 | L72: m.reen.attack1 | O72: m.reen.active1 | V72: TRUE | W72: Character/Prefabs/m_supporter_reen_enemy_1 | Y72: character_reen_01 | AC72: 0.9 | AG72: AttributeGreen
A73: 1110701052 | B73: 엘리나 | C73: elina | D73: Name.Character.elina | E73: Supporter | F73: Fac_rim_its | G73: TRUE | H73: FALSE | I73: FALSE | J73: 10 | K73: 10 | L73: elina.attack1 | M73: elina.attack2 | N73: elina.attack3 | O73: m.elina.active1 | P73: m.elina.active2 | Q73: m.elina.passive | R73: m.elina.passive.Ex | T73: m.elina.ult | U73: m.elina.ult.B | V73: TRUE | W73: Character/Prefabs/m_supporter_elina_enemy_1 | Y73: character_elina_01 | AC73: 0.9 | AG73: AttributeBlue
A74: 1110701053 | B74: 아이투스 | C74: itus | D74: Name.Character.itus | E74: Tanker | F74: Fac_lde_phy | G74: TRUE | H74: FALSE | I74: FALSE | J74: 10 | K74: 10 | L74: itus.attack1 | M74: itus.attack2 | N74: itus.attack3 | O74: itus.active1 | P74: itus.active2 | Q74: itus.passive | T74: itus.ult | U74: itus.ult.B | V74: TRUE | W74: Character/Prefabs/m_tanker_itus_enemy_1 | Y74: character_itus_01 | AC74: 0.9 | AG74: AttributeBlue

Sheet Monster.Contents
A1: Id | B1: #기획 | C1: #기획 | D1: Name | E1: Type | F1: FactionGroudId | G1: Attackable | H1: Boss | I1: UseHpSlice | J1: Radius | K1: MoveValue | L1: NormalSkill1 | M1: NormalSkill2 | N1: NormalSkill3 | O1: Skill1 | P1: Skill2 | Q1: Skill3 | R1: Skill4 | S1: Skill5 | T1: UltimateSkill | U1: UltimateExSkill | V1: Left | W1: PrefabBattle | X1: PrefabSpine | Y1: Icon | Z1: UltimateTimeline | AA1: VictoryTimeline | AB1: DieSound | AC1: Scale | AD1: CriticalEffect | AE1: StartTimeline | AF1: EndTimeline | AG1: Attribute
A2: *long | B2: # | C2: # | D2: string | E2: ClassType | F2: $FactionGroup? | G2: bool | H2: bool | I2: bool | J2: int | K2: int | L2: $SkillGroup? | M2: $SkillGroup? | N2: $SkillGroup? | O2: $SkillGroup? | P2: $SkillGroup? | Q2: $SkillGroup? | R2: $SkillGroup? | S2: $SkillGroup? | T2: $SkillGroup? | U2: $SkillGroup? | V2: bool | W2: string | X2: string | Y2: string | Z2: string | AA2: string | AB2: string | AC2: float | AD2: string | AE2: string | AF2: string | AG2: AttributeType
A3: common | B3: #사용처 | C3: #리소스명 | D3: client | E3: common | F3: common | G3: common | H3: common | I3: client | J3: common | K3: common | L3: common | M3: common | N3: common | O3: common | P3: common | Q3: common | R3: common | S3: common | T3: common | U3: common | V3: client | W3: client | X3: client | Y3: client | Z3: client | AA3: client | AB3: client | AC3: client | AD3: client | AE3: common | AF3: common | AG3: common
A4: 1110601001 | B4: WorldRaid | C4: 에페리우스 | D4: ="Monster.Name."&VLOOKUP($C4,'#Data'!$B$2:$J$344,2,FALSE) -> Monster.Name.eperiusunit_1 | E4: None | F4: Fac_nul_ind | G4: TRUE | H4: =IF(VLOOKUP($C4,'#Data'!$B$2:$J$344,4,FALSE)="보스",TRUE,FALSE) -> TRUE | I4: TRUE | J4: 40 | K4: 10 | L4: =$B4&"."&VLOOKUP($C4,'#Data'!$B$2:$J$344,2,FALSE)&".attack0"&RIGHT(L$1,1) -> WorldRaid.eperiusunit_1.attack01 | M4: =$B4&"."&VLOOKUP($C4,'#Data'!$B$2:$J$344,2,FALSE)&".attack0"&RIGHT(M$1,1) -> WorldRaid.eperiusunit_1.attack02 | N4: =$B4&"."&VLOOKUP($C4,'#Data'!$B$2:$J$344,2,FALSE)&".attack0"&RIGHT(N$1,1) -> WorldRaid.eperiusunit_1.attack03 | O4: =$B4&"."&VLOOKUP($C4,'#Data'!$B$2:$J$344,2,FALSE)&".skill0"&RIGHT(O$1,1) -> WorldRaid.eperiusunit_1.skill01 | P4: =$B4&"."&VLOOKUP($C4,'#Data'!$B$2:$J$344,2,FALSE)&".skill0"&RIGHT(P$1,1) -> WorldRaid.eperiusunit_1.skill02 | Q4: =$B4&"."&VLOOKUP($C4,'#Data'!$B$2:$J$344,2,FALSE)&".skill0"&RIGHT(Q$1,1) -> WorldRaid.eperiusunit_1.skill03 | R4: =$B4&"."&VLOOKUP($C4,'#Data'!$B$2:$J$344,2,FALSE)&".skill0"&RIGHT(R$1,1) -> WorldRaid.eperiusunit_1.skill04 | S4: WorldRaid.eperiusunit_1.passive01 | V4: FALSE | W4: ="Character/Prefabs/"&VLOOKUP($C4,'#Data'!$B$3:$I$344,8,FALSE) -> Character/Prefabs/m_boss_ranger_eperiusunit_1 | Y4: =VLOOKUP($C4,'#Data'!$B$3:$I$344,8,FALSE) -> m_boss_ranger_eperiusunit_1 | AB4: Die_machine | AC4: 1.4 | AE4: Character/Timeline/02_MON/eperiusunit_1/appearance | AF4: Character/Timeline/02_MON/eperiusunit_1/die | AG4: AttributeNone
A5: 1111201001 | B5: GuildOperation01 | C5: 톡식베리 | D5: ="Monster.Name."&VLOOKUP($C5,'#Data'!$B$2:$J$344,2,FALSE) -> Monster.Name.toxic_2 | E5: Attacker | F5: Fac_nul_ind | G5: TRUE | H5: TRUE | I5: TRUE | J5: 30 | K5: 10 | L5: GuildOperation01.toxic_2.attack01 | M5: GuildOperation01.toxic_2.attack02 | O5: GuildOperation01.toxic_2.skill01 | P5: GuildOperation01.toxic_2.skill02 | Q5: GuildOperation01.toxic_2.skill03 | R5: GuildOperation.Normal | V5: FALSE | W5: ="Character/Prefabs/"&VLOOKUP($C5,'#Data'!$B$3:$I$344,8,FALSE) -> Character/Prefabs/m_boss_attacker_toxic_2 | Y5: =VLOOKUP($C5,'#Data'!$B$3:$I$344,8,FALSE) -> m_boss_attacker_toxic_2 | AB5: Die_machine | AC5: 1.2 | AE5: Character/Timeline/02_MON/toxic_1/m_boss_attacker_toxic_2_appearance | AG5: AttributeNone
A6: 1111202001 | B6: GuildOperation02 | C6: 골리앗베리 | D6: ="Monster.Name."&VLOOKUP($C6,'#Data'!$B$2:$J$344,2,FALSE) -> Monster.Name.goliath_2 | E6: Tanker | F6: Fac_nul_ind | G6: TRUE | H6: TRUE | I6: TRUE | J6: 20 | K6: 10 | L6: GuildOperation02.goliath_2.attack01 | O6: GuildOperation02.goliath_2.skill01 | P6: GuildOperation02.goliath_2.skill02 | Q6: GuildOperation02.goliath_2.skill03 | R6: GuildOperation02.goliath_2.passive01 | S6: GuildOperation.Hard | V6: FALSE | W6: ="Character/Prefabs/"&VLOOKUP($C6,'#Data'!$B$3:$I$344,8,FALSE) -> Character/Prefabs/m_boss_attacker_goliath_2 | Y6: =VLOOKUP($C6,'#Data'!$B$3:$I$344,8,FALSE) -> m_boss_attacker_goliath_2 | AB6: Die_machine | AC6: 2 | AE6: Character/Timeline/02_MON/goliath_2/m_boss_attacker_goliath_2@appearance | AG6: AttributeNone
A7: 1111202002 | B7: GuildOperation02 | C7: 골리앗베리 | D7: ="Monster.Name."&VLOOKUP($C7,'#Data'!$B$2:$J$344,2,FALSE) -> Monster.Name.goliath_2 | E7: Tanker | F7: Fac_nul_ind | G7: TRUE | H7: FALSE | I7: FALSE | J7: 10 | K7: 10 | L7: GuildOperation02.mini_1.attack01 | O7: GuildOperation02.mini_1.passive01 | V7: FALSE | W7: ="Character/Prefabs/"&VLOOKUP($C7,'#Data'!$B$3:$I$344,8,FALSE) -> Character/Prefabs/m_boss_attacker_goliath_2 | Y7: =VLOOKUP($C7,'#Data'!$B$3:$I$344,8,FALSE) -> m_boss_attacker_goliath_2 | AB7: Die_machine | AC7: 0.5 | AG7: AttributeNone
A8: 1111401001 | B8: GuildAssault | C8: 마리오네 | D8: ="Monster.Name."&VLOOKUP($C8,'#Data'!$B$2:$J$344,2,FALSE) -> Monster.Name.marionne_1 | E8: None | F8: Fac_nul_ind | G8: TRUE | H8: TRUE | I8: TRUE | J8: 10 | K8: =VLOOKUP($A8,쿼리1[[ID]:[열1]],3,FALSE) -> 10 | L8: =$A8&".attack0"&RIGHT(L$1,1) -> 1111401001.attack01 | M8: =$A8&".attack0"&RIGHT(M$1,1) -> 1111401001.attack02 | N8: =$A8&".attack0"&RIGHT(N$1,1) -> 1111401001.attack03 | O8: =$A8&".skill0"&RIGHT(O$1,1) -> 1111401001.skill01 | P8: =$A8&".skill0"&RIGHT(P$1,1) -> 1111401001.skill02 | Q8: =$A8&".skill0"&RIGHT(Q$1,1) -> 1111401001.skill03 | R8: 1111401001.Passive | S8: GuildAssault.Passive | V8: FALSE | W8: ="Character/Prefabs/"&VLOOKUP($C8,'#Data'!$B$3:$I$344,8,FALSE) -> Character/Prefabs/m_boss_ranger_marionne_1 | Y8: =VLOOKUP($C8,'#Data'!$B$3:$I$344,8,FALSE) -> m_boss_ranger_marionne_1 | AB8: Die_machine | AC8: 1 | AE8: Character/Timeline/02_MON/marionne/m_boss_ranger_marionne_1@enter_timeline | AF8: Character/Timeline/02_MON/marionne/m_boss_ranger_marionne_1@die_timeline | AG8: AttributeNone
A9: 1111401002 | B9: GuildAssault | C9: 마리오네_퍼펫 | D9: ="Monster.Name."&VLOOKUP($C9,'#Data'!$B$2:$J$344,2,FALSE) -> Monster.Name.marionne_puppet_1 | E9: Attacker | F9: Fac_nul_ind | G9: TRUE | H9: FALSE | I9: FALSE | J9: 10 | K9: =VLOOKUP($A9,쿼리1[[ID]:[열1]],3,FALSE) -> 10 | L9: =$A9&".attack0"&RIGHT(L$1,1) -> 1111401002.attack01 | O9: 1111401002.Passive | V9: FALSE | W9: ="Character/Prefabs/"&VLOOKUP($C9,'#Data'!$B$3:$I$344,8,FALSE) -> Character/Prefabs/m_m_attacker_marionne_puppet_1 | Y9: =VLOOKUP($C9,'#Data'!$B$3:$I$344,8,FALSE) -> m_m_attacker_marionne_puppet_1 | AB9: Die_machine | AC9: 1 | AG9: AttributeNone
A10: 1111401003 | B10: GuildAssault | C10: 마리오네_퍼펫 | D10: ="Monster.Name."&VLOOKUP($C10,'#Data'!$B$2:$J$344,2,FALSE) -> Monster.Name.marionne_puppet_1 | E10: Attacker | F10: Fac_nul_ind | G10: TRUE | H10: FALSE | I10: FALSE | J10: 10 | K10: =VLOOKUP($A10,쿼리1[[ID]:[열1]],3,FALSE) -> 10 | L10: =$A10&".attack0"&RIGHT(L$1,1) -> 1111401003.attack01 | O10: 1111401003.Passive | V10: FALSE | W10: ="Character/Prefabs/"&VLOOKUP($C10,'#Data'!$B$3:$I$344,8,FALSE) -> Character/Prefabs/m_m_attacker_marionne_puppet_1 | Y10: =VLOOKUP($C10,'#Data'!$B$3:$I$344,8,FALSE) -> m_m_attacker_marionne_puppet_1 | AB10: Die_machine | AC10: 1 | AG10: AttributeNone
A11: 1111401004 | B11: GuildAssault | C11: 마리오네_퍼펫 | D11: ="Monster.Name."&VLOOKUP($C11,'#Data'!$B$2:$J$344,2,FALSE) -> Monster.Name.marionne_puppet_1 | E11: Attacker | F11: Fac_nul_ind | G11: TRUE | H11: FALSE | I11: FALSE | J11: 10 | K11: =VLOOKUP($A11,쿼리1[[ID]:[열1]],3,FALSE) -> 10 | O11: =$A11&".skill0"&RIGHT(O$1,1) -> 1111401004.skill01 | P11: 1111401004.Passive | V11: FALSE | W11: ="Character/Prefabs/"&VLOOKUP($C11,'#Data'!$B$3:$I$344,8,FALSE) -> Character/Prefabs/m_m_attacker_marionne_puppet_1 | Y11: =VLOOKUP($C11,'#Data'!$B$3:$I$344,8,FALSE) -> m_m_attacker_marionne_puppet_1 | AB11: Die_machine | AC11: 1 | AG11: AttributeNone
A12: 1111401005 | B12: GuildAssault | C12: 마리오네_스킬5 | E12: Tanker | F12: Fac_nul_ind | G12: TRUE | H12: FALSE | I12: FALSE | J12: 10 | K12: 10 | V12: TRUE | W12: Character/Prefabs/m_boss_ranger_marionne_1_abn | AB12: Die_machine | AC12: 0.9 | AG12: AttributeNone
A13: 1110501001 | B13: Raid1001 | C13: 카라 | D13: ="Monster.Name."&VLOOKUP($C13,'#Data'!$B$2:$J$344,2,FALSE) -> Monster.Name.kara_1 | E13: =VLOOKUP(C13,'#Data'!$B:$I, 6,FALSE) -> Attacker | F13: Fac_nul_ind | G13: TRUE | H13: TRUE | I13: TRUE | J13: 20 | K13: =VLOOKUP($A13,쿼리1[[ID]:[열1]],3,FALSE) -> 10 | L13: =$B13&"."&VLOOKUP($C13,'#Data'!$B$2:$J$344,2,FALSE)&".attack0"&RIGHT(L$1,1) -> Raid1001.kara_1.attack01 | M13: =$B13&"."&VLOOKUP($C13,'#Data'!$B$2:$J$344,2,FALSE)&".attack0"&RIGHT(M$1,1) -> Raid1001.kara_1.attack02 | O13: =$B13&"."&VLOOKUP($C13,'#Data'!$B$2:$J$344,2,FALSE)&".skill0"&RIGHT(O$1,1) -> Raid1001.kara_1.skill01 | P13: =$B13&"."&VLOOKUP($C13,'#Data'!$B$2:$J$344,2,FALSE)&".skill0"&RIGHT(P$1,1) -> Raid1001.kara_1.skill02 | Q13: =$B13&"."&VLOOKUP($C13,'#Data'!$B$2:$J$344,2,FALSE)&".skill0"&RIGHT(Q$1,1) -> Raid1001.kara_1.skill03 | R13: =$B13&"."&VLOOKUP($C13,'#Data'!$B$2:$J$344,2,FALSE)&".skill0"&RIGHT(R$1,1) -> Raid1001.kara_1.skill04 | S13: Raid1001.kara_1.passive01 | V13: FALSE | W13: ="Character/Prefabs/"&VLOOKUP($C13,'#Data'!$B$3:$I$344,8,FALSE) -> Character/Prefabs/m_boss_attacker_kara_1 | Y13: =VLOOKUP($C13,'#Data'!$B$3:$I$344,8,FALSE) -> m_boss_attacker_kara_1 | AC13: 1.7 | AE13: Character/Timeline/02_MON/kara/appearance | AF13: Character/Timeline/02_MON/kara/die | AG13: AttributeNone
A14: 1110501002 | B14: Raid1001 | C14: 카라베리 | D14: ="Monster.Name."&VLOOKUP($C14,'#Data'!$B$2:$J$344,2,FALSE) -> Monster.Name.kara_2 | E14: =VLOOKUP(C14,'#Data'!$B:$I, 6,FALSE) -> Attacker | F14: Fac_nul_ind | G14: TRUE | H14: TRUE | I14: TRUE | J14: 20 | K14: =VLOOKUP($A14,쿼리1[[ID]:[열1]],3,FALSE) -> 10 | L14: =$B14&"."&VLOOKUP($C14,'#Data'!$B$2:$J$344,2,FALSE)&".attack0"&RIGHT(L$1,1) -> Raid1001.kara_2.attack01 | M14: =$B14&"."&VLOOKUP($C14,'#Data'!$B$2:$J$344,2,FALSE)&".attack0"&RIGHT(M$1,1) -> Raid1001.kara_2.attack02 | O14: =$B14&"."&VLOOKUP($C14,'#Data'!$B$2:$J$344,2,FALSE)&".skill0"&RIGHT(O$1,1) -> Raid1001.kara_2.skill01 | P14: =$B14&"."&VLOOKUP($C14,'#Data'!$B$2:$J$344,2,FALSE)&".skill0"&RIGHT(P$1,1) -> Raid1001.kara_2.skill02 | Q14: =$B14&"."&VLOOKUP($C14,'#Data'!$B$2:$J$344,2,FALSE)&".skill0"&RIGHT(Q$1,1) -> Raid1001.kara_2.skill03 | R14: =$B14&"."&VLOOKUP($C14,'#Data'!$B$2:$J$344,2,FALSE)&".skill0"&RIGHT(R$1,1) -> Raid1001.kara_2.skill04 | S14: Raid1001.kara_2.passive01 | V14: FALSE | W14: ="Character/Prefabs/"&VLOOKUP($C14,'#Data'!$B$3:$I$344,8,FALSE) -> Character/Prefabs/m_boss_attacker_kara_2 | Y14: =VLOOKUP($C14,'#Data'!$B$3:$I$344,8,FALSE) -> m_boss_attacker_kara_2 | AC14: 1.7 | AE14: Character/Timeline/02_MON/kara/appearance_2 | AF14: Character/Timeline/02_MON/kara/die_2 | AG14: AttributeNone
A15: 1110502001 | B15: Raid2001 | C15: 바나클빌더 | D15: ="Monster.Name."&VLOOKUP($C15,'#Data'!$B$2:$J$344,2,FALSE) -> Monster.Name.barnacle_builder_1 | E15: =VLOOKUP(C15,'#Data'!$B:$I, 6,FALSE) -> Tanker | F15: Fac_nul_ind | G15: TRUE | H15: TRUE | I15: TRUE | J15: 20 | K15: =VLOOKUP($A15,쿼리1[[ID]:[열1]],3,FALSE) -> 10 | L15: =$B15&"."&VLOOKUP($C15,'#Data'!$B$2:$J$344,2,FALSE)&".attack0"&RIGHT(L$1,1) -> Raid2001.barnacle_builder_1.attack01 | M15: =$B15&"."&VLOOKUP($C15,'#Data'!$B$2:$J$344,2,FALSE)&".attack0"&RIGHT(M$1,1) -> Raid2001.barnacle_builder_1.attack02 | O15: =$B15&"."&VLOOKUP($C15,'#Data'!$B$2:$J$344,2,FALSE)&".skill0"&RIGHT(O$1,1) -> Raid2001.barnacle_builder_1.skill01 | P15: =$B15&"."&VLOOKUP($C15,'#Data'!$B$2:$J$344,2,FALSE)&".skill0"&RIGHT(P$1,1) -> Raid2001.barnacle_builder_1.skill02 | Q15: =$B15&"."&VLOOKUP($C15,'#Data'!$B$2:$J$344,2,FALSE)&".skill0"&RIGHT(Q$1,1) -> Raid2001.barnacle_builder_1.skill03 | R15: Raid2001.barnacle_builder_1.passive01 | S15: Boss.Common.Immun | V15: FALSE | W15: ="Character/Prefabs/"&VLOOKUP($C15,'#Data'!$B$3:$I$344,8,FALSE) -> Character/Prefabs/m_boss_tanker_barnacle_builder_1 | Y15: =VLOOKUP($C15,'#Data'!$B$3:$I$344,8,FALSE) -> m_boss_tanker_barnacle_builder_1 | AC15: 1 | AE15: Character/Timeline/02_MON/barnacle_builder_1/appearance | AF15: Character/Timeline/02_MON/barnacle_builder_1/die | AG15: AttributeNone
A16: 1110503001 | B16: Raid3001 | C16: 마인드로더 | D16: ="Monster.Name."&VLOOKUP($C16,'#Data'!$B$2:$J$344,2,FALSE) -> Monster.Name.mindloader_1 | E16: =VLOOKUP(C16,'#Data'!$B:$I, 6,FALSE) -> Attacker | F16: Fac_nul_ind | G16: TRUE | H16: TRUE | I16: TRUE | J16: 20 | K16: 10 | L16: =$B16&"."&VLOOKUP($C16,'#Data'!$B$2:$J$344,2,FALSE)&".attack0"&RIGHT(L$1,1) -> Raid3001.mindloader_1.attack01 | M16: =$B16&"."&VLOOKUP($C16,'#Data'!$B$2:$J$344,2,FALSE)&".attack0"&RIGHT(M$1,1) -> Raid3001.mindloader_1.attack02 | O16: =$B16&"."&VLOOKUP($C16,'#Data'!$B$2:$J$344,2,FALSE)&".skill0"&RIGHT(O$1,1) -> Raid3001.mindloader_1.skill01 | P16: =$B16&"."&VLOOKUP($C16,'#Data'!$B$2:$J$344,2,FALSE)&".skill0"&RIGHT(P$1,1) -> Raid3001.mindloader_1.skill02 | Q16: =$B16&"."&VLOOKUP($C16,'#Data'!$B$2:$J$344,2,FALSE)&".skill0"&RIGHT(Q$1,1) -> Raid3001.mindloader_1.skill03 | R16: =$B16&"."&VLOOKUP($C16,'#Data'!$B$2:$J$344,2,FALSE)&".skill0"&RIGHT(R$1,1) -> Raid3001.mindloader_1.skill04 | S16: Raid3001.mindloader_1.passive01 | V16: FALSE | W16: ="Character/Prefabs/"&VLOOKUP($C16,'#Data'!$B$3:$I$344,8,FALSE) -> Character/Prefabs/m_boss_attacker_mindloader_1 | Y16: =VLOOKUP($C16,'#Data'!$B$3:$I$344,8,FALSE) -> m_boss_attacker_mindloader_1 | AC16: 1.5 | AE16: Character/Timeline/02_MON/mindloader/appearance | AF16: Character/Timeline/02_MON/mindloader/die | AG16: AttributeNone
A17: 1110504001 | B17: Raid4001 | C17: 기간투스 | D17: ="Monster.Name."&VLOOKUP($C17,'#Data'!$B$2:$J$344,2,FALSE) -> Monster.Name.gigantooth_1 | E17: =VLOOKUP(C17,'#Data'!$B:$I, 6,FALSE) -> Attacker | F17: Fac_nul_ind | G17: TRUE | H17: TRUE | I17: TRUE | J17: 20 | K17: 10 | L17: =$B17&"."&VLOOKUP($C17,'#Data'!$B$2:$J$344,2,FALSE)&".attack0"&RIGHT(L$1,1) -> Raid4001.gigantooth_1.attack01 | M17: =$B17&"."&VLOOKUP($C17,'#Data'!$B$2:$J$344,2,FALSE)&".attack0"&RIGHT(M$1,1) -> Raid4001.gigantooth_1.attack02 | O17: =$B17&"."&VLOOKUP($C17,'#Data'!$B$2:$J$344,2,FALSE)&".skill0"&RIGHT(O$1,1) -> Raid4001.gigantooth_1.skill01 | P17: =$B17&"."&VLOOKUP($C17,'#Data'!$B$2:$J$344,2,FALSE)&".skill0"&RIGHT(P$1,1) -> Raid4001.gigantooth_1.skill02 | Q17: =$B17&"."&VLOOKUP($C17,'#Data'!$B$2:$J$344,2,FALSE)&".skill0"&RIGHT(Q$1,1) -> Raid4001.gigantooth_1.skill03 | R17: =$B17&"."&VLOOKUP($C17,'#Data'!$B$2:$J$344,2,FALSE)&".skill0"&RIGHT(R$1,1) -> Raid4001.gigantooth_1.skill04 | S17: Raid4001.gigantooth_1.passive01 | V17: FALSE | W17: ="Character/Prefabs/"&VLOOKUP($C17,'#Data'!$B$3:$I$344,8,FALSE) -> Character/Prefabs/m_boss_attacker_gigantooth_1 | Y17: =VLOOKUP($C17,'#Data'!$B$3:$I$344,8,FALSE) -> m_boss_attacker_gigantooth_1 | AC17: 0.9 | AE17: Character/Timeline/02_MON/boss2/appearance_1 | AF17: Character/Timeline/02_MON/boss2/die_1 | AG17: AttributeNone
A18: 1110504002 | B18: Raid4001 | C18: 기간투스베리 | D18: ="Monster.Name."&VLOOKUP($C18,'#Data'!$B$2:$J$344,2,FALSE) -> Monster.Name.gigantooth_2 | E18: =VLOOKUP(C18,'#Data'!$B:$I, 6,FALSE) -> Attacker | F18: Fac_nul_ind | G18: TRUE | H18: TRUE | I18: TRUE | J18: 20 | K18: 10 | L18: =$B18&"."&VLOOKUP($C18,'#Data'!$B$2:$J$344,2,FALSE)&".attack0"&RIGHT(L$1,1) -> Raid4001.gigantooth_2.attack01 | M18: =$B18&"."&VLOOKUP($C18,'#Data'!$B$2:$J$344,2,FALSE)&".attack0"&RIGHT(M$1,1) -> Raid4001.gigantooth_2.attack02 | O18: =$B18&"."&VLOOKUP($C18,'#Data'!$B$2:$J$344,2,FALSE)&".skill0"&RIGHT(O$1,1) -> Raid4001.gigantooth_2.skill01 | P18: =$B18&"."&VLOOKUP($C18,'#Data'!$B$2:$J$344,2,FALSE)&".skill0"&RIGHT(P$1,1) -> Raid4001.gigantooth_2.skill02 | Q18: =$B18&"."&VLOOKUP($C18,'#Data'!$B$2:$J$344,2,FALSE)&".skill0"&RIGHT(Q$1,1) -> Raid4001.gigantooth_2.skill03 | R18: =$B18&"."&VLOOKUP($C18,'#Data'!$B$2:$J$344,2,FALSE)&".skill0"&RIGHT(R$1,1) -> Raid4001.gigantooth_2.skill04 | S18: Raid4001.gigantooth_2.passive01 | V18: FALSE | W18: ="Character/Prefabs/"&VLOOKUP($C18,'#Data'!$B$3:$I$344,8,FALSE) -> Character/Prefabs/m_boss_attacker_gigantooth_2 | Y18: =VLOOKUP($C18,'#Data'!$B$3:$I$344,8,FALSE) -> m_boss_attacker_gigantooth_2 | AC18: 0.9 | AE18: Character/Timeline/02_MON/boss2/appearance_2 | AF18: Character/Timeline/02_MON/boss2/die_2 | AG18: AttributeNone
A19: 1111101001 | B19: GuildRaid1001 | C19: freyja | D19: Name.Character.freyja | E19: Ranger | F19: Fac_sti_ast | G19: TRUE | H19: TRUE | I19: TRUE | J19: 10 | K19: =VLOOKUP($A19,쿼리1[[ID]:[열1]],3,FALSE) -> 10 | L19: freyja.attack1 | M19: freyja.attack2 | N19: freyja.attack3 | O19: freyja.active1 | P19: freyja.active2 | Q19: freyja.passive | S19: Boss.Common.Immun | T19: freyja.ult | U19: freyja.ult | V19: TRUE | W19: ="Character/Prefabs/c_"&LOWER(E19)&"_"&C19&"_1" -> Character/Prefabs/c_ranger_freyja_1 | Y19: ="character_"&C19&"_01" -> character_freyja_01 | Z19: ="Character/Timeline/01_CHA/ult_c_"&LOWER(E19)&"_"&C19&"_1" -> Character/Timeline/01_CHA/ult_c_ranger_freyja_1 | AA19: ="Character/Timeline/01_CHA/victory_c_"&LOWER(E19)&"_"&C19&"_1" -> Character/Timeline/01_CHA/victory_c_ranger_freyja_1 | AC19: 1.4 | AG19: AttributeNone
A20: 1111101002 | B20: GuildRaid1002 | C20: mana | D20: Name.Character.mana | E20: Ranger | F20: Fac_rim_aki | G20: TRUE | H20: TRUE | I20: TRUE | J20: 10 | K20: =VLOOKUP($A20,쿼리1[[ID]:[열1]],3,FALSE) -> 10 | L20: mana.attack1 | M20: mana.attack2 | N20: mana.attack3 | O20: mana.active1 | P20: mana.active2 | Q20: mana.passive | S20: Boss.Common.Immun | T20: mana.ult | U20: mana.ult | V20: TRUE | W20: Character/Prefabs/c_ranger_mana_1 | Y20: character_mana_01 | Z20: Character/Timeline/01_CHA/ult_c_ranger_mana_1 | AA20: Character/Timeline/01_CHA/victory_c_ranger_mana_1 | AC20: 1.4 | AG20: AttributeNone
A21: 1111101003 | B21: GuildRaid1003 | C21: balencia | D21: Name.Character.balencia | E21: Attacker | F21: Fac_sti_ars | G21: TRUE | H21: TRUE | I21: TRUE | J21: 10 | K21: =VLOOKUP($A21,쿼리1[[ID]:[열1]],3,FALSE) -> 10 | L21: balencia.attack1 | M21: balencia.attack2 | N21: balencia.attack3 | O21: balencia.active1 | P21: balencia.active2 | Q21: balencia.passive | S21: Boss.Common.Immun | T21: balencia.ult | U21: balencia.ult | V21: TRUE | W21: Character/Prefabs/c_attacker_balencia_1 | Y21: character_balencia_01 | Z21: Character/Timeline/01_CHA/ult_c_attacker_balencia_1 | AA21: Character/Timeline/01_CHA/victory_c_attacker_balencia_1 | AC21: 1.4 | AG21: AttributeNone
A22: 1111301001 | B22: BossChallenge | C22: 갤리어스 | D22: ="Monster.Name."&VLOOKUP($C22,'#Data'!$B$2:$J$344,2,FALSE) -> Monster.Name.gallius_1 | E22: =VLOOKUP($C22,'#Data'!$B$2:$J$249,6,FALSE) -> Tanker | F22: Fac_nul_ind | G22: TRUE | H22: TRUE | I22: TRUE | J22: 10 | K22: =VLOOKUP($A22,쿼리1[[ID]:[열1]],3,FALSE) -> 10 | L22: =$B22&"."&VLOOKUP($C22,'#Data'!$B$2:$J$344,2,FALSE)&".attack0"&RIGHT(L$1,1) -> BossChallenge.gallius_1.attack01 | O22: =$B22&"."&VLOOKUP($C22,'#Data'!$B$2:$J$344,2,FALSE)&".skill0"&RIGHT(O$1,1) -> BossChallenge.gallius_1.skill01 | P22: =$B22&"."&VLOOKUP($C22,'#Data'!$B$2:$J$344,2,FALSE)&".skill0"&RIGHT(P$1,1) -> BossChallenge.gallius_1.skill02 | Q22: BossChallenge.gallius_1.passive01 | S22: Boss.Common.Immun | V22: FALSE | W22: ="Character/Prefabs/"&VLOOKUP($C22,'#Data'!$B$3:$I$344,8,FALSE) -> Character/Prefabs/m_boss_tanker_gallius_1 | Y22: =VLOOKUP($C22,'#Data'!$B$3:$I$344,8,FALSE) -> m_boss_tanker_gallius_1 | AC22: 1.3 | AE22: Character/Timeline/02_MON/trooper_boss/appearance | AF22: Character/Timeline/02_MON/trooper_boss/die | AG22: AttributeNone
A23: 1111301002 | B23: BossChallenge | C23: 강화갤리어스 | D23: ="Monster.Name."&VLOOKUP($C23,'#Data'!$B$2:$J$344,2,FALSE) -> Monster.Name.gallius_2 | E23: =VLOOKUP($C23,'#Data'!$B$2:$J$249,6,FALSE) -> Tanker | F23: Fac_nul_ind | G23: TRUE | H23: TRUE | I23: TRUE | J23: 10 | K23: =VLOOKUP($A23,쿼리1[[ID]:[열1]],3,FALSE) -> 10 | L23: =$B23&"."&VLOOKUP($C23,'#Data'!$B$2:$J$344,2,FALSE)&".attack0"&RIGHT(L$1,1) -> BossChallenge.gallius_2.attack01 | O23: =$B23&"."&VLOOKUP($C23,'#Data'!$B$2:$J$344,2,FALSE)&".skill0"&RIGHT(O$1,1) -> BossChallenge.gallius_2.skill01 | P23: =$B23&"."&VLOOKUP($C23,'#Data'!$B$2:$J$344,2,FALSE)&".skill0"&RIGHT(P$1,1) -> BossChallenge.gallius_2.skill02 | Q23: =$B23&"."&VLOOKUP($C23,'#Data'!$B$2:$J$344,2,FALSE)&".skill0"&RIGHT(Q$1,1) -> BossChallenge.gallius_2.skill03 | R23: BossChallenge.gallius_2.passive01 | S23: Boss.Common.Immun | V23: FALSE | W23: ="Character/Prefabs/"&VLOOKUP($C23,'#Data'!$B$3:$I$344,8,FALSE) -> Character/Prefabs/m_boss_tanker_gallius_2 | Y23: =VLOOKUP($C23,'#Data'!$B$3:$I$344,8,FALSE) -> m_boss_tanker_gallius_2 | AC23: 1.3 | AE23: Character/Timeline/02_MON/gallius_2/trooper_boss_appearance_2 | AF23: Character/Timeline/02_MON/gallius_2/trooper_boss_die_2 | AG23: AttributeNone
A24: =A22+10 -> 1111301011 | B24: BossChallenge | C24: 카산드라 | D24: ="Monster.Name."&VLOOKUP($C24,'#Data'!$B$2:$J$344,2,FALSE) -> Monster.Name.cassandra_1 | E24: =VLOOKUP($C24,'#Data'!$B$2:$J$249,6,FALSE) -> Ranger | F24: Fac_nul_ind | G24: TRUE | H24: TRUE | I24: TRUE | J24: 20 | K24: =VLOOKUP($A24,쿼리1[[ID]:[열1]],3,FALSE) -> 10 | L24: =$B24&"."&VLOOKUP($C24,'#Data'!$B$2:$J$344,2,FALSE)&".attack0"&RIGHT(L$1,1) -> BossChallenge.cassandra_1.attack01 | O24: =$B24&"."&VLOOKUP($C24,'#Data'!$B$2:$J$344,2,FALSE)&".skill0"&RIGHT(O$1,1) -> BossChallenge.cassandra_1.skill01 | P24: =$B24&"."&VLOOKUP($C24,'#Data'!$B$2:$J$344,2,FALSE)&".skill0"&RIGHT(P$1,1) -> BossChallenge.cassandra_1.skill02 | Q24: BossChallenge.cassandra_1.passive01 | S24: Boss.Common.Immun | V24: FALSE | W24: ="Character/Prefabs/"&VLOOKUP($C24,'#Data'!$B$3:$I$344,8,FALSE) -> Character/Prefabs/m_boss_ranger_cassandra_1 | Y24: =VLOOKUP($C24,'#Data'!$B$3:$I$344,8,FALSE) -> m_boss_ranger_cassandra_1 | AC24: 0.9 | AE24: Character/Timeline/02_MON/cassandra/appearance | AF24: Character/Timeline/02_MON/cassandra/die | AG24: AttributeNone
A25: =A23+10 -> 1111301012 | B25: BossChallenge | C25: 강화카산드라 | D25: ="Monster.Name."&VLOOKUP($C25,'#Data'!$B$2:$J$344,2,FALSE) -> Monster.Name.cassandra_2 | E25: =VLOOKUP($C25,'#Data'!$B$2:$J$249,6,FALSE) -> Ranger | F25: Fac_nul_ind | G25: TRUE | H25: TRUE | I25: TRUE | J25: 20 | K25: =VLOOKUP($A25,쿼리1[[ID]:[열1]],3,FALSE) -> 10 | L25: =$B25&"."&VLOOKUP($C25,'#Data'!$B$2:$J$344,2,FALSE)&".attack0"&RIGHT(L$1,1) -> BossChallenge.cassandra_2.attack01 | O25: =$B25&"."&VLOOKUP($C25,'#Data'!$B$2:$J$344,2,FALSE)&".skill0"&RIGHT(O$1,1) -> BossChallenge.cassandra_2.skill01 | P25: =$B25&"."&VLOOKUP($C25,'#Data'!$B$2:$J$344,2,FALSE)&".skill0"&RIGHT(P$1,1) -> BossChallenge.cassandra_2.skill02 | Q25: =$B25&"."&VLOOKUP($C25,'#Data'!$B$2:$J$344,2,FALSE)&".skill0"&RIGHT(Q$1,1) -> BossChallenge.cassandra_2.skill03 | R25: BossChallenge.cassandra_2.passive01 | S25: Boss.Common.Immun | V25: FALSE | W25: ="Character/Prefabs/"&VLOOKUP($C25,'#Data'!$B$3:$I$344,8,FALSE) -> Character/Prefabs/m_boss_ranger_cassandra_2 | Y25: =VLOOKUP($C25,'#Data'!$B$3:$I$344,8,FALSE) -> m_boss_ranger_cassandra_2 | AC25: 0.9 | AE25: Character/Timeline/02_MON/cassandra/appearance2 | AF25: Character/Timeline/02_MON/cassandra/die2 | AG25: AttributeNone
A26: =A24+10 -> 1111301021 | B26: BossChallenge | C26: 디오메가 | D26: ="Monster.Name."&VLOOKUP($C26,'#Data'!$B$2:$J$344,2,FALSE) -> Monster.Name.theomega_1 | E26: =VLOOKUP($C26,'#Data'!$B$2:$J$249,6,FALSE) -> Attacker | F26: Fac_nul_ind | G26: TRUE | H26: TRUE | I26: TRUE | J26: 20 | K26: =VLOOKUP($A26,쿼리1[[ID]:[열1]],3,FALSE) -> 10 | L26: =$B26&"."&VLOOKUP($C26,'#Data'!$B$2:$J$344,2,FALSE)&".attack0"&RIGHT(L$1,1) -> BossChallenge.theomega_1.attack01 | O26: =$B26&"."&VLOOKUP($C26,'#Data'!$B$2:$J$344,2,FALSE)&".skill0"&RIGHT(O$1,1) -> BossChallenge.theomega_1.skill01 | P26: =$B26&"."&VLOOKUP($C26,'#Data'!$B$2:$J$344,2,FALSE)&".skill0"&RIGHT(P$1,1) -> BossChallenge.theomega_1.skill02 | Q26: =$B26&"."&VLOOKUP($C26,'#Data'!$B$2:$J$344,2,FALSE)&".skill0"&RIGHT(Q$1,1) -> BossChallenge.theomega_1.skill03 | R26: BossChallenge.theomega_1.passive01 | S26: Boss.Common.Immun | V26: FALSE | W26: ="Character/Prefabs/"&VLOOKUP($C26,'#Data'!$B$3:$I$344,8,FALSE) -> Character/Prefabs/m_boss_attacker_theomega_1 | Y26: =VLOOKUP($C26,'#Data'!$B$3:$I$344,8,FALSE) -> m_boss_attacker_theomega_1 | AC26: 0.9 | AE26: Character/Timeline/02_MON/boss3/appearance | AF26: Character/Timeline/02_MON/boss3/die | AG26: AttributeNone
A27: =A25+10 -> 1111301022 | B27: BossChallenge | C27: 강화디오메가 | D27: ="Monster.Name."&VLOOKUP($C27,'#Data'!$B$2:$J$344,2,FALSE) -> Monster.Name.theomega_3 | E27: =VLOOKUP($C27,'#Data'!$B$2:$J$249,6,FALSE) -> Attacker | F27: Fac_nul_ind | G27: TRUE | H27: TRUE | I27: TRUE | J27: 20 | K27: =VLOOKUP($A27,쿼리1[[ID]:[열1]],3,FALSE) -> 10 | L27: =$B27&"."&VLOOKUP($C27,'#Data'!$B$2:$J$344,2,FALSE)&".attack0"&RIGHT(L$1,1) -> BossChallenge.theomega_3.attack01 | M27: =$B27&"."&VLOOKUP($C27,'#Data'!$B$2:$J$344,2,FALSE)&".attack0"&RIGHT(M$1,1) -> BossChallenge.theomega_3.attack02 | O27: =$B27&"."&VLOOKUP($C27,'#Data'!$B$2:$J$344,2,FALSE)&".skill0"&RIGHT(O$1,1) -> BossChallenge.theomega_3.skill01 | P27: =$B27&"."&VLOOKUP($C27,'#Data'!$B$2:$J$344,2,FALSE)&".skill0"&RIGHT(P$1,1) -> BossChallenge.theomega_3.skill02 | Q27: =$B27&"."&VLOOKUP($C27,'#Data'!$B$2:$J$344,2,FALSE)&".skill0"&RIGHT(Q$1,1) -> BossChallenge.theomega_3.skill03 | R27: =$B27&"."&VLOOKUP($C27,'#Data'!$B$2:$J$344,2,FALSE)&".skill0"&RIGHT(R$1,1) -> BossChallenge.theomega_3.skill04 | S27: BossChallenge.theomega_3.passive01 | V27: FALSE | W27: ="Character/Prefabs/"&VLOOKUP($C27,'#Data'!$B$3:$I$344,8,FALSE) -> Character/Prefabs/m_boss_attacker_theomega_3 | Y27: =VLOOKUP($C27,'#Data'!$B$3:$I$344,8,FALSE) -> m_boss_attacker_theomega_3 | AC27: 0.9 | AE27: Character/Timeline/02_MON/boss3/appearance_2 | AF27: Character/Timeline/02_MON/boss3/die_2 | AG27: AttributeNone
A28: =A26+10 -> 1111301031 | B28: BossChallenge | C28: 널엑스 | D28: ="Monster.Name."&VLOOKUP($C28,'#Data'!$B$2:$J$344,2,FALSE) -> Monster.Name.nullaxe_1 | E28: =VLOOKUP($C28,'#Data'!$B$2:$J$249,6,FALSE) -> Attacker | F28: Fac_nul_ind | G28: TRUE | H28: TRUE | I28: TRUE | J28: 10 | K28: =VLOOKUP($A28,쿼리1[[ID]:[열1]],3,FALSE) -> 10 | L28: =$B28&"."&VLOOKUP($C28,'#Data'!$B$2:$J$344,2,FALSE)&".attack0"&RIGHT(L$1,1) -> BossChallenge.nullaxe_1.attack01 | M28: =$B28&"."&VLOOKUP($C28,'#Data'!$B$2:$J$344,2,FALSE)&".attack0"&RIGHT(M$1,1) -> BossChallenge.nullaxe_1.attack02 | O28: =$B28&"."&VLOOKUP($C28,'#Data'!$B$2:$J$344,2,FALSE)&".skill0"&RIGHT(O$1,1) -> BossChallenge.nullaxe_1.skill01 | P28: =$B28&"."&VLOOKUP($C28,'#Data'!$B$2:$J$344,2,FALSE)&".skill0"&RIGHT(P$1,1) -> BossChallenge.nullaxe_1.skill02 | Q28: =$B28&"."&VLOOKUP($C28,'#Data'!$B$2:$J$344,2,FALSE)&".skill0"&RIGHT(Q$1,1) -> BossChallenge.nullaxe_1.skill03 | R28: BossChallenge.nullaxe_1.passive01 | S28: Boss.Common.Immun | V28: FALSE | W28: ="Character/Prefabs/"&VLOOKUP($C28,'#Data'!$B$3:$I$344,8,FALSE) -> Character/Prefabs/m_boss_attacker_nullaxe_1 | Y28: =VLOOKUP($C28,'#Data'!$B$3:$I$344,8,FALSE) -> m_boss_attacker_nullaxe_1 | AC28: 1.6 | AE28: Character/Timeline/02_MON/nullaxe/appearance | AF28: Character/Timeline/02_MON/nullaxe/die | AG28: AttributeNone
A29: =A27+10 -> 1111301032 | B29: BossChallenge | C29: 강화널엑스 | D29: ="Monster.Name."&VLOOKUP($C29,'#Data'!$B$2:$J$344,2,FALSE) -> Monster.Name.nullaxe_2 | E29: =VLOOKUP($C29,'#Data'!$B$2:$J$249,6,FALSE) -> Attacker | F29: Fac_nul_ind | G29: TRUE | H29: TRUE | I29: TRUE | J29: 10 | K29: =VLOOKUP($A29,쿼리1[[ID]:[열1]],3,FALSE) -> 10 | L29: =$B29&"."&VLOOKUP($C29,'#Data'!$B$2:$J$344,2,FALSE)&".attack0"&RIGHT(L$1,1) -> BossChallenge.nullaxe_2.attack01 | M29: =$B29&"."&VLOOKUP($C29,'#Data'!$B$2:$J$344,2,FALSE)&".attack0"&RIGHT(M$1,1) -> BossChallenge.nullaxe_2.attack02 | O29: =$B29&"."&VLOOKUP($C29,'#Data'!$B$2:$J$344,2,FALSE)&".skill0"&RIGHT(O$1,1) -> BossChallenge.nullaxe_2.skill01 | P29: =$B29&"."&VLOOKUP($C29,'#Data'!$B$2:$J$344,2,FALSE)&".skill0"&RIGHT(P$1,1) -> BossChallenge.nullaxe_2.skill02 | Q29: =$B29&"."&VLOOKUP($C29,'#Data'!$B$2:$J$344,2,FALSE)&".skill0"&RIGHT(Q$1,1) -> BossChallenge.nullaxe_2.skill03 | R29: BossChallenge.nullaxe_2.passive01 | S29: BossChallenge.nullaxe_2.passive02 | V29: FALSE | W29: ="Character/Prefabs/"&VLOOKUP($C29,'#Data'!$B$3:$I$344,8,FALSE) -> Character/Prefabs/m_boss_attacker_nullaxe_2 | Y29: =VLOOKUP($C29,'#Data'!$B$3:$I$344,8,FALSE) -> m_boss_attacker_nullaxe_2 | AC29: 1.6 | AE29: Character/Timeline/02_MON/nullaxe/appearance_2new | AF29: Character/Timeline/02_MON/nullaxe/die_2new | AG29: AttributeNone
A30: =A28+10 -> 1111301041 | B30: BossChallenge | C30: 로열퀸 | D30: ="Monster.Name."&VLOOKUP($C30,'#Data'!$B$2:$J$344,2,FALSE) -> Monster.Name.clock_royal_queen_1 | E30: =VLOOKUP($C30,'#Data'!$B$2:$J$249,6,FALSE) -> Attacker | F30: Fac_nul_ind | G30: TRUE | H30: TRUE | I30: TRUE | J30: 10 | K30: =VLOOKUP($A30,쿼리1[[ID]:[열1]],3,FALSE) -> 10 | L30: =$B30&"."&VLOOKUP($C30,'#Data'!$B$2:$J$344,2,FALSE)&".attack0"&RIGHT(L$1,1) -> BossChallenge.clock_royal_queen_1.attack01 | M30: =$B30&"."&VLOOKUP($C30,'#Data'!$B$2:$J$344,2,FALSE)&".attack0"&RIGHT(M$1,1) -> BossChallenge.clock_royal_queen_1.attack02 | O30: =$B30&"."&VLOOKUP($C30,'#Data'!$B$2:$J$344,2,FALSE)&".skill0"&RIGHT(O$1,1) -> BossChallenge.clock_royal_queen_1.skill01 | P30: =$B30&"."&VLOOKUP($C30,'#Data'!$B$2:$J$344,2,FALSE)&".skill0"&RIGHT(P$1,1) -> BossChallenge.clock_royal_queen_1.skill02 | Q30: =$B30&"."&VLOOKUP($C30,'#Data'!$B$2:$J$344,2,FALSE)&".skill0"&RIGHT(Q$1,1) -> BossChallenge.clock_royal_queen_1.skill03 | R30: BossChallenge.clock_royal_queen_1.passive01 | S30: Boss.Common.Immun | V30: FALSE | W30: ="Character/Prefabs/"&VLOOKUP($C30,'#Data'!$B$3:$I$344,8,FALSE) -> Character/Prefabs/m_boss_attacker_clock_royal_queen_1 | Y30: =VLOOKUP($C30,'#Data'!$B$3:$I$344,8,FALSE) -> m_boss_attacker_clock_royal_queen_1 | AC30: 0.9 | AE30: Character/Timeline/02_MON/royal_queen_1/appearance | AF30: Character/Timeline/02_MON/royal_queen_1/die | AG30: AttributeNone
A31: =A29+10 -> 1111301042 | B31: BossChallenge | C31: 강화로열퀸 | D31: ="Monster.Name."&VLOOKUP($C31,'#Data'!$B$2:$J$344,2,FALSE) -> Monster.Name.clock_royal_queen_2 | E31: =VLOOKUP($C31,'#Data'!$B$2:$J$249,6,FALSE) -> Attacker | F31: Fac_nul_ind | G31: TRUE | H31: TRUE | I31: TRUE | J31: 10 | K31: =VLOOKUP($A31,쿼리1[[ID]:[열1]],3,FALSE) -> 10 | L31: =$B31&"."&VLOOKUP($C31,'#Data'!$B$2:$J$344,2,FALSE)&".attack0"&RIGHT(L$1,1) -> BossChallenge.clock_royal_queen_2.attack01 | M31: =$B31&"."&VLOOKUP($C31,'#Data'!$B$2:$J$344,2,FALSE)&".attack0"&RIGHT(M$1,1) -> BossChallenge.clock_royal_queen_2.attack02 | O31: =$B31&"."&VLOOKUP($C31,'#Data'!$B$2:$J$344,2,FALSE)&".skill0"&RIGHT(O$1,1) -> BossChallenge.clock_royal_queen_2.skill01 | P31: =$B31&"."&VLOOKUP($C31,'#Data'!$B$2:$J$344,2,FALSE)&".skill0"&RIGHT(P$1,1) -> BossChallenge.clock_royal_queen_2.skill02 | Q31: =$B31&"."&VLOOKUP($C31,'#Data'!$B$2:$J$344,2,FALSE)&".skill0"&RIGHT(Q$1,1) -> BossChallenge.clock_royal_queen_2.skill03 | R31: BossChallenge.clock_royal_queen_1.passive01 | S31: Boss.Common.Immun | V31: FALSE | W31: ="Character/Prefabs/"&VLOOKUP($C31,'#Data'!$B$3:$I$344,8,FALSE) -> Character/Prefabs/m_boss_attacker_clock_royal_queen_2 | Y31: m_boss_attacker_clock_royal_queen_1 | AC31: 1.3 | AE31: Character/Timeline/02_MON/royal_queen_2/appearance2 | AF31: Character/Timeline/02_MON/royal_queen_2/die2 | AG31: AttributeNone
A32: =A30+10 -> 1111301051 | B32: BossChallenge | C32: 톡식 | D32: ="Monster.Name."&VLOOKUP($C32,'#Data'!$B$2:$J$344,2,FALSE) -> Monster.Name.toxic_1 | E32: =VLOOKUP($C32,'#Data'!$B$2:$J$249,6,FALSE) -> Attacker | F32: Fac_nul_ind | G32: TRUE | H32: TRUE | I32: TRUE | J32: 20 | K32: =VLOOKUP($A32,쿼리1[[ID]:[열1]],3,FALSE) -> 10 | L32: =$B32&"."&VLOOKUP($C32,'#Data'!$B$2:$J$344,2,FALSE)&".attack0"&RIGHT(L$1,1) -> BossChallenge.toxic_1.attack01 | M32: =$B32&"."&VLOOKUP($C32,'#Data'!$B$2:$J$344,2,FALSE)&".attack0"&RIGHT(M$1,1) -> BossChallenge.toxic_1.attack02 | O32: =$B32&"."&VLOOKUP($C32,'#Data'!$B$2:$J$344,2,FALSE)&".skill0"&RIGHT(O$1,1) -> BossChallenge.toxic_1.skill01 | P32: =$B32&"."&VLOOKUP($C32,'#Data'!$B$2:$J$344,2,FALSE)&".skill0"&RIGHT(P$1,1) -> BossChallenge.toxic_1.skill02 | Q32: =$B32&"."&VLOOKUP($C32,'#Data'!$B$2:$J$344,2,FALSE)&".skill0"&RIGHT(Q$1,1) -> BossChallenge.toxic_1.skill03 | R32: BossChallenge.toxic_1.passive01 | S32: BossChallenge.toxic_1.passive02 | V32: FALSE | W32: ="Character/Prefabs/"&VLOOKUP($C32,'#Data'!$B$3:$I$344,8,FALSE) -> Character/Prefabs/m_boss_attacker_toxic_1 | Y32: =VLOOKUP($C32,'#Data'!$B$3:$I$344,8,FALSE) -> m_boss_attacker_toxic_1 | AC32: 1.1 | AE32: Character/Timeline/02_MON/toxic_1/m_boss_attacker_toxic_1@appearance | AF32: Character/Timeline/02_MON/toxic_1/m_boss_attacker_toxic_1@die | AG32: AttributeNone
A33: =A31+10 -> 1111301052 | B33: BossChallenge | C33: 강화톡식 | D33: ="Monster.Name."&VLOOKUP($C33,'#Data'!$B$2:$J$344,2,FALSE) -> Monster.Name.toxic_3 | E33: =VLOOKUP($C33,'#Data'!$B$2:$J$249,6,FALSE) -> Attacker | F33: Fac_nul_ind | G33: TRUE | H33: TRUE | I33: TRUE | J33: 20 | K33: =VLOOKUP($A33,쿼리1[[ID]:[열1]],3,FALSE) -> 10 | L33: =$B33&"."&VLOOKUP($C33,'#Data'!$B$2:$J$344,2,FALSE)&".attack0"&RIGHT(L$1,1) -> BossChallenge.toxic_3.attack01 | M33: =$B33&"."&VLOOKUP($C33,'#Data'!$B$2:$J$344,2,FALSE)&".attack0"&RIGHT(M$1,1) -> BossChallenge.toxic_3.attack02 | O33: =$B33&"."&VLOOKUP($C33,'#Data'!$B$2:$J$344,2,FALSE)&".skill0"&RIGHT(O$1,1) -> BossChallenge.toxic_3.skill01 | P33: =$B33&"."&VLOOKUP($C33,'#Data'!$B$2:$J$344,2,FALSE)&".skill0"&RIGHT(P$1,1) -> BossChallenge.toxic_3.skill02 | Q33: =$B33&"."&VLOOKUP($C33,'#Data'!$B$2:$J$344,2,FALSE)&".skill0"&RIGHT(Q$1,1) -> BossChallenge.toxic_3.skill03 | R33: BossChallenge.toxic_3.passive01 | S33: BossChallenge.toxic_3.passive02 | V33: FALSE | W33: ="Character/Prefabs/"&VLOOKUP($C33,'#Data'!$B$3:$I$344,8,FALSE) -> Character/Prefabs/m_boss_attacker_toxic_3 | Y33: m_boss_attacker_toxic_1 | AC33: 1.1 | AE33: Character/Timeline/02_MON/toxic_3/appearance3 | AF33: Character/Timeline/02_MON/toxic_3/die3 | AG33: AttributeNone
A34: 1111301061 | B34: BossChallenge | C34: 연구소골리앗 | D34: ="Monster.Name."&VLOOKUP($C34,'#Data'!$B$2:$J$344,2,FALSE) -> Monster.Name.goliath_1 | E34: =VLOOKUP($C34,'#Data'!$B$2:$J$249,6,FALSE) -> Attacker | F34: Fac_nul_ind | G34: TRUE | H34: TRUE | I34: TRUE | J34: 10 | K34: =VLOOKUP($A34,쿼리1[[ID]:[열1]],3,FALSE) -> 10 | L34: =$B34&"."&VLOOKUP($C34,'#Data'!$B$2:$J$344,2,FALSE)&".attack0"&RIGHT(L$1,1) -> BossChallenge.goliath_1.attack01 | M34: =$B34&"."&VLOOKUP($C34,'#Data'!$B$2:$J$344,2,FALSE)&".attack0"&RIGHT(M$1,1) -> BossChallenge.goliath_1.attack02 | O34: =$B34&"."&VLOOKUP($C34,'#Data'!$B$2:$J$344,2,FALSE)&".skill0"&RIGHT(O$1,1) -> BossChallenge.goliath_1.skill01 | P34: =$B34&"."&VLOOKUP($C34,'#Data'!$B$2:$J$344,2,FALSE)&".skill0"&RIGHT(P$1,1) -> BossChallenge.goliath_1.skill02 | Q34: =$B34&"."&VLOOKUP($C34,'#Data'!$B$2:$J$344,2,FALSE)&".skill0"&RIGHT(Q$1,1) -> BossChallenge.goliath_1.skill03 | R34: BossChallenge.goliath_1.passive01 | S34: BossChallenge.goliath_1.passive02 | V34: FALSE | W34: ="Character/Prefabs/"&VLOOKUP($C34,'#Data'!$B$3:$I$344,8,FALSE) -> Character/Prefabs/m_boss_attacker_goliath_1 | Y34: =VLOOKUP($C34,'#Data'!$B$3:$I$344,8,FALSE) -> m_boss_attacker_goliath_1 | AC34: 1.4 | AE34: Character/Timeline/02_MON/goliath_1/m_boss_attacker_goliath_1@appearance | AF34: Character/Timeline/02_MON/goliath_1/m_boss_attacker_goliath_1@die | AG34: AttributeNone
A35: 1111301062 | B35: BossChallenge | C35: 강화골리앗 | D35: ="Monster.Name."&VLOOKUP($C35,'#Data'!$B$2:$J$344,2,FALSE) -> Monster.Name.goliath_4 | E35: =VLOOKUP($C35,'#Data'!$B$2:$J$249,6,FALSE) -> Attacker | F35: Fac_nul_ind | G35: TRUE | H35: TRUE | I35: TRUE | J35: 10 | K35: =VLOOKUP($A35,쿼리1[[ID]:[열1]],3,FALSE) -> 10 | L35: =$B35&"."&VLOOKUP($C35,'#Data'!$B$2:$J$344,2,FALSE)&".attack0"&RIGHT(L$1,1) -> BossChallenge.goliath_4.attack01 | M35: =$B35&"."&VLOOKUP($C35,'#Data'!$B$2:$J$344,2,FALSE)&".attack0"&RIGHT(M$1,1) -> BossChallenge.goliath_4.attack02 | O35: =$B35&"."&VLOOKUP($C35,'#Data'!$B$2:$J$344,2,FALSE)&".skill0"&RIGHT(O$1,1) -> BossChallenge.goliath_4.skill01 | P35: =$B35&"."&VLOOKUP($C35,'#Data'!$B$2:$J$344,2,FALSE)&".skill0"&RIGHT(P$1,1) -> BossChallenge.goliath_4.skill02 | Q35: =$B35&"."&VLOOKUP($C35,'#Data'!$B$2:$J$344,2,FALSE)&".skill0"&RIGHT(Q$1,1) -> BossChallenge.goliath_4.skill03 | R35: BossChallenge.goliath_4.passive01 | S35: BossChallenge.goliath_4.passive02 | V35: FALSE | W35: ="Character/Prefabs/"&VLOOKUP($C35,'#Data'!$B$3:$I$344,8,FALSE) -> Character/Prefabs/m_boss_attacker_goliath_4 | Y35: m_boss_attacker_goliath_1 | AC35: 1.7 | AE35: Character/Timeline/02_MON/goliath_4/appearance4 | AF35: Character/Timeline/02_MON/goliath_4/die4 | AG35: AttributeNone
A36: 1111301071 | B36: BossChallenge | C36: 크로울러 | D36: ="Monster.Name."&VLOOKUP($C36,'#Data'!$B$2:$J$344,2,FALSE) -> Monster.Name.crawler_1 | E36: =VLOOKUP($C36,'#Data'!$B$2:$J$249,6,FALSE) -> Attacker | F36: Fac_nul_ind | G36: TRUE | H36: TRUE | I36: TRUE | J36: 10 | K36: =VLOOKUP($A36,쿼리1[[ID]:[열1]],3,FALSE) -> 10 | L36: =$B36&"."&VLOOKUP($C36,'#Data'!$B$2:$J$344,2,FALSE)&".attack0"&RIGHT(L$1,1) -> BossChallenge.crawler_1.attack01 | M36: =$B36&"."&VLOOKUP($C36,'#Data'!$B$2:$J$344,2,FALSE)&".attack0"&RIGHT(M$1,1) -> BossChallenge.crawler_1.attack02 | O36: =$B36&"."&VLOOKUP($C36,'#Data'!$B$2:$J$344,2,FALSE)&".skill0"&RIGHT(O$1,1) -> BossChallenge.crawler_1.skill01 | P36: =$B36&"."&VLOOKUP($C36,'#Data'!$B$2:$J$344,2,FALSE)&".skill0"&RIGHT(P$1,1) -> BossChallenge.crawler_1.skill02 | Q36: =$B36&"."&VLOOKUP($C36,'#Data'!$B$2:$J$344,2,FALSE)&".skill0"&RIGHT(Q$1,1) -> BossChallenge.crawler_1.skill03 | R36: BossChallenge.crawler_1.passive01 | S36: Boss.Common.Immun | V36: FALSE | W36: ="Character/Prefabs/"&VLOOKUP($C36,'#Data'!$B$3:$I$344,8,FALSE) -> Character/Prefabs/m_boss_attacker_crawler_1 | Y36: =VLOOKUP($C36,'#Data'!$B$3:$I$344,8,FALSE) -> m_boss_attacker_crawler_1 | AC36: 1.2 | AE36: Character/Timeline/02_MON/crawler/appearance | AF36: Character/Timeline/02_MON/crawler/die | AG36: AttributeNone
A37: 1111301072 | B37: BossChallenge | C37: 강화크로울러 | D37: ="Monster.Name."&VLOOKUP($C37,'#Data'!$B$2:$J$344,2,FALSE) -> Monster.Name.skull_crawler_1 | E37: =VLOOKUP($C37,'#Data'!$B$2:$J$249,6,FALSE) -> Attacker | F37: Fac_nul_ind | G37: TRUE | H37: TRUE | I37: TRUE | J37: 10 | K37: =VLOOKUP($A37,쿼리1[[ID]:[열1]],3,FALSE) -> 10 | L37: =$B37&"."&VLOOKUP($C37,'#Data'!$B$2:$J$344,2,FALSE)&".attack0"&RIGHT(L$1,1) -> BossChallenge.skull_crawler_1.attack01 | M37: =$B37&"."&VLOOKUP($C37,'#Data'!$B$2:$J$344,2,FALSE)&".attack0"&RIGHT(M$1,1) -> BossChallenge.skull_crawler_1.attack02 | O37: =$B37&"."&VLOOKUP($C37,'#Data'!$B$2:$J$344,2,FALSE)&".skill0"&RIGHT(O$1,1) -> BossChallenge.skull_crawler_1.skill01 | P37: =$B37&"."&VLOOKUP($C37,'#Data'!$B$2:$J$344,2,FALSE)&".skill0"&RIGHT(P$1,1) -> BossChallenge.skull_crawler_1.skill02 | Q37: =$B37&"."&VLOOKUP($C37,'#Data'!$B$2:$J$344,2,FALSE)&".skill0"&RIGHT(Q$1,1) -> BossChallenge.skull_crawler_1.skill03 | R37: BossChallenge.crawler_1.passive01 | S37: Boss.Common.Immun | V37: FALSE | W37: ="Character/Prefabs/"&VLOOKUP($C37,'#Data'!$B$3:$I$344,8,FALSE) -> Character/Prefabs/m_boss_attacker_skull_crawler_1 | Y37: m_boss_attacker_crawler_1 | AC37: 1.4 | AE37: Character/Timeline/02_MON/crawler/appearance2 | AF37: Character/Timeline/02_MON/crawler/die2 | AG37: AttributeNone
A38: 1110301001 | B38: Daily.Exp | C38: 솔리드메카mk1 | D38: ="Monster.Name."&VLOOKUP($C38,'#Data'!$B$2:$J$344,2,FALSE) -> Monster.Name.solid_turretmk1_1 | E38: Attacker | F38: Fac_nul_ind | G38: TRUE | H38: FALSE | I38: FALSE | J38: 10 | K38: =VLOOKUP($A38,쿼리1[[ID]:[열1]],3,FALSE) -> 10 | L38: Daily.Exp.solid_turretmk1_1.attack01 | V38: FALSE | W38: ="Character/Prefabs/"&VLOOKUP($C38,'#Data'!$B$3:$I$344,8,FALSE) -> Character/Prefabs/m_s_attacker_solid_turretmk1_1 | Y38: =VLOOKUP($C38,'#Data'!$B$3:$I$344,8,FALSE) -> m_s_attacker_solid_turretmk1_1 | AC38: 0.7 | AG38: AttributeNone
A39: 1110301002 | B39: Daily.Exp | C39: 터렛프로토 | D39: ="Monster.Name."&VLOOKUP($C39,'#Data'!$B$2:$J$344,2,FALSE) -> Monster.Name.spider_turret_prototype_1 | E39: Ranger | F39: Fac_nul_ind | G39: TRUE | H39: FALSE | I39: FALSE | J39: 10 | K39: =VLOOKUP($A39,쿼리1[[ID]:[열1]],3,FALSE) -> 30 | L39: Daily.Exp.spider_turret_prototype_1.attack01 | V39: FALSE | W39: ="Character/Prefabs/"&VLOOKUP($C39,'#Data'!$B$3:$I$344,8,FALSE) -> Character/Prefabs/m_s_ranger_spider_turret_prototype_1 | Y39: =VLOOKUP($C39,'#Data'!$B$3:$I$344,8,FALSE) -> m_s_ranger_spider_turret_prototype_1 | AC39: 0.7 | AG39: AttributeNone
A40: 1110301003 | B40: Daily.Exp | C40: 터틀메카mk1 | D40: ="Monster.Name."&VLOOKUP($C40,'#Data'!$B$2:$J$344,2,FALSE) -> Monster.Name.turtle_mechamk1_1 | E40: Attacker | F40: Fac_nul_ind | G40: TRUE | H40: FALSE | I40: FALSE | J40: 10 | K40: =VLOOKUP($A40,쿼리1[[ID]:[열1]],3,FALSE) -> 10 | L40: Daily.Exp.turtle_mechamk1_1.attack01 | V40: FALSE | W40: ="Character/Prefabs/"&VLOOKUP($C40,'#Data'!$B$3:$I$344,8,FALSE) -> Character/Prefabs/m_s_attacker_turtle_mechamk1_1 | Y40: =VLOOKUP($C40,'#Data'!$B$3:$I$344,8,FALSE) -> m_s_attacker_turtle_mechamk1_1 | AC40: 0.7 | AG40: AttributeNone
A41: 1110301004 | B41: Daily.Exp | C41: 터틀메카mk3 | D41: ="Monster.Name."&VLOOKUP($C41,'#Data'!$B$2:$J$344,2,FALSE) -> Monster.Name.turtle_mechamk3_3 | E41: Attacker | F41: Fac_nul_ind | G41: TRUE | H41: FALSE | I41: FALSE | J41: 10 | K41: =VLOOKUP($A41,쿼리1[[ID]:[열1]],3,FALSE) -> 10 | L41: Daily.Exp.turtle_mechamk3_3.attack01 | V41: FALSE | W41: ="Character/Prefabs/"&VLOOKUP($C41,'#Data'!$B$3:$I$344,8,FALSE) -> Character/Prefabs/m_s_attacker_turtle_mechamk3_3 | Y41: =VLOOKUP($C41,'#Data'!$B$3:$I$344,8,FALSE) -> m_s_attacker_turtle_mechamk3_3 | AC41: 0.7 | AG41: AttributeNone
A42: 1110301005 | B42: Daily.Exp | C42: 스콜피온터렛mk2 | D42: ="Monster.Name."&VLOOKUP($C42,'#Data'!$B$2:$J$344,2,FALSE) -> Monster.Name.scorpion_turretmk2_3 | E42: Ranger | F42: Fac_nul_ind | G42: TRUE | H42: FALSE | I42: FALSE | J42: 10 | K42: =VLOOKUP($A42,쿼리1[[ID]:[열1]],3,FALSE) -> 10 | L42: Daily.Exp.scorpion_turretmk2_3.attack01 | V42: FALSE | W42: ="Character/Prefabs/"&VLOOKUP($C42,'#Data'!$B$3:$I$344,8,FALSE) -> Character/Prefabs/m_s_ranger_scorpion_turretmk2_3 | Y42: =VLOOKUP($C42,'#Data'!$B$3:$I$344,8,FALSE) -> m_s_ranger_scorpion_turretmk2_3 | AC42: 0.7 | AG42: AttributeNone
A43: 1110301006 | B43: Daily.Exp | C43: 라이노메카mk3 | D43: ="Monster.Name."&VLOOKUP($C43,'#Data'!$B$2:$J$344,2,FALSE) -> Monster.Name.rhino_mechamk3_3 | E43: Attacker | F43: Fac_nul_ind | G43: TRUE | H43: FALSE | I43: FALSE | J43: 10 | K43: =VLOOKUP($A43,쿼리1[[ID]:[열1]],3,FALSE) -> 10 | L43: Daily.Exp.rhino_mechamk3_3.attack01 | V43: FALSE | W43: ="Character/Prefabs/"&VLOOKUP($C43,'#Data'!$B$3:$I$344,8,FALSE) -> Character/Prefabs/m_s_attacker_rhino_mechamk3_3 | Y43: =VLOOKUP($C43,'#Data'!$B$3:$I$344,8,FALSE) -> m_s_attacker_rhino_mechamk3_3 | AC43: 0.7 | AG43: AttributeNone
A44: 1110302001 | B44: Daily.Gold1 | C44: 더스트드론 | D44: ="Monster.Name."&VLOOKUP($C44,'#Data'!$B$2:$J$344,2,FALSE) -> Monster.Name.hellfire_drone_2 | E44: Ranger | F44: Fac_nul_ind | G44: TRUE | H44: FALSE | I44: FALSE | J44: 10 | K44: =VLOOKUP($A44,쿼리1[[ID]:[열1]],3,FALSE) -> 10 | L44: Daily.Gold1.hellfire_drone_3.attack01 | O44: Daily.Gold1.hellfire_drone_3.skill01 | S44: Daily.Gold1.hellfire_drone_3.passive01 | V44: FALSE | W44: ="Character/Prefabs/"&VLOOKUP($C44,'#Data'!$B$3:$I$344,8,FALSE) -> Character/Prefabs/m_s_ranger_hellfire_drone_2 | Y44: =VLOOKUP($C44,'#Data'!$B$3:$I$344,8,FALSE) -> m_s_ranger_hellfire_drone_2 | AC44: 0.7 | AG44: AttributeNone
A45: 1110302002 | B45: Daily.Gold2 | C45: 더스트드론 | D45: ="Monster.Name."&VLOOKUP($C45,'#Data'!$B$2:$J$344,2,FALSE) -> Monster.Name.hellfire_drone_2 | E45: Ranger | F45: Fac_nul_ind | G45: TRUE | H45: FALSE | I45: FALSE | J45: 10 | K45: =VLOOKUP($A45,쿼리1[[ID]:[열1]],3,FALSE) -> 10 | L45: Daily.Gold2.hellfire_drone_3.attack01 | O45: Daily.Gold2.hellfire_drone_3.skill01 | S45: Daily.Gold2.hellfire_drone_3.passive01 | V45: FALSE | W45: ="Character/Prefabs/"&VLOOKUP($C45,'#Data'!$B$3:$I$344,8,FALSE) -> Character/Prefabs/m_s_ranger_hellfire_drone_2 | Y45: =VLOOKUP($C45,'#Data'!$B$3:$I$344,8,FALSE) -> m_s_ranger_hellfire_drone_2 | AC45: 0.7 | AG45: AttributeNone
A46: 1110302003 | B46: Daily.Gold | C46: 헤비트루퍼런처 | D46: ="Monster.Name."&VLOOKUP($C46,'#Data'!$B$2:$J$344,2,FALSE) -> Monster.Name.heavy_trooper_launcher_1 | E46: Ranger | F46: Fac_nul_ind | G46: TRUE | H46: TRUE | I46: TRUE | J46: 10 | K46: =VLOOKUP($A46,쿼리1[[ID]:[열1]],3,FALSE) -> 10 | L46: Daily.Gold.trooper_demolisher_1.attack01 | O46: Daily.Gold.trooper_demolisher_1.skill01 | P46: Daily.Gold.trooper_demolisher_1.skill02 | Q46: Daily.Gold.trooper_demolisher_1.passive01 | V46: FALSE | W46: ="Character/Prefabs/"&VLOOKUP($C46,'#Data'!$B$3:$I$344,8,FALSE) -> Character/Prefabs/m_m_ranger_heavy_trooper_launcher_1 | Y46: =VLOOKUP($C46,'#Data'!$B$3:$I$344,8,FALSE) -> m_m_ranger_heavy_trooper_launcher_1 | AC46: 1 | AG46: AttributeNone
A47: 1110302004 | B47: Daily.Gold | C47: 헤비트루퍼라이플 | D47: ="Monster.Name."&VLOOKUP($C47,'#Data'!$B$2:$J$344,2,FALSE) -> Monster.Name.heavy_trooper_rifle_1 | E47: Ranger | F47: Fac_nul_ind | G47: TRUE | H47: FALSE | I47: FALSE | J47: 10 | K47: =VLOOKUP($A47,쿼리1[[ID]:[열1]],3,FALSE) -> 10 | L47: Daily.Gold.trooper_sniper_1.attack01 | O47: Daily.Gold.trooper_sniper_1.skill01 | V47: FALSE | W47: ="Character/Prefabs/"&VLOOKUP($C47,'#Data'!$B$3:$I$344,8,FALSE) -> Character/Prefabs/m_m_ranger_heavy_trooper_rifle_1 | Y47: =VLOOKUP($C47,'#Data'!$B$3:$I$344,8,FALSE) -> m_m_ranger_heavy_trooper_rifle_1 | AC47: 0.7 | AG47: AttributeNone
A48: 1110302005 | B48: Daily.Gold | C48: 헤비트루퍼플레임 | D48: ="Monster.Name."&VLOOKUP($C48,'#Data'!$B$2:$J$344,2,FALSE) -> Monster.Name.heavy_trooper_flame_1 | E48: Attacker | F48: Fac_nul_ind | G48: TRUE | H48: FALSE | I48: FALSE | J48: 10 | K48: =VLOOKUP($A48,쿼리1[[ID]:[열1]],3,FALSE) -> 10 | L48: Daily.Gold.trooper_inferno_1.attack01 | V48: FALSE | W48: ="Character/Prefabs/"&VLOOKUP($C48,'#Data'!$B$3:$I$344,8,FALSE) -> Character/Prefabs/m_m_attacker_heavy_trooper_flame_1 | Y48: =VLOOKUP($C48,'#Data'!$B$3:$I$344,8,FALSE) -> m_m_attacker_heavy_trooper_flame_1 | AC48: 0.7 | AG48: AttributeNone
A49: 1110302006 | B49: Daily.Gold | C49: 그리마알파 | D49: ="Monster.Name."&VLOOKUP($C49,'#Data'!$B$2:$J$344,2,FALSE) -> Monster.Name.grima_alpha_1 | E49: Attacker | F49: Fac_nul_ind | G49: TRUE | H49: FALSE | I49: FALSE | J49: 10 | K49: =VLOOKUP($A49,쿼리1[[ID]:[열1]],3,FALSE) -> 10 | L49: Daily.Gold.grima_alpha_1.attack01 | O49: Daily.Gold.grima_alpha_1.skill01 | P49: Daily.Gold.grima_alpha_1.skill02 | V49: FALSE | W49: ="Character/Prefabs/"&VLOOKUP($C49,'#Data'!$B$3:$I$344,8,FALSE) -> Character/Prefabs/m_l_attacker_grima_alpha_1 | Y49: =VLOOKUP($C49,'#Data'!$B$3:$I$344,8,FALSE) -> m_l_attacker_grima_alpha_1 | AC49: 0.6 | AG49: AttributeNone
A50: 1110302007 | B50: Daily.Gold | C50: 드레인데미스 | D50: ="Monster.Name."&VLOOKUP($C50,'#Data'!$B$2:$J$344,2,FALSE) -> Monster.Name.draindermis_1 | E50: Ranger | F50: Fac_nul_ind | G50: TRUE | H50: FALSE | I50: FALSE | J50: 10 | K50: =VLOOKUP($A50,쿼리1[[ID]:[열1]],3,FALSE) -> 10 | L50: Daily.Gold.draindermis_1.attack01 | O50: Daily.Gold.draindermis_1.skill01 | P50: Daily.Gold.draindermis_1.skill02 | V50: FALSE | W50: ="Character/Prefabs/"&VLOOKUP($C50,'#Data'!$B$3:$I$344,8,FALSE) -> Character/Prefabs/m_l_ranger_draindermis_1 | Y50: =VLOOKUP($C50,'#Data'!$B$3:$I$344,8,FALSE) -> m_l_ranger_draindermis_1 | AC50: 0.7 | AG50: AttributeNone
A51: 1110302008 | B51: Daily.Gold | C51: 그리마베타 | D51: ="Monster.Name."&VLOOKUP($C51,'#Data'!$B$2:$J$344,2,FALSE) -> Monster.Name.grima_beta_1 | E51: Attacker | F51: Fac_nul_ind | G51: TRUE | H51: FALSE | I51: FALSE | J51: 10 | K51: =VLOOKUP($A51,쿼리1[[ID]:[열1]],3,FALSE) -> 10 | L51: Daily.Gold.grima_beta_1.attack01 | O51: Daily.Gold.grima_beta_1.skill01 | P51: Daily.Gold.grima_beta_1.skill02 | V51: FALSE | W51: ="Character/Prefabs/"&VLOOKUP($C51,'#Data'!$B$3:$I$344,8,FALSE) -> Character/Prefabs/m_l_attacker_grima_beta_1 | Y51: =VLOOKUP($C51,'#Data'!$B$3:$I$344,8,FALSE) -> m_l_attacker_grima_beta_1 | AC51: 0.6 | AG51: AttributeNone
A52: 1110302009 | B52: Daily.Gold | C52: 연구소임팩트 | D52: ="Monster.Name."&VLOOKUP($C52,'#Data'!$B$2:$J$344,2,FALSE) -> Monster.Name.labmecha_punch_1 | E52: Tanker | F52: Fac_nul_ind | G52: TRUE | H52: FALSE | I52: FALSE | J52: 10 | K52: =VLOOKUP($A52,쿼리1[[ID]:[열1]],3,FALSE) -> 10 | L52: Daily.Gold.labmecha_punch_1.attack01 | O52: Daily.Gold.labmecha_punch_1.skill01 | V52: FALSE | W52: ="Character/Prefabs/"&VLOOKUP($C52,'#Data'!$B$3:$I$344,8,FALSE) -> Character/Prefabs/m_l_tanker_labmecha_punch_1 | Y52: =VLOOKUP($C52,'#Data'!$B$3:$I$344,8,FALSE) -> m_l_tanker_labmecha_punch_1 | AC52: 0.7 | AG52: AttributeNone
A53: 1110302010 | B53: Daily.Gold | C53: 연구소캐논 | D53: ="Monster.Name."&VLOOKUP($C53,'#Data'!$B$2:$J$344,2,FALSE) -> Monster.Name.harbor_cannon_1 | E53: Ranger | F53: Fac_nul_ind | G53: TRUE | H53: FALSE | I53: FALSE | J53: 10 | K53: =VLOOKUP($A53,쿼리1[[ID]:[열1]],3,FALSE) -> 20 | L53: Daily.Gold.harbor_cannon_1.attack01 | V53: FALSE | W53: ="Character/Prefabs/"&VLOOKUP($C53,'#Data'!$B$3:$I$344,8,FALSE) -> Character/Prefabs/m_m_ranger_harbor_cannon_1 | Y53: =VLOOKUP($C53,'#Data'!$B$3:$I$344,8,FALSE) -> m_m_ranger_harbor_cannon_1 | AC53: 0.6 | AG53: AttributeNone
A54: 1110303001 | B54: Daily.Atk | C54: 헬파이어드론 | D54: Monster.Name.Atk.Sub.drone_1 | E54: None | F54: Fac_nul_ind | G54: TRUE | H54: FALSE | I54: FALSE | J54: 10 | K54: =VLOOKUP($A54,쿼리1[[ID]:[열1]],3,FALSE) -> 10 | L54: Daily.Atk.hellfire_drone_3.attack01 | O54: Daily.Atk.hellfire_drone_3.passive01 | V54: FALSE | W54: ="Character/Prefabs/"&VLOOKUP($C54,'#Data'!$B$3:$I$344,8,FALSE) -> Character/Prefabs/m_s_ranger_hellfire_drone_3 | Y54: =VLOOKUP($C54,'#Data'!$B$3:$I$344,8,FALSE) -> m_s_ranger_hellfire_drone_3 | AC54: 0.7 | AG54: AttributeNone
A55: 1110303002 | B55: Daily.Atk | C55: 리제네이션드론 | D55: Monster.Name.Atk.Sub.drone_2 | E55: None | F55: Fac_nul_ind | G55: TRUE | H55: FALSE | I55: FALSE | J55: 10 | K55: =VLOOKUP($A55,쿼리1[[ID]:[열1]],3,FALSE) -> 10 | L55: Daily.Atk.regeneration_drone_3.attack01 | O55: Daily.Atk.regeneration_drone_3.passive01 | V55: FALSE | W55: ="Character/Prefabs/"&VLOOKUP($C55,'#Data'!$B$3:$I$344,8,FALSE) -> Character/Prefabs/m_s_supporter_regeneration_drone_3 | Y55: =VLOOKUP($C55,'#Data'!$B$3:$I$344,8,FALSE) -> m_s_supporter_regeneration_drone_3 | AC55: 0.7 | AG55: AttributeNone
A56: 1110303003 | B56: Daily.Atk | C56: 쉘터청소부g1 | D56: ="Monster.Name."&VLOOKUP($C56,'#Data'!$B$2:$J$344,2,FALSE) -> Monster.Name.shelter_sweeper_g_1 | E56: Tanker | F56: Fac_nul_ind | G56: TRUE | H56: TRUE | I56: TRUE | J56: 20 | K56: =VLOOKUP($A56,쿼리1[[ID]:[열1]],3,FALSE) -> 10 | L56: Daily.Atk.shelter_sweeper_g_1.attack01 | O56: Daily.Atk.shelter_sweeper_g_1.skill01 | P56: Daily.Atk.shelter_sweeper_g_1.skill02 | Q56: Daily.Atk.Boss.passive01 | S56: Daily.Atk.Boss.End.passive01 | V56: FALSE | W56: ="Character/Prefabs/"&VLOOKUP($C56,'#Data'!$B$3:$I$344,8,FALSE) -> Character/Prefabs/m_m_tanker_shelter_sweeper_g_1 | Y56: =VLOOKUP($C56,'#Data'!$B$3:$I$344,8,FALSE) -> m_m_tanker_shelter_sweeper_g_1 | AC56: 1 | AG56: AttributeNone
A57: 1110304001 | B57: Daily.Def | C57: 브레인헌터 | D57: ="Monster.Name."&VLOOKUP($C57,'#Data'!$B$2:$J$344,2,FALSE) -> Monster.Name.brain_hunter_1 | E57: Attacker | F57: Fac_nul_ind | G57: TRUE | H57: FALSE | I57: FALSE | J57: 10 | K57: =VLOOKUP($A57,쿼리1[[ID]:[열1]],3,FALSE) -> 10 | L57: Daily.Def.brain_hunter_1.attack01 | O57: Daily.Def.brain_hunter_1.skill01 | P57: Daily.Def.DamageUp.passive01 | V57: FALSE | W57: ="Character/Prefabs/"&VLOOKUP($C57,'#Data'!$B$3:$I$344,8,FALSE) -> Character/Prefabs/m_s_attacker_brain_hunter_1 | Y57: =VLOOKUP($C57,'#Data'!$B$3:$I$344,8,FALSE) -> m_s_attacker_brain_hunter_1 | AC57: 1 | AG57: AttributeNone
A58: 1110304002 | B58: Daily.Def | C58: 오염체익스플로더 | D58: ="Monster.Name."&VLOOKUP($C58,'#Data'!$B$2:$J$344,2,FALSE) -> Monster.Name.polluter_exploder_1 | E58: Attacker | F58: Fac_nul_ind | G58: TRUE | H58: FALSE | I58: FALSE | J58: 10 | K58: =VLOOKUP($A58,쿼리1[[ID]:[열1]],3,FALSE) -> 10 | L58: Daily.Def.polluter_exploder_1.attack01 | O58: Daily.Def.polluter_exploder_1.skill01 | P58: Daily.Def.DamageUp.passive01 | V58: FALSE | W58: ="Character/Prefabs/"&VLOOKUP($C58,'#Data'!$B$3:$I$344,8,FALSE) -> Character/Prefabs/m_s_attacker_polluter_exploder_1 | Y58: =VLOOKUP($C58,'#Data'!$B$3:$I$344,8,FALSE) -> m_s_attacker_polluter_exploder_1 | AC58: 1.5 | AG58: AttributeNone
A59: 1110305001 | B59: Daily.Seed | C59: 헤비트루퍼플레임 | D59: ="Monster.Name."&VLOOKUP($C59,'#Data'!$B$2:$J$344,2,FALSE) -> Monster.Name.heavy_trooper_flame_1 | E59: Attacker | F59: Fac_nul_ind | G59: TRUE | H59: FALSE | I59: FALSE | J59: 10 | K59: =VLOOKUP($A59,쿼리1[[ID]:[열1]],3,FALSE) -> 10 | L59: Daily.Seed.trooper_inferno_1.attack01 | O59: Daily.Seed.trooper_inferno_1.skill01 | V59: FALSE | W59: ="Character/Prefabs/"&VLOOKUP($C59,'#Data'!$B$3:$I$344,8,FALSE) -> Character/Prefabs/m_m_attacker_heavy_trooper_flame_1 | Y59: =VLOOKUP($C59,'#Data'!$B$3:$I$344,8,FALSE) -> m_m_attacker_heavy_trooper_flame_1 | AC59: 0.7 | AG59: AttributeNone
A60: 1110305002 | B60: Daily.Seed | C60: 헤비트루퍼라이플 | D60: ="Monster.Name."&VLOOKUP($C60,'#Data'!$B$2:$J$344,2,FALSE) -> Monster.Name.heavy_trooper_rifle_1 | E60: Ranger | F60: Fac_nul_ind | G60: TRUE | H60: FALSE | I60: FALSE | J60: 10 | K60: =VLOOKUP($A60,쿼리1[[ID]:[열1]],3,FALSE) -> 10 | L60: Daily.Seed.trooper_sniper_1.attack01 | O60: Daily.Seed.trooper_sniper_1.skill01 | V60: FALSE | W60: ="Character/Prefabs/"&VLOOKUP($C60,'#Data'!$B$3:$I$344,8,FALSE) -> Character/Prefabs/m_m_ranger_heavy_trooper_rifle_1 | Y60: =VLOOKUP($C60,'#Data'!$B$3:$I$344,8,FALSE) -> m_m_ranger_heavy_trooper_rifle_1 | AC60: 0.7 | AG60: AttributeNone
A61: 1110305003 | B61: Daily.Seed | C61: 헤비트루퍼건틀릿 | D61: ="Monster.Name."&VLOOKUP($C61,'#Data'!$B$2:$J$344,2,FALSE) -> Monster.Name.heavy_trooper_guantlet_1 | E61: Attacker | F61: Fac_nul_ind | G61: TRUE | H61: FALSE | I61: FALSE | J61: 10 | K61: =VLOOKUP($A61,쿼리1[[ID]:[열1]],3,FALSE) -> 10 | L61: Daily.Seed.trooper_champion_1.attack01 | O61: Daily.Seed.trooper_champion_1.skill01 | P61: Daily.Seed.trooper_champion_1.skill02 | V61: FALSE | W61: ="Character/Prefabs/"&VLOOKUP($C61,'#Data'!$B$3:$I$344,8,FALSE) -> Character/Prefabs/m_m_attacker_heavy_trooper_guantlet_1 | Y61: =VLOOKUP($C61,'#Data'!$B$3:$I$344,8,FALSE) -> m_m_attacker_heavy_trooper_guantlet_1 | AC61: 0.7 | AG61: AttributeNone
A62: 1110305004 | B62: Daily.Seed | C62: 헤비트루퍼실드 | D62: ="Monster.Name."&VLOOKUP($C62,'#Data'!$B$2:$J$344,2,FALSE) -> Monster.Name.heavy_trooper_shield_1 | E62: Tanker | F62: Fac_nul_ind | G62: TRUE | H62: FALSE | I62: FALSE | J62: 10 | K62: =VLOOKUP($A62,쿼리1[[ID]:[열1]],3,FALSE) -> 10 | L62: Daily.Seed.trooper_guard_1.attack01 | O62: Daily.Seed.trooper_guard_1.skill01 | V62: FALSE | W62: ="Character/Prefabs/"&VLOOKUP($C62,'#Data'!$B$3:$I$344,8,FALSE) -> Character/Prefabs/m_m_tanker_heavy_trooper_shield_1 | Y62: =VLOOKUP($C62,'#Data'!$B$3:$I$344,8,FALSE) -> m_m_tanker_heavy_trooper_shield_1 | AC62: 0.8 | AG62: AttributeNone
A63: 1110305005 | B63: Daily.Seed | C63: 친절한엣지아이볼 | D63: ="Monster.Name."&VLOOKUP($C63,'#Data'!$B$2:$J$344,2,FALSE) -> Monster.Name.friendly_edge_eyeball_1 | E63: Attacker | F63: Fac_nul_ind | G63: TRUE | H63: TRUE | I63: TRUE | J63: 10 | K63: =VLOOKUP($A63,쿼리1[[ID]:[열1]],3,FALSE) -> 10 | L63: Daily.Seed.friendly_edge_eyeball_1.attack01 | O63: Daily.Seed.friendly_edge_eyeball_1.skill01 | P63: Daily.Seed.friendly_edge_eyeball_1.passive01 | V63: FALSE | W63: ="Character/Prefabs/"&VLOOKUP($C63,'#Data'!$B$3:$I$344,8,FALSE) -> Character/Prefabs/m_m_attacker_friendly_edge_eyeball_1 | Y63: =VLOOKUP($C63,'#Data'!$B$3:$I$344,8,FALSE) -> m_m_attacker_friendly_edge_eyeball_1 | AC63: 1.5 | AG63: AttributeNone
A64: 1110305006 | B64: Daily.Seed | C64: 친절한전기아이볼 | D64: ="Monster.Name."&VLOOKUP($C64,'#Data'!$B$2:$J$344,2,FALSE) -> Monster.Name.friendly_electric_eyeball_1 | E64: Ranger | F64: Fac_nul_ind | G64: TRUE | H64: FALSE | I64: FALSE | J64: 10 | K64: =VLOOKUP($A64,쿼리1[[ID]:[열1]],3,FALSE) -> 10 | L64: Daily.Seed.friendly_electric_eyeball_1.attack01 | O64: Daily.Seed.friendly_electric_eyeball_1.skill01 | V64: FALSE | W64: ="Character/Prefabs/"&VLOOKUP($C64,'#Data'!$B$3:$I$344,8,FALSE) -> Character/Prefabs/m_m_ranger_friendly_electric_eyeball_1 | Y64: =VLOOKUP($C64,'#Data'!$B$3:$I$344,8,FALSE) -> m_m_ranger_friendly_electric_eyeball_1 | AC64: 0.9 | AG64: AttributeNone
A65: 1110305007 | B65: Daily.Seed | C65: 친절한건 | D65: ="Monster.Name."&VLOOKUP($C65,'#Data'!$B$2:$J$344,2,FALSE) -> Monster.Name.friendly_gun_1 | E65: Ranger | F65: Fac_nul_ind | G65: TRUE | H65: FALSE | I65: FALSE | J65: 10 | K65: =VLOOKUP($A65,쿼리1[[ID]:[열1]],3,FALSE) -> 10 | L65: Daily.Seed.friendly_gun_1.attack01 | O65: Daily.Seed.friendly_gun_1.skill01 | V65: FALSE | W65: ="Character/Prefabs/"&VLOOKUP($C65,'#Data'!$B$3:$I$344,8,FALSE) -> Character/Prefabs/m_m_ranger_friendly_gun_1 | Y65: =VLOOKUP($C65,'#Data'!$B$3:$I$344,8,FALSE) -> m_m_ranger_friendly_gun_1 | AC65: 0.9 | AG65: AttributeNone
A66: 1110305008 | B66: Daily.Seed | C66: 친절한핀서 | D66: ="Monster.Name."&VLOOKUP($C66,'#Data'!$B$2:$J$344,2,FALSE) -> Monster.Name.friendly_pincers_1 | E66: Attacker | F66: Fac_nul_ind | G66: TRUE | H66: FALSE | I66: FALSE | J66: 10 | K66: =VLOOKUP($A66,쿼리1[[ID]:[열1]],3,FALSE) -> 10 | L66: Daily.Seed.friendly_pincers_1.attack01 | O66: Daily.Seed.friendly_pincers_1.skill01 | V66: FALSE | W66: ="Character/Prefabs/"&VLOOKUP($C66,'#Data'!$B$3:$I$344,8,FALSE) -> Character/Prefabs/m_l_attacker_friendly_pincers_1 | Y66: =VLOOKUP($C66,'#Data'!$B$3:$I$344,8,FALSE) -> m_l_attacker_friendly_pincers_1 | AC66: 0.9 | AG66: AttributeNone
A67: 1110305009 | B67: Daily.Seed | C67: 친절한펀치 | D67: ="Monster.Name."&VLOOKUP($C67,'#Data'!$B$2:$J$344,2,FALSE) -> Monster.Name.friendly_punch_1 | E67: Tanker | F67: Fac_nul_ind | G67: TRUE | H67: FALSE | I67: FALSE | J67: 10 | K67: =VLOOKUP($A67,쿼리1[[ID]:[열1]],3,FALSE) -> 10 | L67: Daily.Seed.friendly_punch_1.attack01 | O67: Daily.Seed.friendly_punch_1.skill01 | P67: Daily.Seed.friendly_punch_1.skill02 | V67: FALSE | W67: ="Character/Prefabs/"&VLOOKUP($C67,'#Data'!$B$3:$I$344,8,FALSE) -> Character/Prefabs/m_l_tanker_friendly_punch_1 | Y67: =VLOOKUP($C67,'#Data'!$B$3:$I$344,8,FALSE) -> m_l_tanker_friendly_punch_1 | AC67: 0.6 | AG67: AttributeNone
A68: 1110305010 | B68: Daily.Seed | C68: 오염체플루터블롭런처 | D68: ="Monster.Name."&VLOOKUP($C68,'#Data'!$B$2:$J$344,2,FALSE) -> Monster.Name.polluter_bloblauncher_1 | E68: Ranger | F68: Fac_nul_ind | G68: TRUE | H68: FALSE | I68: FALSE | J68: 10 | K68: =VLOOKUP($A68,쿼리1[[ID]:[열1]],3,FALSE) -> 10 | L68: Daily.Seed.polluter_bloblauncher_1.attack01 | O68: Daily.Seed.polluter_bloblauncher_1.skill01 | V68: FALSE | W68: ="Character/Prefabs/"&VLOOKUP($C68,'#Data'!$B$3:$I$344,8,FALSE) -> Character/Prefabs/m_l_ranger_polluter_bloblauncher_1 | Y68: =VLOOKUP($C68,'#Data'!$B$3:$I$344,8,FALSE) -> m_l_ranger_polluter_bloblauncher_1 | AC68: 1.1 | AG68: AttributeNone
A69: 1110305011 | B69: Daily.Seed | C69: 오염체플루터리퀴드 | D69: ="Monster.Name."&VLOOKUP($C69,'#Data'!$B$2:$J$344,2,FALSE) -> Monster.Name.polluter_liquid_1 | E69: Ranger | F69: Fac_nul_ind | G69: TRUE | H69: FALSE | I69: FALSE | J69: 10 | K69: =VLOOKUP($A69,쿼리1[[ID]:[열1]],3,FALSE) -> 10 | L69: Daily.Seed.polluter_liquid_1.attack01 | O69: Daily.Seed.polluter_liquid_1.skill01 | V69: FALSE | W69: ="Character/Prefabs/"&VLOOKUP($C69,'#Data'!$B$3:$I$344,8,FALSE) -> Character/Prefabs/m_m_ranger_polluter_liquid_1 | Y69: =VLOOKUP($C69,'#Data'!$B$3:$I$344,8,FALSE) -> m_m_ranger_polluter_liquid_1 | AC69: 0.6 | AG69: AttributeNone
A70: 1110305012 | B70: Daily.Seed | C70: 오염체플루터포그 | D70: ="Monster.Name."&VLOOKUP($C70,'#Data'!$B$2:$J$344,2,FALSE) -> Monster.Name.polluter_fog_1 | E70: Supporter | F70: Fac_nul_ind | G70: TRUE | H70: FALSE | I70: FALSE | J70: 10 | K70: =VLOOKUP($A70,쿼리1[[ID]:[열1]],3,FALSE) -> 10 | L70: Daily.Seed.polluter_fog_1.attack01 | O70: Daily.Seed.polluter_fog_1.skill01 | V70: FALSE | W70: ="Character/Prefabs/"&VLOOKUP($C70,'#Data'!$B$3:$I$344,8,FALSE) -> Character/Prefabs/m_m_supporter_polluter_fog_1 | Y70: =VLOOKUP($C70,'#Data'!$B$3:$I$344,8,FALSE) -> m_m_supporter_polluter_fog_1 | AC70: 0.6 | AG70: AttributeNone
A71: 1110305013 | B71: Daily.Seed | C71: 오염체플루터스파이크 | D71: ="Monster.Name."&VLOOKUP($C71,'#Data'!$B$2:$J$344,2,FALSE) -> Monster.Name.polluter_spike_1 | E71: Attacker | F71: Fac_nul_ind | G71: TRUE | H71: FALSE | I71: FALSE | J71: 10 | K71: =VLOOKUP($A71,쿼리1[[ID]:[열1]],3,FALSE) -> 10 | L71: Daily.Seed.polluter_spike_1.attack01 | O71: Daily.Seed.polluter_spike_1.skill01 | P71: Daily.Seed.polluter_spike_1.skill02 | Q71: Daily.Seed.polluter_spike_1.skill03 | V71: FALSE | W71: ="Character/Prefabs/"&VLOOKUP($C71,'#Data'!$B$3:$I$344,8,FALSE) -> Character/Prefabs/m_l_attacker_polluter_spike_1 | Y71: =VLOOKUP($C71,'#Data'!$B$3:$I$344,8,FALSE) -> m_l_attacker_polluter_spike_1 | AC71: 0.5 | AG71: AttributeNone
A72: 1110305014 | B72: Daily.Seed | C72: 오염체플루터청크 | D72: ="Monster.Name."&VLOOKUP($C72,'#Data'!$B$2:$J$344,2,FALSE) -> Monster.Name.polluter_chunk_1 | E72: Attacker | F72: Fac_nul_ind | G72: TRUE | H72: FALSE | I72: FALSE | J72: 10 | K72: =VLOOKUP($A72,쿼리1[[ID]:[열1]],3,FALSE) -> 10 | L72: Daily.Seed.polluter_chunk_1.attack01 | O72: Daily.Seed.polluter_chunk_1.skill01 | V72: FALSE | W72: ="Character/Prefabs/"&VLOOKUP($C72,'#Data'!$B$3:$I$344,8,FALSE) -> Character/Prefabs/m_l_attacker_polluter_chunk_1 | Y72: =VLOOKUP($C72,'#Data'!$B$3:$I$344,8,FALSE) -> m_l_attacker_polluter_chunk_1 | AC72: 0.7 | AG72: AttributeNone
A73: 1110401001 | B73: Rotation | C73: 큐브01_01 | D73: Monster.Name.RotationCube.Tier1 | E73: None | F73: Fac_nul_ind | G73: TRUE | H73: TRUE | I73: FALSE | J73: 20 | K73: =VLOOKUP($A73,쿼리1[[ID]:[열1]],3,FALSE) -> 10 | O73: Rotation.cube_tier01_01.skill01 | Q73: Rotation.cube_tier01_01.Immun | V73: FALSE | W73: ="Character/Prefabs/"&VLOOKUP($C73,'#Data'!$B$3:$I$344,8,FALSE) -> Character/Prefabs/m_m_tanker_cube_tier01_01 | Y73: =VLOOKUP($C73,'#Data'!$B$3:$I$344,8,FALSE) -> m_m_tanker_cube_tier01_01 | AB73: Die_machine | AC73: 1 | AD73: Effect/Prefab/02.mob/cube_military_01/EFF_cube_military_01_hit_01 | AG73: AttributeNone
A74: 1110401002 | B74: Rotation | C74: 큐브01_02 | D74: Monster.Name.RotationCube.Tier1 | E74: None | F74: Fac_nul_ind | G74: TRUE | H74: TRUE | I74: FALSE | J74: 20 | K74: =VLOOKUP($A74,쿼리1[[ID]:[열1]],3,FALSE) -> 10 | O74: Rotation.cube_tier01_02.skill01 | Q74: Rotation.cube_tier01_02.Immun | V74: FALSE | W74: ="Character/Prefabs/"&VLOOKUP($C74,'#Data'!$B$3:$I$344,8,FALSE) -> Character/Prefabs/m_m_tanker_cube_tier01_02 | Y74: =VLOOKUP($C74,'#Data'!$B$3:$I$344,8,FALSE) -> m_m_tanker_cube_tier01_02 | AB74: Die_machine | AC74: 1 | AD74: Effect/Prefab/02.mob/cube_military_01/EFF_cube_military_01_hit_01 | AG74: AttributeNone
A75: 1110401003 | B75: Rotation | C75: 큐브01_03 | D75: Monster.Name.RotationCube.Tier1 | E75: None | F75: Fac_nul_ind | G75: TRUE | H75: TRUE | I75: FALSE | J75: 20 | K75: =VLOOKUP($A75,쿼리1[[ID]:[열1]],3,FALSE) -> 10 | O75: Rotation.cube_tier01_03.skill01 | Q75: Rotation.cube_tier01_03.Immun | V75: FALSE | W75: ="Character/Prefabs/"&VLOOKUP($C75,'#Data'!$B$3:$I$344,8,FALSE) -> Character/Prefabs/m_m_tanker_cube_tier01_03 | Y75: =VLOOKUP($C75,'#Data'!$B$3:$I$344,8,FALSE) -> m_m_tanker_cube_tier01_03 | AB75: Die_machine | AC75: 1 | AD75: Effect/Prefab/02.mob/cube_military_01/EFF_cube_military_01_hit_01 | AG75: AttributeNone
A76: 1110401004 | B76: Rotation | C76: 큐브01_04 | D76: Monster.Name.RotationCube.Tier1 | E76: None | F76: Fac_nul_ind | G76: TRUE | H76: TRUE | I76: FALSE | J76: 20 | K76: =VLOOKUP($A76,쿼리1[[ID]:[열1]],3,FALSE) -> 10 | O76: Rotation.cube_tier01_04.skill01 | Q76: Rotation.cube_tier01_04.Immun | V76: FALSE | W76: ="Character/Prefabs/"&VLOOKUP($C76,'#Data'!$B$3:$I$344,8,FALSE) -> Character/Prefabs/m_m_tanker_cube_tier01_04 | Y76: =VLOOKUP($C76,'#Data'!$B$3:$I$344,8,FALSE) -> m_m_tanker_cube_tier01_04 | AB76: Die_machine | AC76: 1 | AD76: Effect/Prefab/02.mob/cube_military_01/EFF_cube_military_01_hit_01 | AG76: AttributeNone
A77: 1110401005 | B77: Rotation | C77: 큐브01_05 | D77: Monster.Name.RotationCube.Tier1 | E77: None | F77: Fac_nul_ind | G77: TRUE | H77: TRUE | I77: FALSE | J77: 20 | K77: =VLOOKUP($A77,쿼리1[[ID]:[열1]],3,FALSE) -> 10 | O77: Rotation.cube_tier01_05.skill01 | Q77: Rotation.cube_tier01_05.Immun | V77: FALSE | W77: ="Character/Prefabs/"&VLOOKUP($C77,'#Data'!$B$3:$I$344,8,FALSE) -> Character/Prefabs/m_m_tanker_cube_tier01_05 | Y77: =VLOOKUP($C77,'#Data'!$B$3:$I$344,8,FALSE) -> m_m_tanker_cube_tier01_05 | AB77: Die_machine | AC77: 1 | AD77: Effect/Prefab/02.mob/cube_military_01/EFF_cube_military_01_hit_01 | AG77: AttributeNone
A78: 1110401006 | B78: Rotation | C78: 큐브02_01 | D78: Monster.Name.RotationCube.Tier2 | E78: None | F78: Fac_nul_ind | G78: TRUE | H78: TRUE | I78: FALSE | J78: 20 | K78: =VLOOKUP($A78,쿼리1[[ID]:[열1]],3,FALSE) -> 10 | O78: Rotation.cube_tier02_01.skill01 | Q78: Rotation.cube_tier02_01.Immun | V78: FALSE | W78: ="Character/Prefabs/"&VLOOKUP($C78,'#Data'!$B$3:$I$344,8,FALSE) -> Character/Prefabs/m_m_tanker_cube_tier02_01 | Y78: =VLOOKUP($C78,'#Data'!$B$3:$I$344,8,FALSE) -> m_m_tanker_cube_tier02_01 | AB78: Die_machine | AC78: 1 | AD78: Effect/Prefab/02.mob/cube_military_01/EFF_cube_military_01_hit_01 | AG78: AttributeNone
A79: 1110401007 | B79: Rotation | C79: 큐브02_02 | D79: Monster.Name.RotationCube.Tier2 | E79: None | F79: Fac_nul_ind | G79: TRUE | H79: TRUE | I79: FALSE | J79: 20 | K79: =VLOOKUP($A79,쿼리1[[ID]:[열1]],3,FALSE) -> 10 | O79: Rotation.cube_tier02_02.skill01 | Q79: Rotation.cube_tier02_02.Immun | V79: FALSE | W79: ="Character/Prefabs/"&VLOOKUP($C79,'#Data'!$B$3:$I$344,8,FALSE) -> Character/Prefabs/m_m_tanker_cube_tier02_02 | Y79: =VLOOKUP($C79,'#Data'!$B$3:$I$344,8,FALSE) -> m_m_tanker_cube_tier02_02 | AB79: Die_machine | AC79: 1 | AD79: Effect/Prefab/02.mob/cube_military_01/EFF_cube_military_01_hit_01 | AG79: AttributeNone
A80: 1110401008 | B80: Rotation | C80: 큐브02_03 | D80: Monster.Name.RotationCube.Tier2 | E80: None | F80: Fac_nul_ind | G80: TRUE | H80: TRUE | I80: FALSE | J80: 20 | K80: =VLOOKUP($A80,쿼리1[[ID]:[열1]],3,FALSE) -> 10 | O80: Rotation.cube_tier02_03.skill01 | Q80: Rotation.cube_tier02_03.Immun | V80: FALSE | W80: ="Character/Prefabs/"&VLOOKUP($C80,'#Data'!$B$3:$I$344,8,FALSE) -> Character/Prefabs/m_m_tanker_cube_tier02_03 | Y80: =VLOOKUP($C80,'#Data'!$B$3:$I$344,8,FALSE) -> m_m_tanker_cube_tier02_03 | AB80: Die_machine | AC80: 1 | AD80: Effect/Prefab/02.mob/cube_military_01/EFF_cube_military_01_hit_01 | AG80: AttributeNone
A81: 1110401009 | B81: Rotation | C81: 큐브02_04 | D81: Monster.Name.RotationCube.Tier2 | E81: None | F81: Fac_nul_ind | G81: TRUE | H81: TRUE | I81: FALSE | J81: 20 | K81: =VLOOKUP($A81,쿼리1[[ID]:[열1]],3,FALSE) -> 10 | O81: Rotation.cube_tier02_04.skill01 | Q81: Rotation.cube_tier02_04.Immun | V81: FALSE | W81: ="Character/Prefabs/"&VLOOKUP($C81,'#Data'!$B$3:$I$344,8,FALSE) -> Character/Prefabs/m_m_tanker_cube_tier02_04 | Y81: =VLOOKUP($C81,'#Data'!$B$3:$I$344,8,FALSE) -> m_m_tanker_cube_tier02_04 | AB81: Die_machine | AC81: 1 | AD81: Effect/Prefab/02.mob/cube_military_01/EFF_cube_military_01_hit_01 | AG81: AttributeNone
A82: 1110401010 | B82: Rotation | C82: 큐브02_05 | D82: Monster.Name.RotationCube.Tier2 | E82: None | F82: Fac_nul_ind | G82: TRUE | H82: TRUE | I82: FALSE | J82: 20 | K82: =VLOOKUP($A82,쿼리1[[ID]:[열1]],3,FALSE) -> 10 | O82: Rotation.cube_tier02_05.skill01 | Q82: Rotation.cube_tier02_05.Immun | V82: FALSE | W82: ="Character/Prefabs/"&VLOOKUP($C82,'#Data'!$B$3:$I$344,8,FALSE) -> Character/Prefabs/m_m_tanker_cube_tier02_05 | Y82: =VLOOKUP($C82,'#Data'!$B$3:$I$344,8,FALSE) -> m_m_tanker_cube_tier02_05 | AB82: Die_machine | AC82: 1 | AD82: Effect/Prefab/02.mob/cube_military_01/EFF_cube_military_01_hit_01 | AG82: AttributeNone
A83: 1110401011 | B83: Rotation | C83: 큐브03_01 | D83: Monster.Name.RotationCube.Tier3 | E83: None | F83: Fac_nul_ind | G83: TRUE | H83: TRUE | I83: FALSE | J83: 20 | K83: =VLOOKUP($A83,쿼리1[[ID]:[열1]],3,FALSE) -> 10 | O83: Rotation.cube_tier03_01.skill01 | Q83: Rotation.cube_tier03_01.Immun | V83: FALSE | W83: ="Character/Prefabs/"&VLOOKUP($C83,'#Data'!$B$3:$I$344,8,FALSE) -> Character/Prefabs/m_m_tanker_cube_tier03_01 | Y83: =VLOOKUP($C83,'#Data'!$B$3:$I$344,8,FALSE) -> m_m_tanker_cube_tier03_01 | AB83: Die_machine | AC83: 1 | AD83: Effect/Prefab/02.mob/cube_military_01/EFF_cube_military_01_hit_01 | AG83: AttributeNone
A84: 1110401012 | B84: Rotation | C84: 큐브03_02 | D84: Monster.Name.RotationCube.Tier3 | E84: None | F84: Fac_nul_ind | G84: TRUE | H84: TRUE | I84: FALSE | J84: 20 | K84: =VLOOKUP($A84,쿼리1[[ID]:[열1]],3,FALSE) -> 10 | O84: Rotation.cube_tier03_02.skill01 | Q84: Rotation.cube_tier03_02.Immun | V84: FALSE | W84: ="Character/Prefabs/"&VLOOKUP($C84,'#Data'!$B$3:$I$344,8,FALSE) -> Character/Prefabs/m_m_tanker_cube_tier03_02 | Y84: =VLOOKUP($C84,'#Data'!$B$3:$I$344,8,FALSE) -> m_m_tanker_cube_tier03_02 | AB84: Die_machine | AC84: 1 | AD84: Effect/Prefab/02.mob/cube_military_01/EFF_cube_military_01_hit_01 | AG84: AttributeNone
... A97: 1110401025 | B97: Rotation | C97: 큐브05_05 | D97: Monster.Name.RotationCube.Tier5 | E97: None | F97: Fac_nul_ind | G97: TRUE | H97: TRUE | I97: FALSE | J97: 20 | K97: =VLOOKUP($A97,쿼리1[[ID]:[열1]],3,FALSE) -> 10 | O97: Rotation.cube_tier05_05.skill01 | Q97: Rotation.cube_tier05_05.Immun | V97: FALSE | W97: ="Character/Prefabs/"&VLOOKUP($C97,'#Data'!$B$3:$I$344,8,FALSE) -> Character/Prefabs/m_m_tanker_cube_tier05_05 | Y97: =VLOOKUP($C97,'#Data'!$B$3:$I$344,8,FALSE) -> m_m_tanker_cube_tier05_05 | AB97: Die_machine | AC97: 1 | AD97: Effect/Prefab/02.mob/cube_military_01/EFF_cube_military_01_hit_01 | AG97: AttributeNone
A98: 1110401101 | B98: 이벤트보스 | C98: 햄버거01 | D98: ="Monster.Name."&VLOOKUP($C98,'#Data'!$B$2:$J$344,2,FALSE) -> Monster.Name.trapburger_1 | E98: None | F98: Fac_nul_ind | G98: TRUE | H98: TRUE | I98: FALSE | J98: 20 | K98: =VLOOKUP($A98,쿼리1[[ID]:[열1]],3,FALSE) -> 10 | O98: Hamberger.skill01 | P98: Hamberger.passive | V98: FALSE | W98: ="Character/Prefabs/"&VLOOKUP($C98,'#Data'!$B$3:$I$344,8,FALSE) -> Character/Prefabs/m_m_tanker_trapburger_1 | Y98: =VLOOKUP($C98,'#Data'!$B$3:$I$344,8,FALSE) -> m_m_tanker_trapburger_1 | AB98: Die_machine | AC98: 1 | AG98: AttributeNone
A99: 1110401102 | B99: 이벤트보스 | C99: 햄버거02 | D99: ="Monster.Name."&VLOOKUP($C99,'#Data'!$B$2:$J$344,2,FALSE) -> Monster.Name.trapburger_2 | E99: None | F99: Fac_nul_ind | G99: TRUE | H99: TRUE | I99: FALSE | J99: 20 | K99: =VLOOKUP($A99,쿼리1[[ID]:[열1]],3,FALSE) -> 10 | O99: Hamberger.skill01 | P99: Hamberger.passive | V99: FALSE | W99: ="Character/Prefabs/"&VLOOKUP($C99,'#Data'!$B$3:$I$344,8,FALSE) -> Character/Prefabs/m_m_tanker_trapburger_2 | Y99: =VLOOKUP($C99,'#Data'!$B$3:$I$344,8,FALSE) -> m_m_tanker_trapburger_2 | AB99: Die_machine | AC99: 1 | AG99: AttributeNone
